period_start,n_observations,mean_radiance,mean_residual,median_residual,std_residual
2020-01-06,955,153.89672107317062,7.51888286081926,7.160315753902125,68.90570720073455
2020-01-13,0,,,,
2020-01-20,0,,,,
2020-01-27,0,,,,
2020-02-03,0,,,,
2020-02-10,0,,,,
2020-02-17,0,,,,
2020-02-24,0,,,,
2020-03-02,1822,159.22368499219874,13.301874193046936,17.423443764249527,68.85695843761174
2020-03-09,5791,144.14682751937022,-1.7411124217643734,1.1263473848979118,81.31854564296263
2020-03-16,5827,148.54459387571544,2.709221007488392,8.367472672352676,81.97541401501749
2020-03-23,5679,150.2961514604115,4.514169925363333,13.637332265903154,75.08382872310347
2020-03-30,5370,155.0140974258622,9.281919643670312,16.975218446259916,76.47136071964928
2020-04-06,2723,150.62287089403526,4.930860415595044,14.373580347843756,70.75937557959539
2020-04-13,4492,149.49769525910102,3.878786921332636,10.544437029930904,76.32874808054672
2020-04-20,6005,147.64303629015208,2.0705234248995623,9.932657840394484,73.49067698937586
2020-04-27,6146,150.55057561584533,5.031640354660149,11.965217296227266,70.4659839800527
2020-05-04,6316,155.6757402715991,10.209857411535316,17.216146253784757,71.44289183080342
2020-05-11,6310,155.15311615377146,9.739472791021747,14.027667248302706,73.03887215301779
2020-05-18,6340,156.8533889375801,11.492422086638689,16.69152315734084,70.88139422501519
2020-05-25,6438,156.86312656076697,11.555511229842491,14.09731852505395,71.70346634385967
2020-06-01,6356,153.0260366949966,7.7709629352389245,12.851417668075598,75.57460586081922
2020-06-08,6523,156.87360552165399,11.671599622175634,14.218804699381195,71.63133989924488
2020-06-15,6029,162.9329603277761,17.78538219356867,19.50950416152142,69.47087703591835
2020-06-22,6474,155.6767921723515,10.579425615612896,14.979171494390371,78.39432423989429
2020-06-29,6318,161.2385515353694,16.195383944457856,18.29728326818224,70.74860474203022
2020-07-06,6283,153.68715629328707,8.696047927137936,13.113889184027556,73.79519510073507
2020-07-13,6235,151.90079995602727,6.962184384489643,11.206365887334158,74.86278080092801
2020-07-20,6159,154.145007409444,9.258747065797643,11.932009059537535,73.5778800290505
2020-07-27,6158,150.10134003191035,5.268047180860794,10.661490116851198,75.92826275685901
2020-08-03,6134,152.52983903216352,7.748952774842677,14.627703855348344,74.90799478242943
2020-08-10,6012,147.72391022093996,2.9962957288255154,10.770165717197216,73.62303901415413
2020-08-17,5335,148.04990307994726,3.3771940616985145,12.784187555344033,73.60780837725014
2020-08-24,5755,141.65718656511746,-2.965893022067915,6.971695618101961,75.64763175981273
2020-08-31,6227,149.78804905862165,5.219057294117812,13.558915151082914,82.26599975553633
2020-09-07,5924,141.6196369869173,-2.8969196071168875,7.700090921362801,78.59064008281442
2020-09-14,5847,141.1189405268719,-3.344827883669022,9.713966375125665,79.23166763289805
2020-09-21,5831,141.96848028814622,-2.4424459960816547,5.873169735289082,83.91694759838491
2020-09-28,5319,141.73858123280138,-2.6195130722416047,7.210716504132591,79.2178496131756
2020-10-05,5235,141.16369789334857,-3.1420927958717244,7.277989307192485,81.57759045409671
2020-10-12,5873,149.19491396474814,4.9414136875349755,12.569671990977213,80.7039718407328
2020-10-19,4993,148.649537945042,4.451000212017323,11.318473432158925,79.427287223727
2020-10-26,5758,141.56216227248876,-2.5850253549410143,5.145179463869226,82.67482706957726
2020-11-02,6006,142.3799338707557,-1.7151109898892891,6.823831126523359,77.3389778780441
2020-11-09,5384,145.43485039460182,1.391893473481777,7.562427245361604,79.57290221995326
2020-11-16,5544,152.219795245216,8.229840921841317,11.496053212549725,77.81633936530979
2020-11-23,3067,144.45731758289318,0.5119558767592234,5.014424262835888,76.52054579111916
2020-11-30,3954,138.0894670709312,-5.788571094405374,-0.8137398297854332,76.0445443989316
2020-12-07,5167,139.3999861604821,-4.430054296128435,-0.07342813132316905,75.8731468178254
2020-12-14,5252,139.2715430922846,-4.507909882929189,-0.6764375576140225,71.31267573726069
2020-12-21,5896,137.12115657293975,-6.604245077763696,-0.654445495233773,74.07481837504558
2020-12-28,5510,135.1785208894207,-8.493689141047804,-4.180938708698591,75.41958682527822
2021-01-04,4666,140.9721486267796,-2.6476172988130613,2.0674832396408647,71.74958042002783
2021-01-11,5583,138.24245335768356,-5.3248701246649,-1.781595695162224,74.56947032658508
2021-01-18,5418,133.73741065976188,-9.777268905365544,-5.662390199776397,76.27553993654277
2021-01-25,5686,136.3008208906487,-7.160907896027483,-2.361729563693004,73.13549838968804
2021-02-01,4838,134.82524903176392,-8.579916541533201,-4.876279942777941,74.50640583676048
2021-02-08,5398,131.19463664362632,-12.160875308681621,-8.769954877724345,74.47334435116724
2021-02-15,5249,130.7687127701826,-12.534741470220249,-8.699168675046565,78.27077327062723
2021-02-22,5613,128.0282928146017,-15.222663134273558,-10.62891414147603,75.45714093421266
2021-03-01,4566,129.3901751805229,-13.810941396058386,-13.176636477625166,80.42620594936766
2021-03-08,4522,123.67619053985312,-19.465623537451094,-17.038391113934892,82.39230044607956
2021-03-15,3921,128.36399167446845,-14.725783828681822,-11.777888696208095,83.07117853939043
2021-03-22,5289,124.37026651014247,-18.66942565378168,-14.31133055335286,82.26677885634967
2021-03-29,5266,127.04427344484833,-15.942362312343569,-10.030213635488906,77.8947175449308
2021-04-05,5098,132.86763521645665,-10.067064354891594,-5.087443710301471,77.24960219448347
2021-04-12,5272,127.81292748342696,-15.068912611289898,-8.292890222514316,80.94263285833115
2021-04-19,5213,130.92441736774163,-11.904148850542363,-5.631067124669158,78.59908084018471
2021-04-26,5406,131.96796065205962,-10.80848515711307,-5.584099845775171,75.41224490473338
2021-05-03,4961,135.22088920779345,-7.500298122910883,-2.904414800786583,74.95898226332243
2021-05-10,5588,138.14705265075202,-4.5242818990255405,-2.844972711913641,79.13364934570959
2021-05-17,5571,140.82634415552062,-1.7911646232497151,1.141651814946556,80.31008504897719
2021-05-24,5741,144.76709215927988,2.2022058811708365,6.420073390512499,72.63800206355623
2021-05-31,5734,143.16559821329426,0.6535511387817722,2.86021103494069,77.12796295638836
2021-06-07,5632,150.2877617299557,7.828343101803514,11.102294615691761,74.88271893979791
2021-06-14,3079,149.10315705981105,6.685337275172197,7.213514378578282,68.6101967619916
2021-06-21,3126,146.78758301737975,4.439552666832693,8.567963725243459,68.34770932026294
2021-06-28,4840,150.0383159914884,7.741742713158584,9.29746866311855,73.862694631355
2021-07-05,5677,151.1314753081023,8.882581254655356,11.283765246767615,74.27977242398018
2021-07-12,3929,141.93443324437848,-0.26389675795979256,4.142799058404194,74.83920692308813
2021-07-19,5440,140.90296588505015,-1.240327045804014,0.29472183407175123,77.53274631761508
2021-07-26,5284,141.8498439052446,-0.24025853402068012,1.6692011167897505,76.47177042047733
2021-08-02,5172,136.74096853517324,-5.2965753507325095,-4.190633718969366,80.53092816286366
2021-08-09,7140,134.6372699337914,-7.343594534761742,-18.479993980292818,106.21373866835096
2021-08-16,10537,145.1043886533507,3.1723528913200894,-14.527091191349342,119.94394972664313
2021-08-23,3293,144.8395716570157,2.9432253662160868,-9.91064399721904,118.35624070713733
2021-08-30,0,,,,
2021-09-06,0,,,,
2021-09-13,0,,,,
2021-09-20,0,,,,
2021-09-27,0,,,,
2021-10-04,0,,,,
2021-10-11,0,,,,
2021-10-18,0,,,,
2021-10-25,0,,,,
2021-11-01,0,,,,
2021-11-08,0,,,,
2021-11-15,0,,,,
2021-11-22,0,,,,
2021-11-29,0,,,,
2021-12-06,0,,,,
2021-12-13,0,,,,
2021-12-20,0,,,,
2021-12-27,0,,,,
2022-01-03,0,,,,
2022-01-10,0,,,,
2022-01-17,0,,,,
2022-01-24,0,,,,
2022-01-31,0,,,,
2022-02-07,0,,,,
2022-02-14,0,,,,
2022-02-21,0,,,,
2022-02-28,0,,,,
2022-03-07,0,,,,
2022-03-14,0,,,,
2022-03-21,0,,,,
2022-03-28,0,,,,
2022-04-04,0,,,,
2022-04-11,0,,,,
2022-04-18,0,,,,
2022-04-25,0,,,,
2022-05-02,0,,,,
2022-05-09,0,,,,
2022-05-16,0,,,,
2022-05-23,0,,,,
2022-05-30,0,,,,
2022-06-06,0,,,,
2022-06-13,0,,,,
2022-06-20,3799,115.76716866007476,-23.844692207391198,-35.05185986307802,86.50396785192254
2022-06-27,3593,99.09214312762828,-40.46646683420353,-47.417158313998215,73.10174940834206
2022-07-04,3446,98.92241793304285,-40.583858748313624,-48.042029290767076,73.24603538152859
2022-07-11,950,99.31621975226152,-40.15589389379858,-40.16806469272102,69.44881166263238
2022-07-18,1655,94.3803172555791,-45.008838747611236,-50.536962331069205,70.24309439724708
2022-07-25,1462,104.70563004646354,-34.65382191909037,-40.373013926617936,73.3386906926686
2022-08-01,1949,97.3422571095153,-41.95393751676019,-48.48647403692512,63.00503469489988
2022-08-08,238,130.9602441226735,-8.304261077789338,-28.517291068620388,77.46974399549165
2022-08-15,146,180.62271047095732,41.42106301024877,3.2204209020403596,110.94253331759842
2022-08-22,7,255.18374285016742,116.02632565320316,71.22088460527661,119.53685630761889
2022-08-29,0,,,,
2022-09-05,3,296.62543334960935,157.61999597122613,106.65791449746155,176.14566000946718
2022-09-12,392,162.13161371192155,23.160063597631304,-18.438554312883213,109.0402252221096
2022-09-19,1183,125.72954693598356,-13.19302665745284,-29.80793646844242,82.38481737945776
2022-09-26,1946,106.42045623685203,-32.45086057689106,-34.97876325489787,68.4059679151802
2022-10-03,1019,106.94073134133112,-31.894043503234503,-38.227365862962756,84.11528980258933
2022-10-10,639,110.16937668491418,-28.60599645215178,-25.09199647053643,64.88856331125555
2022-10-17,7671,141.07320526365723,2.352336274502811,-10.026168222199829,115.30728215804798
2022-10-24,3729,129.36405062605147,-9.297713354384722,-7.315916617969691,70.81506045167802
2022-10-31,3461,134.03299712208923,-4.5797338643416134,-3.3562814991771575,76.11840251680728
2022-11-07,4335,139.4524921168203,0.8960866025563545,0.6279608475050225,68.56910557921229
2022-11-14,10759,149.24669535076964,10.745319565198745,-5.218796634513723,124.17189863077105
2022-11-21,4756,148.78474041527315,10.317568270947612,-4.5261994424665914,127.1563319971065
2022-11-28,0,,,,
2022-12-05,0,,,,
2022-12-12,4043,150.47932496657032,12.17488563288916,-10.905056656713214,132.02842755390384
2022-12-19,4921,139.84187326382823,1.6140338918397066,-23.88163863101704,126.9995401452814
2022-12-26,1642,130.8490647886325,-7.349182477470635,-9.485418685711267,64.02031124655625
2023-01-02,319,112.74453640641836,-25.364229358513043,-87.80027257908914,123.52558013498475
2023-01-09,4852,133.33270192409682,-4.752865507519271,-17.22647842985282,90.08790691613622
2023-01-16,2612,143.82899625465663,5.788810906144958,-15.216639905917077,109.57266243608943
2023-01-23,5243,149.37531453768716,11.389914285282092,-6.017120372112657,128.58900833530302
2023-01-30,8715,138.03138696842336,0.10750752266429679,-33.36135884818361,125.55341871176748
2023-02-06,12455,133.98815964229038,-3.882447073045969,-43.132979118603714,124.59190077680273
2023-02-13,12776,144.60330320130157,6.785255777838272,-16.95760707762568,126.6223179234538
2023-02-20,8148,141.23320680898257,3.4578585897781533,-22.116371738583197,125.0134524114159
2023-02-27,3292,120.58600038271193,-17.131018414022794,-64.8674795616399,112.55151518057566
2023-03-06,570,130.1126292232045,-7.547145669889944,-29.202114778151383,115.87224573072137
2023-03-13,289,135.39698796783765,-2.221987016276701,-80.77696764587965,141.38614978865425
2023-03-20,0,,,,
2023-03-27,0,,,,
2023-04-03,127,132.57548679141547,-4.857142767885025,-30.93502025620596,117.79763352635689
2023-04-10,0,,,,
2023-04-17,2490,130.14038770070516,-7.213219811966016,-30.853930720912686,114.78228516084502
2023-04-24,1368,134.94558270549214,-2.3239790792855937,-22.278387679859023,110.41598154872474
2023-05-01,7256,128.77197652856728,-8.45788546948434,-21.603432182493705,110.27142123002687
2023-05-08,5052,135.39566561048784,-1.798166911556146,-26.782392917272944,118.69950995526168
2023-05-15,9956,135.42605064793636,-1.7069292922029788,-22.796625984000087,115.55950930995506
2023-05-22,9925,136.26212535606405,-0.8150752233325637,-25.98719265666452,117.21397939111702
2023-05-29,11882,139.0681292772895,2.0427765668753493,-19.403380081751052,117.77596249036893
2023-06-05,8708,119.08626186842211,-17.891053598701667,-74.892205515958,118.32857193178843
2023-06-12,4739,136.04170897355638,-0.8858549959607308,-28.48993984097902,121.1672644417226
2023-06-19,7791,134.90378395014955,-1.965013530022638,-35.62050545598677,121.36981881761353
2023-06-26,11113,133.64642237211274,-3.170183168534815,-37.5074768562276,118.6547230638726
2023-07-03,9731,133.4176398491617,-3.3494979374602387,-28.970340987096762,116.73792534979081
2023-07-10,7022,125.41087673255704,-11.298856282631487,-49.826284202654406,116.66300820361397
2023-07-17,4232,122.05064034489017,-14.591577734929858,-62.159758418324984,115.98865256702305
2023-07-24,9097,124.90430145817194,-11.70594758761905,-43.155992033702134,112.79703927409713
2023-07-31,3700,127.86555105755781,-8.690648946916637,-45.739382405221065,116.70449240258392
2023-08-07,0,,,,
2023-08-14,3541,119.63739086755484,-16.813258345203707,-72.42348753311215,119.43589249110994
2023-08-21,9989,125.20781715477845,-11.179932155777959,-44.90285966904651,112.11682133904223
2023-08-28,11568,133.0333105443424,-3.3093842220000003,-13.534489298112248,111.38275830545996
2023-09-04,13082,121.29187127541847,-14.996144813255134,-50.04064322250484,111.26086993801043
2023-09-11,12690,129.76156644612246,-6.475629481446878,-25.806202080565754,112.29920695011708
2023-09-18,2925,214.90137941435464,78.73414745129116,65.7209692441985,145.26153162708522
2023-09-25,3645,143.34520905503848,7.202126688066385,-14.617698150483776,122.85683657672287
2023-10-02,4190,128.9687390464473,-7.121919840108757,-36.13137657435243,115.82231804735007
2023-10-09,0,,,,
2023-10-16,0,,,,
2023-10-23,0,,,,
2023-10-30,0,,,,
2023-11-06,0,,,,
2023-11-13,477,148.91539674514993,13.133818291966568,-4.455417773456361,130.30731085568146
2023-11-20,0,,,,
2023-11-27,0,,,,
2023-12-04,1867,159.780286765852,24.169799128446343,4.862614155770444,128.15267040240306
2023-12-11,2166,148.331720220085,12.783675507146036,-7.490714395737498,128.2938424635546
2023-12-18,1724,148.71670840588632,13.21063313745192,-9.082616457763734,129.71555830097495
2023-12-25,7224,145.9855287203361,10.55078691701422,-15.87444217848767,130.26828017098927
2024-01-01,11853,140.10671810741357,4.7146399500259495,-24.298354763713064,127.3956565768264
2024-01-08,10904,140.17975101708842,4.840586349777683,-21.974725660213046,126.31634335324229
2024-01-15,11477,142.3079188517788,7.023262355631665,-18.31377505498915,127.13614942688936
2024-01-22,11970,141.24387471465937,6.01033717346889,-18.916421550917647,124.02841479701031
2024-01-29,1918,148.03543042450428,12.832049127512024,-5.835438208393128,128.14177772058932
2024-02-05,6098,139.42860659520795,4.312390335172021,-23.71020287248423,120.97194074416562
2024-02-12,9815,136.14584236786308,1.0631399091733846,-31.86687336775634,122.32462900068359
2024-02-19,5705,142.77685077262697,7.765802721733383,-18.715844465611227,122.98800375574795
2024-02-26,10766,132.67558985466897,-2.2936750174090315,-33.37309560815172,119.90003979650652
2024-03-04,11441,127.18053861874279,-7.737914018176603,-43.464975627499996,114.75556636560826
2024-03-11,9398,129.46490094074673,-5.3940023079554535,-21.842372309415794,109.14761842256421
2024-03-18,6068,129.15025404576178,-5.67561848958471,-15.265829635596461,106.88436038311387
2024-03-25,0,,,,
2024-04-01,3076,126.23123074594803,-8.465026637846085,-15.790010308463835,101.57536478057325
2024-04-08,9234,133.53853086785938,-1.1096451204832176,-12.151311394042366,110.52507758641971
2024-04-15,11269,130.0282615199213,-4.572919455558513,-21.588354633311766,111.05704903485336
2024-04-22,12268,127.75248769331648,-6.795041243234094,-28.375774127413123,109.4237038363886
2024-04-29,7549,135.3449620099206,0.8434740270112107,-12.955743267658605,111.78540143459843
2024-05-06,5346,126.82394385318207,-7.607259388534132,-36.43064442253659,113.92137812156953
2024-05-13,12380,128.3792734965138,-6.0091517470233216,-27.88710178382098,110.84516851750034
2024-05-20,3702,132.15520542171566,-2.165191401658147,-31.745636181728145,117.15382727928889
2024-05-27,11469,133.23980606322573,-1.0429522338462227,-23.190928430666276,112.84802723171741
2024-06-03,11470,129.36362518683038,-4.865459542068278,-32.961508094318944,112.99888260064958
2024-06-10,11890,133.17141497895133,-1.0067441114267728,-27.656401827418975,116.36514198679353
2024-06-17,12293,131.2117777594226,-2.9125570199994795,-32.85263352109678,115.5034353456095
2024-06-24,9751,135.49162415946623,1.4141401074303055,-21.703406522516488,116.14791396214139
2024-07-01,10161,134.51969003000664,0.49631867880827973,-26.844044942095977,117.6189684197477
2024-07-08,8728,136.89299022139593,2.9317507999008607,-20.258465114790027,117.24332365667468
2024-07-15,9338,130.0422162577028,-3.877149682167608,-34.628655152168136,116.38640664031546
2024-07-22,7716,133.69882522432712,-0.1720684564215288,-18.86926724645437,109.55701576586483
2024-07-29,4600,140.77237430472994,6.955196280407309,-6.416835769862331,115.6909861296507
2024-08-05,1085,127.85923717024139,-5.91861274010616,-41.65458990207614,120.88643183634252
2024-08-12,1759,138.77529521723102,5.078715039324679,-15.435646595237003,115.47675494559253
2024-08-19,0,,,,
2024-08-26,2015,130.96511738135857,-2.6107702973255247,-30.345358275460995,116.86611168055585
2024-09-02,11906,131.40915351943292,-2.136373632740546,-23.12743510896192,112.03628376600344
2024-09-09,6197,128.51602509347626,-4.986889702386345,-25.037958871254745,108.78936218300966
2024-09-16,9689,126.86175322550864,-6.5819128681060075,-30.224328173300336,109.6350458176939
2024-09-23,11020,131.34557445629972,-2.046506561072476,-21.005269660184908,111.96129673495874
2024-09-30,11682,130.0101359106951,-3.3252023125233694,-26.17083345494325,111.58099313072486
2024-10-07,8511,137.37947312719098,4.101059638351674,-14.379653769497494,115.86205492907521
2024-10-14,9559,137.74713590948986,4.512241388859097,-14.979485909018322,116.29942250153351
2024-10-21,4560,138.62608176917362,5.447190969100483,-11.651244745805968,115.75281371608119
2024-10-28,12091,136.66630880425086,3.5441921787785953,-25.97262974145748,119.88782689426571
2024-11-04,6577,137.06781217399043,4.000760366999632,-22.668895164146235,118.83664601710906
2024-11-11,12709,138.66644178524524,5.647667691929811,-23.928588901030025,123.8177011480599
2024-11-18,11544,141.5077890519045,8.542027947708712,-16.658460057562635,124.0843321271719
2024-11-25,5219,141.69048319997677,8.767339182446657,-12.720791142961616,118.82237377212545
2024-12-02,3171,143.54036600286747,10.675703066912108,-17.878456721888398,127.73725080731413
2024-12-09,0,,,,
2024-12-16,0,,,,
2024-12-23,0,,,,
2024-12-30,2009,154.1243358575983,21.497776922666027,16.34052541976996,117.89695363329355
2025-01-06,841,151.84132672648934,19.22030151182782,5.890606619891486,122.12548541570595
2025-01-13,0,,,,
2025-01-20,2702,145.32133385512142,12.84706979256492,-5.066553864262289,117.96239385362537
2025-01-27,1700,149.1674652674058,16.74907099316059,6.421650374503727,117.07631970934939
2025-02-03,3930,161.4148287474654,29.03834285175727,30.322942572434016,110.05057501820497
2025-02-10,3921,145.2448741116046,12.907470356286456,-3.603900992710493,123.89779756795156
2025-02-17,1108,145.84846452788756,13.58954157085348,-0.2789880792552992,121.88651204889494
2025-02-24,0,,,,
2025-03-03,3205,138.784057568626,6.61186703001787,-13.898948080409056,116.96435566670424
2025-03-10,867,136.6230741225862,4.50097676185673,-33.441097867913896,117.68678154550228
2025-03-17,0,,,,
2025-03-24,369,140.45823186445364,8.445539195283482,8.459997246323809,105.51067899520656
2025-03-31,6771,134.33943954014808,2.3650023146374917,-11.75460110242247,112.6256056085564
2025-04-07,0,,,,
2025-04-14,2543,130.6904956621117,-1.1456706521866877,-22.723119130940177,108.66183038045857
2025-04-21,5752,128.20769858592408,-3.598447619977452,-25.633570478259784,111.63444468689387
2025-04-28,13675,129.6037355776269,-2.1489890415430715,-25.231847013406522,111.89512598859886
2025-05-05,5504,129.2170128151428,-2.49842738385346,-37.62631873378021,115.21783792223337
2025-05-12,0,,,,
2025-05-19,9242,133.80666869014303,2.2206841153962085,-24.42532631689231,116.63929596873868
2025-05-26,7179,133.35123716068227,1.7973327774849772,-19.82518085744988,114.31230825708636
2025-06-02,1637,116.35275687821841,-15.116056057537824,-62.86750772134977,110.29946223361326
2025-06-09,1412,127.92159214614134,-3.4946466647047454,-55.6276390197679,122.7719804166576
2025-06-16,1671,118.76802055683056,-12.595327243361156,-74.52160050324939,125.97838783375504
2025-06-23,9251,136.15207072109445,4.829966497145793,-21.560974996051655,118.91588175408387
2025-06-30,11732,134.89394335819927,3.615449194475034,-23.461810876782025,117.62296572852904
2025-07-07,2339,115.45309494038126,-15.749887517005389,-71.74326250054301,115.24398355754353
2025-07-14,13256,126.93459657474534,-4.237960306916082,-47.215138115235,117.287302230393
2025-07-21,13218,134.93322097840658,3.8134791996367143,-25.924062785940066,119.16773884941112
2025-07-28,11951,126.94766474313572,-4.121840731939329,-42.23500677036658,116.27276248866734
2025-08-04,3479,139.22952924982232,8.226505273764598,-23.191578459392133,123.43024920996018
2025-08-11,3887,123.78473902045529,-7.172824476827889,-48.658830458910444,113.39086103142614
2025-08-18,11530,136.7951077881918,5.882882754824219,-19.206576021502656,118.93385295944941
2025-08-25,5980,128.9002770832789,-1.940670524224836,-37.40160610326389,116.27748035825589
2025-09-01,13129,132.3004952164504,1.4977965238700193,-22.98717222548862,114.57758103453594
2025-09-08,5919,133.2327840782819,2.476083741284844,-24.266918922242112,117.04932162990036
2025-09-15,1571,127.78739817890674,-2.890206374442401,-37.89733993427373,112.32290062955033
2025-09-22,441,121.71163155691964,-8.9312105311553,-33.292949109686674,118.420967481652
2025-09-29,7761,121.62008635456176,-8.969189432010221,-48.89943104882539,111.91680963585996
2025-10-06,9371,129.51517828075396,-1.0240414321529248,-25.33734973049785,112.72284934197123
2025-10-13,12369,136.6839759475692,6.199410049502701,-12.87509519462867,116.72470824090601
2025-10-20,10480,125.63763394654252,-4.799651235763047,-54.00767033541237,118.65897076669013
2025-10-27,6081,140.1278276229881,9.76072099468142,-11.443441451004375,122.32271180247176
2025-11-03,7751,133.3242120850334,2.9848396533309787,-40.1812452129425,122.17642707512842
