lag,n_pairs,autocorrelation,significance_band,granularity,lag_unit
0,232,1.0,0.1286803042025281,weekly,weeks
1,214,0.5264823567259533,0.133982841696834,weekly,weeks
2,209,0.3913340037097264,0.13557603491775064,weekly,weeks
3,209,0.15987073685737233,0.13557603491775064,weekly,weeks
4,203,-0.03407455926715379,0.1375650316433449,weekly,weeks
5,201,-0.2096464313125927,0.13824774070828524,weekly,weeks
6,199,-0.19094455358859666,0.13894071618163384,weekly,weeks
7,194,-0.25404928084849915,0.14071979908907667,weekly,weeks
8,193,-0.12767832552522781,0.14108388714674414,weekly,weeks
9,193,-0.08622028766219163,0.14108388714674414,weekly,weeks
10,190,0.0030120915230534588,0.14219334502156228,weekly,weeks
11,190,0.07882221265291776,0.14219334502156228,weekly,weeks
12,188,0.2488950327470529,0.14294769166793667,weekly,weeks
13,186,0.2747033615530143,0.14371417272092624,weekly,weeks
14,183,0.22426266265994263,0.14488736910709626,weekly,weeks
15,182,0.016991826594645234,0.14528486606557584,weekly,weeks
16,182,-0.028251682043542385,0.14528486606557584,weekly,weeks
17,181,-0.11761505309635016,0.1456856526644446,weekly,weeks
18,176,-0.07780437128177434,0.14774055884310416,weekly,weeks
19,173,-0.12063197567465506,0.14901604056886228,weekly,weeks
20,172,-0.07856858903257731,0.14944859892595258,weekly,weeks
21,171,-0.059040126192913926,0.14988494612876702,weekly,weeks
22,167,0.02191084258897472,0.1516693535766908,weekly,weeks
23,164,0.02750279382722783,0.15305028665083395,weekly,weeks
24,163,-0.05549747819337227,0.15351904819763965,weekly,weeks
25,161,-0.10976868061673249,0.15446963962286372,weekly,weeks
26,161,-0.054930752904417714,0.15446963962286372,weekly,weeks
27,160,-0.08657826818711563,0.1549516053482506,weekly,weeks
28,158,-0.135602447099513,0.15592922769844308,weekly,weeks
29,158,-0.13933074358090117,0.15592922769844308,weekly,weeks
30,157,-0.07435154015016869,0.15642502935565394,weekly,weeks
31,153,-0.05582436251123257,0.15845660835707087,weekly,weeks
32,153,-0.07680779784434867,0.15845660835707087,weekly,weeks
33,151,-0.09515177368685111,0.15950253791914726,weekly,weeks
34,147,-0.09207813522003334,0.1616580753730952,weekly,weeks
35,147,-0.03418430079801855,0.1616580753730952,weekly,weeks
36,144,-0.06859688259491249,0.16333333333333333,weekly,weeks
37,142,-0.1389522275198695,0.16447954622615107,weekly,weeks
38,142,-0.08651478850879912,0.16447954622615107,weekly,weeks
39,139,-0.1277236675881882,0.1662450302172743,weekly,weeks
40,136,0.013182690352686849,0.16806861343965865,weekly,weeks
41,136,-0.08596475464932016,0.16806861343965865,weekly,weeks
42,135,-0.043403926285811495,0.1686899413014786,weekly,weeks
43,135,-0.019819122274973996,0.1686899413014786,weekly,weeks
44,135,-0.03475523605555399,0.1686899413014786,weekly,weeks
45,135,-0.036182571938344774,0.1686899413014786,weekly,weeks
46,134,-0.08332238911410557,0.16931821141394657,weekly,weeks
47,134,-0.058973263298212154,0.16931821141394657,weekly,weeks
48,135,-0.016879069401944308,0.1686899413014786,weekly,weeks
49,133,-0.10586985621200869,0.16995355402672752,weekly,weeks
50,132,-0.06767957569023236,0.17059610283658388,weekly,weeks
51,132,-0.0649742400019758,0.17059610283658388,weekly,weeks
52,130,-0.04675608960905894,0.17190337178417772,weekly,weeks
