fold_id,hour,latitude,longitude,space_fold,time_fold,observed,predicted,rf_mean_predicted,kriged_residual_factor,rf_log_variance,kriging_log_variance,predicted_log_variance,rf_radiance_variance,kriging_radiance_variance,predicted_radiance_variance,residual,abs_error,squared_error,rf_mean_residual,baseline_predicted,baseline_residual,baseline_abs_error,baseline_squared_error
space0_time0,2020-01-03 21:00:00,37.75,18.0,0,0,171.83367919921875,168.52454242159914,168.46577997991665,1.0003488093646642,0.013489291705883574,0.016941615969694426,0.030430907675578,397.61603483862723,507.036781821976,904.6528166606032,3.3091367776196137,3.3091367776196137,10.95038621299472,3.367899219302103,161.52805982125702,10.305619377961733,10.305619377961733,106.20579076342038
space0_time0,2020-01-04 21:00:00,40.0,16.0,0,0,151.5795135498047,162.11951620255888,161.62257041096439,1.0030747301588563,0.00996916335853449,0.01694061667157832,0.02690978003011281,270.50958266717146,465.90775196251695,736.4173346296884,-10.540002652754197,10.540002652754197,111.0916559200655,-10.043056861159698,161.52805982125702,-9.94854627145233,9.94854627145233,98.97357291522805
space0_time0,2020-01-05 21:00:00,38.25,13.25,0,0,205.8083953857422,162.69665732996,163.32836946169118,0.9961322571589175,0.014122131297027921,0.01694292592939377,0.031065057226421694,388.34621718815816,473.2106645245399,861.556881712698,43.11173805578218,43.11173805578218,1858.6219581903777,42.480025924051006,161.52805982125702,44.28033556448517,44.28033556448517,1960.7481177034103
space0_time0,2020-01-14 21:00:00,39.75,15.75,0,0,165.30007934570312,164.52116717762704,164.2849317991701,1.0014379613265185,0.008774918264253103,0.016940834804235326,0.02571575306848843,244.77197717662673,478.6756419463465,723.4476191229733,0.77891216807609,0.77891216807609,0.606704165576995,1.0151475465330293,161.52805982125702,3.772019524446108,3.772019524446108,14.228131292802644
space0_time0,2020-01-23 20:00:00,41.5,18.25,0,0,163.9933624267578,168.7007838724619,166.78876803957573,1.0114636965987571,0.014718636053055307,0.01694218099600975,0.03166081704906506,435.56393963074675,509.36605641685713,944.9299960476039,-4.707421445704085,4.707421445704085,22.15981666747474,-2.795405612817916,161.52805982125702,2.4653026055007956,2.4653026055007956,6.077716936689011
space0_time0,2020-01-23 20:00:00,37.25,17.25,0,0,187.51431274414062,170.02895934203423,170.35617880141635,0.9980792040436431,0.011256282807755263,0.01694331979432474,0.02819960260208,336.61563556136934,513.8828980742691,850.4985336356384,17.485353402106398,17.485353402106398,305.7375835965538,17.158133942724277,161.52805982125702,25.986252922883608,25.986252922883608,675.2853409720768
space0_time0,2020-01-24 21:00:00,39.5,15.5,0,0,156.1530303955078,168.796698868393,169.18915722426817,0.9976803575222317,0.011480715977631579,0.01694093747846037,0.02842165345609195,338.48203946331336,506.6156336883831,845.0976731516964,-12.643668472885196,12.643668472885196,159.86235245223105,-13.03612682876036,161.52805982125702,-5.375029425749204,5.375029425749204,28.89094132766982
space0_time0,2020-01-25 21:00:00,41.75,13.5,0,0,141.12576293945312,162.35104550811815,162.29118149099983,1.0003688679604665,0.009187288085196739,0.01694123706460747,0.02612852514980421,249.7132058093988,466.52690876347253,716.2401145728713,-21.225282568665023,21.225282568665023,450.51262011967526,-21.165418551546708,161.52805982125702,-20.402296881803892,20.402296881803892,416.25371805326483
space0_time0,2020-01-25 21:00:00,37.75,12.5,0,0,154.19296264648438,157.86321047857143,158.3252779723424,0.9970815305067601,0.01714544134128946,0.016943545514292033,0.034088986855581496,445.90628540714613,448.23051953479836,894.1368049419445,-3.670247832087057,3.670247832087057,13.470719148939741,-4.1323153258580305,161.52805982125702,-7.335097174772642,7.335097174772642,53.80365056335759
space0_time0,2020-02-12 20:00:00,40.75,17.0,0,0,160.7265625,158.93131678383935,158.57804936278882,1.0022277195517924,0.011429779472587364,0.0169410143254773,0.02837079379806466,298.718694574592,449.0838427993041,747.802537373896,1.7952457161606503,1.7952457161606503,3.2229071813931665,2.1485131372111823,161.52805982125702,-0.8014973212570169,0.8014973212570169,0.6423979559821738
space0_time0,2020-02-12 20:00:00,36.75,16.5,0,0,191.43447875976562,165.38831028512462,166.34649467626554,0.9942398281790928,0.014193596201760542,0.016943688668817243,0.031137284870577785,403.376471601226,489.09024978050655,892.4667213817326,26.046168474641007,26.046168474641007,678.402892209383,25.08798408350009,161.52805982125702,29.906418938508608,29.906418938508608,894.3938937255864
space0_time0,2020-02-13 21:00:00,39.0,14.25,0,0,136.55223083496094,161.4078468773857,162.2947267138449,0.9945353749045531,0.01888016210162483,0.0169422303936206,0.03582239249524543,514.6579668994317,470.17663351646036,984.834600415892,-24.85561604242477,24.85561604242477,617.8016488484436,-25.74249587888397,161.52805982125702,-24.97582898629608,24.97582898629608,623.7920335527075
space0_time0,2020-02-22 20:00:00,40.5,16.5,0,0,127.40519714355469,165.2025599095829,164.7067987542674,1.0030099616959658,0.007622290404765701,0.0169408924195036,0.0245631828242693,214.0143536728822,481.5392197126415,695.5535733855237,-37.797362766028215,37.797362766028215,1428.640632066736,-37.30160161071271,161.52805982125702,-34.12286267770233,34.12286267770233,1164.3697573213306
space0_time0,2020-02-23 21:00:00,38.5,14.0,0,0,135.24551391601562,164.07300459736865,164.927907143,0.9948165076460339,0.015598163520491329,0.01694292592939377,0.0325410894498851,437.19143765935485,482.6736501916879,919.8650878510427,-28.827490681353027,28.827490681353027,831.0242189834955,-29.682393226984374,161.52805982125702,-26.282545905241392,26.282545905241392,690.7722192611211
space0_time0,2020-03-03 20:00:00,39.75,16.25,0,0,195.35462951660156,156.91194478506964,156.5123199099919,1.002553312578253,0.009410362920037831,0.016941354695890753,0.026351717615928583,239.00546164685133,435.9888490291103,674.9943106759616,38.442684731531926,38.442684731531926,1477.840009367958,38.84230960660966,161.52805982125702,33.826569695344546,33.826569695344546,1144.236817354002
space0_time0,2020-03-04 21:00:00,38.0,13.5,0,0,181.6340789794922,159.6989865543884,161.12073312053957,0.9911758931416516,0.009202996659493373,0.016944467304313086,0.02614746396380646,242.04115790519188,451.51209669726705,693.553254602459,21.93509242510379,21.93509242510379,481.1482796978456,20.51334585895262,161.52805982125702,20.10601915823517,20.10601915823517,404.2520063913197
space0_time1,2020-03-12 20:00:00,37.0,17.75,0,1,166.60679626464844,170.21559341991605,171.43009595586145,0.9929154648769599,0.015715716880776883,0.017462393864448363,0.033178110745225246,474.4156937066166,535.9622653578865,1010.3779590645031,-3.6087971552676095,3.6087971552676095,13.02341690786759,-4.823299691213009,158.59810707249008,8.008689192158357,8.008689192158357,64.13910257659408
space0_time1,2020-03-14 21:00:00,41.25,13.75,0,1,180.980712890625,160.18879345351385,160.24673271321114,0.9996384371854811,0.011229340144962753,0.017304253522993064,0.02853359366795582,298.16123733069594,466.0676313289649,764.2288686596609,20.791919437111147,20.791919437111147,432.3039138793203,20.733980177413855,158.59810707249008,22.38260581813492,22.38260581813492,500.98104321000716
space0_time1,2020-03-14 21:00:00,37.25,13.0,0,1,152.23287963867188,165.49252344242498,165.08816149509428,1.0024493697408015,0.018545644539985074,0.01742122345402951,0.035966867994014586,531.4375771688808,508.2745372029342,1039.712114371815,-13.259643803753107,13.259643803753107,175.81815380240818,-12.855281856422408,158.59810707249008,-6.365227433818205,6.365227433818205,40.516120284231896
space0_time1,2020-03-22 20:00:00,40.0,18.0,0,1,154.19296264648438,149.85037290842408,149.45405265269136,1.002651786610656,0.017648307941313824,0.017464683290463717,0.03511299123177754,414.1007575118695,417.0501087785815,831.150866290451,4.342589738060298,4.342589738060298,18.858085633106604,4.7389099937930155,158.59810707249008,-4.405144426005705,4.405144426005705,19.405297413969134
space0_time1,2020-03-23 20:00:00,42.25,16.0,0,1,163.33999633789062,155.96980876854872,155.36585140557298,1.0038873237427135,0.016733623470354158,0.017278667210575825,0.03401229068092998,424.6989127940763,446.05396826462675,870.752881058703,7.370187569341908,7.370187569341908,54.31966480728199,7.9741449323176425,158.59810707249008,4.741889265400545,4.741889265400545,22.485513805320917
space0_time1,2020-03-23 20:00:00,38.25,15.5,0,1,163.33999633789062,158.90514690819452,160.2366609280959,0.9916903284667238,0.013968288537103852,0.017462972172372325,0.031431260709476175,366.5272385678951,465.48792381872806,832.0151623866232,4.434849429696101,4.434849429696101,19.66788946407583,3.103335409794738,158.59810707249008,4.741889265400545,4.741889265400545,22.485513805320917
space0_time1,2020-03-24 21:00:00,40.25,13.25,0,1,188.82102966308594,154.81781078698168,154.4869497104644,1.0021416765437947,0.019738708010587216,0.017365072867252147,0.03710378087783936,495.8699496271847,444.40718065164293,940.2771302788276,34.003218876104256,34.003218876104256,1156.2188939362527,34.33407995262155,158.59810707249008,30.222922590595857,30.222922590595857,913.4250499171494
space0_time1,2020-04-01 20:00:00,39.0,17.75,0,1,171.83367919921875,154.02230004745357,153.89666844398596,1.0008163373823349,0.021470740267113618,0.01746341095365817,0.03893415122077179,535.2957166694001,443.94323689679936,979.2389535661995,17.81137915176518,17.81137915176518,317.24522728793534,17.93701075523279,158.59810707249008,13.23557212672867,13.23557212672867,175.18036952183687
space0_time1,2020-04-11 20:00:00,42.25,17.5,0,1,152.88623046875,165.49752491108654,163.7237608385898,1.0108338830198595,0.014954062799553445,0.01746141690644133,0.032415479705994774,426.256829530172,505.8619742006283,932.1188037308003,-12.611294442336543,12.611294442336543,159.0447475113086,-10.837530369839811,158.59810707249008,-5.71187660374008,5.71187660374008,32.62553433635331
space0_time1,2020-04-11 20:00:00,37.75,17.25,0,1,164.64671325683594,164.32225385384857,164.41822144988816,0.999416320191319,0.01993537125210334,0.017463338584057943,0.03739870983616128,564.4107146888198,503.75288911756036,1068.1636038063803,0.3244594029873724,0.3244594029873724,0.10527390418692213,0.2284918069477726,158.59810707249008,6.048606184345857,6.048606184345857,36.58563677330695
space0_time1,2020-04-12 20:00:00,40.0,15.0,0,1,156.1530303955078,161.13372029456997,162.2659290505831,0.9930225108706572,0.01565067802772875,0.017456789692722973,0.03310746772045173,423.33809400991925,480.0747343574069,903.4128283673261,-4.980689899062156,4.980689899062156,24.807271870619793,-6.112898655075298,158.59810707249008,-2.445076676982268,2.445076676982268,5.978399956322649
space0_time1,2020-04-13 20:00:00,37.75,12.5,0,1,160.0731964111328,158.52672033570985,158.79266574715555,0.9983252034330784,0.02071781245959651,0.01744285760284511,0.038160670062441615,546.5481121520993,469.0145968450127,1015.5627089971119,1.5464760754229587,1.5464760754229587,2.391588251855597,1.2805306639772596,158.59810707249008,1.4750893386427322,1.4750893386427322,2.175888556977453
space0_time1,2020-04-22 20:00:00,38.5,14.25,0,1,160.0731964111328,155.98137323497505,157.63750222909755,0.9894940672701371,0.020249400066042124,0.01746195256274284,0.037711352628784965,516.820811120187,454.1587131109753,970.9795242311624,4.09182317615776,4.09182317615776,16.74301690494178,2.435694182035263,158.59810707249008,1.4750893386427322,1.4750893386427322,2.175888556977453
space0_time1,2020-08-29 20:00:00,36.75,17.5,0,1,174.44711303710938,174.6456141434245,174.30793507906589,1.0019372558352289,0.01657555497776644,0.01747273913812141,0.03404829411588785,527.4420366349415,565.5378812599367,1092.9799178948783,-0.19850110631512052,0.19850110631512052,0.039402689208326784,0.13917795804348998,158.59810707249008,15.849005964619295,15.849005964619295,251.19099006653798
space0_time1,2020-08-30 20:00:00,38.75,15.25,0,1,163.33999633789062,173.32704444019927,173.35935419397217,0.9998136255529844,0.015787582066118345,0.017472620073459816,0.03326020213957816,494.2261795139484,556.1494786322339,1050.3756581461823,-9.987048102308648,9.987048102308648,99.74112979782677,-10.019357856081541,158.59810707249008,4.741889265400545,4.741889265400545,22.485513805320917
space0_time1,2020-09-09 20:00:00,41.75,16.25,0,1,179.0206298828125,177.00864148438373,176.53148727875308,1.0027029410615975,0.017122070421544122,0.017351692310761866,0.034473762732305985,560.0674035938589,577.4466707807992,1137.514074374658,2.0119883984287696,2.0119883984287696,4.048097315411965,2.489142604059424,158.59810707249008,20.42252281032242,20.42252281032242,417.07943793813956
space0_time1,2020-09-09 20:00:00,37.75,16.5,0,1,190.1277618408203,177.74780508212552,178.0014797301949,0.9985748733749076,0.01200311689301921,0.017473697702745497,0.029476814595764705,392.92819876953826,580.5073286844803,973.4355274540185,12.379956758694789,12.379956758694789,153.2633293471528,12.126282110625425,158.59810707249008,31.529654768330232,31.529654768330232,994.1191298100894
space0_time1,2020-09-10 20:00:00,39.25,14.0,0,1,173.14039611816406,169.35139524402035,169.84948739201428,0.9970674498013388,0.014684133131147364,0.017421129836223525,0.03210526296737089,438.08817502513807,528.1565794038539,966.244754428992,3.78900087414371,3.78900087414371,14.3565276242618,3.2909087261497803,158.59810707249008,14.542289045673982,14.542289045673982,211.4781706879295
space0_time2,2020-09-19 20:00:00,40.5,17.0,0,2,184.2475128173828,177.1464828049046,175.86587297344485,1.0072817415329527,0.009219691536387912,0.012094004771502574,0.021313696307890484,296.9213650245737,393.66292213995035,690.5842871645241,7.101030012478219,7.101030012478219,50.424627238116415,8.381639843937961,159.73398646582083,24.51352635156198,24.51352635156198,600.9129741887235
space0_time2,2020-09-20 20:00:00,38.0,14.75,0,2,159.41983032226562,177.0601587874039,175.93657181433488,1.0063863184412545,0.008441772125977126,0.012070021621516037,0.020511793747493165,271.2800641273307,391.8751539872104,663.1552181145412,-17.640328465138282,17.640328465138282,311.1811883579679,-16.516741492069258,159.73398646582083,-0.31415614355520916,0.31415614355520916,0.09869408253348118
space0_time2,2020-09-29 20:00:00,39.25,17.75,0,2,176.40719604492188,180.5729810564174,179.71215220543442,1.0047900425231062,0.005509736807357321,0.01222218063377065,0.01773191744112797,183.3725129789147,410.39746709679054,593.7699800757052,-4.1657850114955295,4.1657850114955295,17.353764762000807,-3.304956160512546,159.73398646582083,16.67320957910104,16.67320957910104,277.9959176686267
space0_time2,2020-09-30 20:00:00,41.0,15.5,0,2,137.8589630126953,161.5769502807142,161.41125970757614,1.0010265118644033,0.013642403476344975,0.011920024059952685,0.025562427536297658,367.889254102773,325.5767312829667,693.4659853857397,-23.717987268018874,23.717987268018874,562.5429200459054,-23.552296694880823,159.73398646582083,-21.87502345312552,21.87502345312552,478.51665107479164
space0_time2,2020-09-30 20:00:00,36.75,15.0,0,2,204.50167846679688,179.374935650211,177.44807391216875,1.0108587357166579,0.007496352205227609,0.012141116757134517,0.019637468962362126,246.9055050248542,403.83624810504574,650.7417531299,25.126742816585875,25.126742816585875,631.3532045708498,27.053604554628123,159.73398646582083,44.76769200097604,44.76769200097604,2004.1462470942542
space0_time2,2020-10-01 20:00:00,38.75,13.0,0,2,197.31471252441406,174.7594362222092,175.92600473112472,0.9933689819722874,0.010290599710306245,0.011818398577625,0.022108998287931246,322.9685715140032,375.0418474244906,698.0104189384938,22.555276302204874,22.555276302204874,508.7404890688048,21.388707793289342,159.73398646582083,37.58072605859323,37.58072605859323,1412.310971091028
space0_time2,2020-10-09 20:00:00,38.0,18.0,0,2,93.43048095703125,183.3600366408292,181.38237934534743,1.0109032492716197,0.005283403254461603,0.012262339128790968,0.01754574238325257,181.25539171569272,424.387636236852,605.6430279525448,-89.92955568379796,89.92955568379796,8087.3249854853175,-87.95189838831618,159.73398646582083,-66.30350550878958,66.30350550878958,4396.154842754091
space0_time2,2020-10-10 20:00:00,39.5,16.0,0,2,107.80439758300781,168.13454342988675,167.97312068438032,1.0009610034322676,0.012818976406643782,0.01210592243146221,0.024924898838105992,373.9198931682828,357.54866514331167,731.4685583115945,-60.330145846878935,60.330145846878935,3639.7264979056836,-60.16872310137251,159.73398646582083,-51.92958888281302,51.92958888281302,2696.6822015379776
space0_time2,2020-10-11 20:00:00,41.0,14.25,0,2,139.81903076171875,166.15871696435528,166.91009499804434,0.9954983068357972,0.013951940346017497,0.011802664158544583,0.02575460450456208,398.01468977089297,341.064155902567,739.0788456734599,-26.33968620263653,26.33968620263653,693.7790692533611,-27.091064236325593,159.73398646582083,-19.914955704102084,19.914955704102084,396.60546069634813
space0_time2,2020-10-11 20:00:00,36.75,13.75,0,2,152.88623046875,180.11548571720883,180.1572977684193,0.9997679136414211,0.005899545934292052,0.01202112357539317,0.01792066950968522,195.4273045042083,401.79555297861947,597.2228574828277,-27.229255248458827,27.229255248458827,741.4323413857226,-27.271067299669312,159.73398646582083,-6.847755997070834,6.847755997070834,46.891762195419574
space0_time2,2020-10-20 20:00:00,41.75,17.5,0,2,191.43447875976562,184.7672913809446,182.13087045984196,1.0144754204185498,0.005734276880920631,0.011991351336503999,0.01772562821742463,199.83555619605374,421.6123368669623,621.4478930630161,6.667187378821012,6.667187378821012,44.4513875443102,9.303608299923667,159.73398646582083,31.70049229394479,31.70049229394479,1004.9212116784531
space0_time2,2020-10-20 20:00:00,37.5,16.5,0,2,200.58151245117188,182.60808046613923,181.04804888221173,1.0086166716159555,0.006003840246702351,0.012216836211688531,0.018220676458390882,204.49684838575672,419.9280265685633,624.4248749543201,17.973431985032647,17.973431985032647,323.0442573205946,19.533463568960144,159.73398646582083,40.84752598535104,40.84752598535104,1668.5203791239285
space0_time2,2020-10-21 20:00:00,39.25,14.5,0,2,159.41983032226562,179.35667410427598,180.02546666469917,0.9962850113774807,0.006498751132918409,0.011977100724979728,0.018475851857898136,213.6490178918622,397.4079112043052,611.0569290961674,-19.936843782010357,19.936843782010357,397.477739988285,-20.60563634243354,159.73398646582083,-0.31415614355520916,0.31415614355520916,0.09869408253348118
space0_time2,2020-10-30 20:00:00,39.5,17.75,0,2,140.47239685058594,179.85728450414808,179.14641571240318,1.0039680882752697,0.0067672468024238845,0.012206949420807108,0.01897419622323099,223.86117873073215,407.6580078229078,631.5191865536399,-39.384887653562146,39.384887653562146,1551.169375483712,-38.674018861817245,159.73398646582083,-19.261589615234897,19.261589615234897,371.0088345057248
space0_time2,2020-10-31 20:00:00,41.25,15.75,0,2,169.87359619140625,161.27807264845785,160.7942276441817,1.003009094364674,0.01338666040807667,0.011907882027301411,0.02529454243537808,359.51605972296187,323.871352944552,683.3874126675139,8.5955235429484,8.5955235429484,73.8830249773802,9.079368547224561,159.73398646582083,10.139609725585416,10.139609725585416,102.81168538718636
space0_time2,2020-10-31 20:00:00,37.25,14.75,0,2,192.74119567871094,165.28816251770542,164.61885876914656,1.0040657780862001,0.013391254997237147,0.012093381514532165,0.025484636511769312,377.81895240429253,345.57596818280604,723.3949205870986,27.45303316100552,27.45303316100552,753.6690297392688,28.122336909564382,159.73398646582083,33.0072092128901,33.0072092128901,1089.4758600234973
space0_time2,2020-11-01 20:00:00,38.75,12.75,0,2,201.8882293701172,177.44476778224467,179.51294779116282,0.9884789368434631,0.006363496180374787,0.011778195912271618,0.018141692092646405,204.68384615029458,382.30303969945146,586.986885849746,24.44346158787252,24.44346158787252,597.4828143977994,22.37528157895437,159.73398646582083,42.15424290429635,42.15424290429635,1776.9801948344195
space0_time3,2020-11-09 20:00:00,37.25,17.75,0,3,169.87359619140625,168.28788552093337,168.155329293265,1.0007882963223678,0.01945013436347052,0.016231607135306636,0.035681741498777154,576.4412952554088,489.7112891149481,1066.1525843703569,1.5857106704728778,1.5857106704728778,2.514478330451544,1.7182668981412519,162.14268391273254,7.7309122786737134,7.7309122786737134,59.76700466054799
space0_time3,2020-11-10 20:00:00,38.75,15.75,0,3,210.3819122314453,176.50255054628653,176.37671117153164,1.0007134693345796,0.014172219314463661,0.016230048823535344,0.030402268137999004,458.3787390824977,532.9780557531411,991.3567948356388,33.879361685158784,33.879361685158784,1147.8111481938051,34.005201059913674,162.14268391273254,48.239228318712776,48.239228318712776,2327.0231487849005
space0_time3,2020-11-11 20:00:00,40.5,13.75,0,3,184.2475128173828,175.85387535310764,175.47393472916946,1.0021652254195168,0.019748054181059387,0.01622432009122527,0.035972374272284655,639.3609288292159,534.8072636210683,1174.168192450284,8.393637464275173,8.393637464275173,70.45314988168376,8.773578088213355,162.14268391273254,22.104828904650276,22.104828904650276,488.62346090386234
space0_time3,2020-11-20 20:00:00,40.25,16.5,0,3,169.87359619140625,148.31873153029173,148.83559918067198,0.9965272579058665,0.01688904258568201,0.016229527784994945,0.033118570370676954,387.3047460502084,378.3945588494441,765.6993048996525,21.55486466111452,21.55486466111452,464.6121905589636,21.037997010734273,162.14268391273254,7.7309122786737134,7.7309122786737134,59.76700466054799
space0_time3,2020-12-01 20:00:00,39.0,14.0,0,3,166.60679626464844,165.0614882350126,164.93367220774368,1.0007749541106918,0.02433712768598166,0.01623020817860933,0.04056733586459099,698.9956318845511,475.69913905018035,1174.6947709347314,1.5453080296358337,1.5453080296358337,2.3879769064569825,1.6731240569047543,162.14268391273254,4.464112351915901,4.464112351915901,19.928299090528117
space0_time3,2020-12-10 20:00:00,42.0,17.25,0,3,140.47239685058594,153.87743202749874,154.6860688922118,0.9947724001876563,0.023573452733296543,0.01623121030639357,0.039804663039690116,587.7450342771601,412.8144214354998,1000.5594557126599,-13.405035176912804,13.405035176912804,179.69496809426968,-14.21367204162587,162.14268391273254,-21.6702870621466,21.6702870621466,469.60134135583826
space0_time3,2020-12-10 20:00:00,38.0,16.5,0,3,163.9933624267578,158.64897709269525,158.3354964274008,1.0019798508380477,0.024730424702215446,0.01622995604490115,0.040960380747116595,656.5626981821176,439.79481740803715,1096.357515590155,5.344385334062565,5.344385334062565,28.562454598943035,5.657865999357,162.14268391273254,1.850678514025276,1.850678514025276,3.4250109622748033
space0_time3,2020-12-11 20:00:00,39.5,14.5,0,3,209.7285614013672,155.01416319039194,154.48732000807547,1.003410268119668,0.024350838400502124,0.016228901077395243,0.040579739477897364,616.848741851312,419.526783321208,1036.37552517252,54.71439821097525,54.71439821097525,2993.665371589171,55.241241393291716,162.14268391273254,47.58587748863465,47.58587748863465,2264.4157363633462
space0_time3,2020-12-20 20:00:00,42.75,17.5,0,3,152.88623046875,160.22183359252364,160.8179961032866,0.9962929365791865,0.012076657623990922,0.01623244242391755,0.028309100047908473,320.8556469841398,437.4175220634539,758.2731690475937,-7.335603123773637,7.335603123773637,53.81107318951755,-7.931765634536589,162.14268391273254,-9.256453443982537,9.256453443982537,85.68193036061616
space0_time3,2020-12-20 20:00:00,38.75,16.5,0,3,123.48503875732422,150.73869962407466,150.48522546853226,1.0016843790129777,0.01850904434387358,0.01622955794241761,0.03473860228629119,439.4866579812207,392.11219444177374,831.5988524229945,-27.253660866750437,27.253660866750437,742.7620306398442,-27.000186711208045,162.14268391273254,-38.65764515540832,38.65764515540832,1494.4135289614642
space0_time3,2020-12-21 20:00:00,40.0,14.5,0,3,149.6194305419922,169.03194317778835,168.5849096903672,1.0026516815072135,0.01973181565660114,0.016228230065244587,0.03596004572184573,590.2195923469536,494.2242752998934,1084.4438676468471,-19.412512635796162,19.412512635796162,376.8456468349456,-18.96547914837501,162.14268391273254,-12.523253370740349,12.523253370740349,156.8318749877595
space0_time3,2020-12-30 20:00:00,42.75,17.5,0,3,162.0332794189453,148.59089664640874,149.14378210549376,0.9962929365791866,0.01574274593536433,0.01623244242391755,0.031975188359281884,361.72166382297564,378.9845552769749,740.7062190999505,13.442382772536575,13.442382772536575,180.69765460338812,12.889497313451557,162.14268391273254,-0.10940449378722406,0.10940449378722406,0.011969343260838747
space0_time3,2020-12-30 20:00:00,38.75,16.75,0,3,152.23287963867188,152.43479248881226,152.33264622835387,1.000670547403905,0.017184912425209056,0.01622981946713119,0.033414731892340246,416.45143708131343,399.93192180368436,816.3833588849977,-0.2019128501403884,0.2019128501403884,0.04076879905181494,-0.09976658968199104,162.14268391273254,-9.909804274060662,9.909804274060662,98.20422075019096
space0_time3,2020-12-31 20:00:00,40.25,14.75,0,3,145.69927978515625,166.93270770689384,166.65297828349424,1.0016785143972868,0.017116897447378796,0.01622823006524459,0.03334512751262339,497.4067999100639,479.51046702491885,976.9172669349828,-21.233427921737587,21.233427921737587,450.85846130762536,-20.953698498337985,162.14268391273254,-16.443404127576287,16.443404127576287,270.38553930279284
space1_time0,2020-01-04 21:00:00,44.0,17.0,1,0,163.33999633789062,160.0729657230662,159.922386450619,1.0009415771974721,0.006715575723962031,0.02020644065326234,0.02692201637722437,177.36601198036666,540.9156965665468,718.2817085469135,3.267030614824421,3.267030614824421,10.673489038200033,3.417609887271624,162.70852436287296,0.6314719750176607,0.6314719750176607,0.39875685523270515
space1_time0,2020-01-05 21:00:00,46.25,15.0,1,0,154.8463134765625,165.65156646374615,165.9166701773032,0.9984021875964979,0.006975032771033683,0.0202053758813087,0.027180408652342385,197.35909162327064,579.544084436391,776.9031760596616,-10.80525298718365,10.80525298718365,116.75349211704119,-11.070356700740689,162.70852436287296,-7.862210886310464,7.862210886310464,61.814360020818775
space1_time0,2020-01-05 21:00:00,42.25,14.25,1,0,178.36727905273438,163.93847379690052,163.94623613079796,0.99995265317411,0.006197598373148245,0.020197743141955497,0.02639534151510374,171.55170624434535,566.5168353028606,738.068541547206,14.42880525583385,14.42880525583385,208.19042111077854,14.421042921936419,162.70852436287296,15.65875468986141,15.65875468986141,245.19659843725674
space1_time0,2020-01-07 21:00:00,46.75,10.5,1,0,170.52696228027344,158.87345148888548,160.3996296785205,0.9904851514140403,0.013512976332089883,0.020200381274778918,0.033713357606868805,355.16716791320636,539.9657396942405,895.1329076074469,11.653510791387959,11.653510791387959,135.8043137649956,10.127332601752926,162.70852436287296,7.818437917400473,7.818437917400473,61.12797146824545
space1_time0,2020-01-08 21:00:00,45.0,7.5,1,0,147.00599670410156,163.01034293946486,163.55250011961903,0.9966851183579732,0.006432067618194465,0.020203653366737212,0.026635720984931676,176.09463493844,560.5520471757607,736.6466821142006,-16.0043462353633,16.0043462353633,256.1390984213875,-16.546503415517464,162.70852436287296,-15.702527658771402,15.702527658771402,246.56937487448087
space1_time0,2020-01-09 21:00:00,46.0,10.5,1,0,162.0332794189453,161.84265927697425,163.21069544483052,0.9916179747649037,0.006780737548116448,0.02020061150416256,0.02698134905227901,183.0855412298036,552.8497368095447,735.9352780393483,0.19062014197106691,0.19062014197106691,0.036336038525069704,-1.1774160258852078,162.70852436287296,-0.6752449439276518,0.6752449439276518,0.4559557342998576
space1_time0,2020-01-14 21:00:00,43.75,16.75,1,0,165.30007934570312,159.24831703375125,159.09851350128676,1.0009415771974721,0.011820378091181846,0.02020644065326234,0.032026818744444185,311.3575723482892,540.8505543732538,852.208126721543,6.051762311951876,6.051762311951876,36.62382708036112,6.201565844416365,162.70852436287296,2.5915549828301607,2.5915549828301607,6.716157229031834
space1_time0,2020-01-16 21:00:00,44.5,12.0,1,0,165.95343017578125,162.34944137019696,162.9939693112969,0.9960456945503979,0.007051492644630188,0.02020070751772966,0.02725220016235985,191.6682804173533,556.6215219147168,748.2898023320702,3.6039888055842937,3.6039888055842937,12.988735310776903,2.959460864484356,162.70852436287296,3.2449058129082857,3.2449058129082857,10.529413734645983
space1_time0,2020-01-18 21:00:00,44.75,7.0,1,0,163.33999633789062,166.04682124429533,166.42107989753418,0.9977511343306434,0.007096487370117973,0.02020446382452744,0.02730095119464541,201.79161334354782,582.4274163637721,784.2190297073199,-2.706824906404705,2.706824906404705,7.326901073932841,-3.0810835596435595,162.70852436287296,0.6314719750176607,0.6314719750176607,0.39875685523270515
space1_time0,2020-01-24 21:00:00,43.5,16.25,1,0,183.5941619873047,160.87834090449678,160.49280252845762,1.0024022159870425,0.009399481205353489,0.020205491267519,0.029604972472872488,251.767106025134,549.286525173391,801.0536311985251,22.715821082807906,22.715821082807906,516.0085274661402,23.10135945884707,162.70852436287296,20.885637624431723,20.885637624431723,436.209858979078
space1_time0,2020-01-25 21:00:00,46.0,14.25,1,0,174.44711303710938,158.28156176308622,158.53487074595168,0.9984021875964979,0.01188229357963589,0.020205375881308694,0.03208766946094459,309.2282708598567,534.3409142804668,843.5691851403235,16.16555127402316,16.16555127402316,261.3250479930718,15.912242291157696,162.70852436287296,11.73858867423641,11.73858867423641,137.79446406291135
space1_time0,2020-01-26 21:00:00,44.0,11.5,1,0,111.72455596923828,161.5835687952963,162.9459957411826,0.9916387822867992,0.005892907373057645,0.02020071960691929,0.026093626979976935,158.39321780219652,550.1064314391468,708.4996492413434,-49.859012826058006,49.859012826058006,2485.921159989017,-51.22143977194432,162.70852436287296,-50.98396839363468,50.98396839363468,2599.36503316314
space1_time0,2020-02-12 20:00:00,44.75,18.0,1,0,154.8463134765625,165.66184435994793,164.09440353768179,1.009552067520122,0.005841653500848804,0.020208633940885408,0.02605028744173421,165.0301863231275,578.3997207273496,743.4299070504771,-10.815530883385435,10.815530883385435,116.97570828946412,-9.248090061119285,162.70852436287296,-7.862210886310464,7.862210886310464,61.814360020818775
space1_time0,2020-02-13 21:00:00,47.0,16.0,1,0,127.40519714355469,161.71786832881733,159.58424194371898,1.0133699064463446,0.00620590194257616,0.02020702713335562,0.02641292907593178,167.16301903035304,551.5436744783595,718.7066935087125,-34.312671185262644,34.312671185262644,1177.3594038679535,-32.17904480016429,162.70852436287296,-35.30332721931828,35.30332721931828,1246.3249127542588
space1_time0,2020-02-13 21:00:00,43.0,15.0,1,0,131.9787139892578,161.54695120276878,161.46586247725864,1.0005022035262816,0.006907943971577243,0.020203454247030895,0.027111398218608137,185.87525357512882,551.0513669372623,736.9266205123911,-29.56823721351097,29.56823721351097,874.2806519144549,-29.487148488000827,162.70852436287296,-30.72981037361515,30.72981037361515,944.3212455983454
space1_time0,2020-02-15 21:00:00,43.5,10.25,1,0,168.56687927246094,167.24088515737034,168.36318552320634,0.9933340512514752,0.005526360217183946,0.020200636122925785,0.02572699634010973,159.03685672747937,588.8667292289056,747.903585956385,1.3259941150905945,1.3259941150905945,1.7582603932548888,0.20369374925459738,162.70852436287296,5.858354909587973,5.858354909587973,34.32032224669351
space1_time0,2020-02-16 21:00:00,45.75,8.25,1,0,130.6719970703125,159.97044258152732,160.0784026982271,0.9993255797479228,0.007690252148034004,0.020203669531237693,0.027893921679271697,203.14457823634194,541.2006589534866,744.3452371898286,-29.298445511214823,29.298445511214823,858.398909373624,-29.40640562791461,162.70852436287296,-32.036527292560464,32.036527292560464,1026.3390809669716
space1_time0,2020-02-22 20:00:00,44.25,17.5,1,0,138.51231384277344,162.30585923166694,162.5596231146805,0.9984389488721038,0.007333078023375758,0.020205885516451614,0.02753896353982737,199.3003460343708,556.7831193213052,756.083465355676,-23.793545388893506,23.793545388893506,566.1328021733354,-24.047309271907068,162.70852436287296,-24.196210520099527,24.196210520099527,585.456603532975
space1_time0,2020-02-23 21:00:00,46.75,15.25,1,0,161.37991333007812,161.1627050289255,160.9025962606864,1.0016165604178173,0.005633868612192816,0.02020623707451225,0.025840105686705063,150.5850923430588,547.1150112921633,697.7001036352221,0.21720830115262402,0.21720830115262402,0.04717944608960901,0.4773170693917166,162.70852436287296,-1.3286110327948393,1.3286110327948393,1.7652072764641695
space1_time0,2020-02-23 21:00:00,42.5,14.75,1,0,156.1530303955078,164.03087946411492,163.63624053448697,1.0024116841620103,0.009590456281693584,0.02020121885674031,0.029791675138433893,267.1240941064736,571.1185501525025,838.242644258976,-7.877849068607105,7.877849068607105,62.06050594775383,-7.48321013897916,162.70852436287296,-6.555493967365152,6.555493967365152,42.9745011561609
space1_time0,2020-02-24 21:00:00,45.0,12.75,1,0,182.9407958984375,167.34897524911693,167.73212717750644,0.9977156914728444,0.006721778079742072,0.02020313889667953,0.026924916976421603,194.0367807995596,591.1150001351467,785.1517809347063,15.591820649320567,15.591820649320567,243.10487116057925,15.208668720931058,162.70852436287296,20.232271535564536,20.232271535564536,409.3448114888149
space1_time0,2020-02-25 21:00:00,43.0,10.0,1,0,163.9933624267578,156.53098144052794,157.22318335582477,0.9955973292200153,0.009541260931754482,0.020095457201188927,0.02963671813294341,241.96411314243778,517.2306694358444,759.1947825782822,7.462380986229874,7.462380986229874,55.68712998364515,6.77017907093304,162.70852436287296,1.2848380638848482,1.2848380638848482,1.6508088504073652
space1_time0,2020-02-26 21:00:00,45.25,7.75,1,0,136.55223083496094,162.35317225988032,162.67222929828876,0.9980386508515635,0.006604445380609925,0.0202050891010473,0.026809534481657227,179.40563088368617,556.2739228725059,735.679553756192,-25.800941424919387,25.800941424919387,665.6885784121213,-26.119998463327818,162.70852436287296,-26.156293527912027,26.156293527912027,684.1516911182925
space1_time0,2020-03-03 20:00:00,44.0,17.0,1,0,148.31271362304688,153.08830277690103,153.3276550858104,0.9984389488721039,0.011115112927402226,0.020205885516451614,0.03132099844385384,270.28147755316843,499.09901619720387,769.3804937503724,-4.775589153854156,4.775589153854156,22.806251766409456,-5.014941462763517,162.70852436287296,-14.39581073982609,14.39581073982609,207.2393668568922
space1_time0,2020-03-04 21:00:00,46.25,14.75,1,0,167.26016235351562,163.4784720786258,164.2897062230524,0.9950621730169437,0.0046805174887906325,0.020207020772470614,0.024887538261261246,128.54059052377582,561.9011992804086,690.4417898041844,3.781690274889826,3.781690274889826,14.301181335196286,2.9704561304632193,162.70852436287296,4.551637990642661,4.551637990642661,20.717408397861558
space1_time0,2020-03-04 21:00:00,42.25,14.25,1,0,165.95343017578125,158.28184173787866,157.01952589720227,1.0080392284555926,0.010133749856053668,0.020201602418860314,0.030335352274913983,263.03238329523026,532.3749649398562,795.4073482350865,7.671588437902585,7.671588437902585,58.85326916056063,8.933904278578979,162.70852436287296,3.2449058129082857,3.2449058129082857,10.529413734645983
space1_time0,2020-03-05 21:00:00,44.25,12.25,1,0,120.2182388305664,151.24857187846325,151.58660414996262,0.9977700386297661,0.010020512299587005,0.020200599308578697,0.0302211116081657,237.45159782756593,485.97891072412045,723.4305085516864,-31.030333047896846,31.030333047896846,962.8815690633992,-31.36836531939622,162.70852436287296,-42.49028553230656,42.49028553230656,1805.42436461694
space1_time1,2020-03-06 21:00:00,46.5,10.0,1,1,145.69927978515625,149.79636418425818,151.8619293179962,0.9863984005536192,0.020306986238962557,0.023216774044167467,0.04352376028313003,480.8030527208302,561.7938397704303,1042.5968924912604,-4.097084399101931,4.097084399101931,16.78610057336443,-6.162649532839964,160.34409696787068,-14.644817182714434,14.644817182714434,214.47067031512793
space1_time1,2020-03-14 21:00:00,45.5,14.25,1,1,154.8463134765625,159.58966538285972,161.20811897792174,0.989960470940774,0.009248562224280367,0.02321835816860003,0.0324669203928804,244.45211721006459,623.7483303566747,868.2004475667393,-4.743351906297221,4.743351906297221,22.499387306973478,-6.3618055013592425,160.34409696787068,-5.497783491308184,5.497783491308184,30.2256233173008
space1_time1,2020-03-15 21:00:00,43.75,11.5,1,1,158.1131134033203,159.00331251899811,160.66515562121478,0.989656480922754,0.00821127593087283,0.023215049406228254,0.03142632533710109,215.107496693219,617.7989761578185,832.9064728510375,-0.8901991156778024,0.8901991156778024,0.7924544655535415,-2.552042217894467,160.34409696787068,-2.230983564550371,2.230983564550371,4.97728766529388
space1_time1,2020-03-16 21:00:00,46.0,9.5,1,1,170.52696228027344,156.4482838338052,158.25321572600006,0.9885946589842447,0.00993542007014641,0.023217698828751424,0.03315311889889783,252.6302156154333,600.2405189681411,852.8707345835744,14.078678446468246,14.078678446468246,198.20918679904952,12.273746554273373,160.34409696787068,10.182865312402754,10.182865312402754,103.69074597053523
space1_time1,2020-03-23 20:00:00,46.75,16.5,1,1,180.32736206054688,150.30099921272168,152.03730205668296,0.9885797575958433,0.013932610500200308,0.023219072514921016,0.037151683015121326,328.9424655625578,558.4778377936831,887.4203033562409,30.026362847825197,30.026362847825197,901.5824658692572,28.290060003863914,160.34409696787068,19.98326509267619,19.98326509267619,399.3308837641708
space1_time1,2020-03-24 21:00:00,44.75,13.75,1,1,180.32736206054688,156.81669360942283,158.3345121786487,0.9904138488296644,0.015260879956000246,0.023218422444484948,0.038479302400485194,393.00093418110697,609.5480277555195,1002.5489619366265,23.510668451124047,23.510668451124047,552.7515310186797,21.992849881898167,160.34409696787068,19.98326509267619,19.98326509267619,399.3308837641708
space1_time1,2020-03-25 21:00:00,42.75,11.0,1,1,180.32736206054688,157.09953389480108,159.77156690265525,0.9832759166123581,0.014489521209633384,0.023215209683364796,0.03770473089299818,374.0493834024979,610.7183237355953,984.7677071380931,23.22782816574579,23.22782816574579,539.5320012974134,20.555795157891623,160.34409696787068,19.98326509267619,19.98326509267619,399.3308837641708
space1_time1,2020-03-26 21:00:00,45.25,8.75,1,1,169.87359619140625,151.71801676774507,153.01756033430706,0.991507225943723,0.009274378240152429,0.02321706685266634,0.03249144509281877,221.5569793332824,563.73059893815,785.2875782714325,18.15557942366118,18.15557942366118,329.6250642088692,16.856035857099187,160.34409696787068,9.529499223535566,9.529499223535566,90.81135545136496
space1_time1,2020-04-01 20:00:00,43.25,18.25,1,1,155.4996795654297,159.78762499709316,160.66383390471128,0.994546321432004,0.007193018023898806,0.023218655288035933,0.03041167331193474,190.00627070386196,622.7395944488107,812.7458651526726,-4.2879454316634735,4.2879454316634735,18.386476024923653,-5.164154339281595,160.34409696787068,-4.844417402440996,4.844417402440996,23.46837996907317
space1_time1,2020-04-13 20:00:00,42.25,12.5,1,1,120.2182388305664,153.50346984492583,155.39981140748142,0.9877970150325146,0.010289605186098838,0.023215465542668883,0.033505070728767725,252.01271170074546,578.2085427637542,830.2212544644997,-33.285231014359425,33.285231014359425,1107.9066036792747,-35.181572576915016,160.34409696787068,-40.12585813730428,40.12585813730428,1610.0844912550679
space1_time1,2020-09-10 20:00:00,43.5,14.25,1,1,167.26016235351562,154.16725556933693,156.9336087258827,0.9823724619665263,0.016149451518437937,0.02321849516231054,0.03936794668074847,402.4860846883488,590.1750405827211,992.6611252710699,13.092906784178695,13.092906784178695,171.4242080591925,10.326553627632933,160.34409696787068,6.916065385644941,6.916065385644941,47.83196041851611
space1_time1,2020-09-11 20:00:00,45.5,12.0,1,1,182.9407958984375,166.45798714609717,168.73032434431218,0.9865327278481488,0.014082753089008576,0.02321609373530752,0.0372988468243161,407.90323111393076,685.1161975994951,1093.019428713426,16.482808752340333,16.482808752340333,271.68298436622706,14.21047155412532,160.34409696787068,22.596698930566816,22.596698930566816,510.6108025586795
space1_time2,2020-09-13 20:00:00,45.0,7.25,1,2,187.51431274414062,159.4025101543423,159.74654568982209,0.9978463663549397,0.009632529483657726,0.012121115614743478,0.021753645098401206,251.34572523884972,319.74110659517436,571.0868318340241,28.111802589798316,28.111802589798316,790.2734448477913,27.76776705431854,163.1081819761008,24.406130768039816,24.406130768039816,595.6592190666597
space1_time2,2020-09-19 20:00:00,44.75,17.5,1,2,143.08583068847656,158.67164957069878,159.02995647546422,0.9977469219466159,0.00950051134340911,0.012121867675973728,0.02162237901938284,245.58440069311536,316.752171581571,562.3365722746864,-15.585818882222213,15.585818882222213,242.9177502294345,-15.944125786987655,163.1081819761008,-20.022351287624247,20.022351287624247,400.89455108502835
space1_time2,2020-09-20 20:00:00,46.5,15.25,1,2,190.1277618408203,154.86623788976365,157.05069003426527,0.9860907828929311,0.006761439786236834,0.012121872010690486,0.01888331179692732,165.8145569422759,300.09271655492597,465.9072734972019,35.26152395105666,35.26152395105666,1243.3750713509426,33.07707180655504,163.1081819761008,27.019579864719503,27.019579864719503,730.0576960659556
space1_time2,2020-09-20 20:00:00,42.25,15.0,1,2,182.2874298095703,179.42323078515466,181.0830725343313,0.9908338105492335,0.0031948737787572323,0.012121633291821827,0.01531650707057906,104.60606545135317,399.93804114127704,504.5441065926302,2.8641990244156545,2.8641990244156545,8.203636051463587,1.2043572752390048,163.1081819761008,19.179247833469503,19.179247833469503,367.84354745764466
space1_time2,2020-09-21 20:00:00,44.0,13.0,1,2,194.04791259765625,178.24749418719438,180.7087449109228,0.9863800131812014,0.003288237816139711,0.012122198235375008,0.01541043605151472,106.27154165747352,394.8061781500185,501.07771980749203,15.800418410461873,15.800418410461873,249.6532219456625,13.339167686733447,163.1081819761008,30.93973062155544,30.93973062155544,957.2669309344154
space1_time2,2020-09-22 20:00:00,46.0,10.75,1,2,165.95343017578125,150.79995987429274,152.36468707095565,0.9897303815815655,0.008038427533966813,0.012121243453014074,0.020159670986980887,187.27313399550258,285.2532871999681,472.5264211954707,15.153470301488511,15.153470301488511,229.6276621780943,13.588743104825596,163.1081819761008,2.845248199680441,2.845248199680441,8.09543731778479
space1_time2,2020-09-30 20:00:00,45.0,16.25,1,2,145.69927978515625,155.47765967988005,156.84804315728618,0.9912629864560575,0.0054420301272144755,0.012121867150089656,0.017563897277304133,134.2477738375898,301.66973788941743,435.9175117270072,-9.778379894723798,9.778379894723798,95.6167133655386,-11.148763372129935,163.1081819761008,-17.40890219094456,17.40890219094456,303.0698754938743
space1_time2,2020-10-01 20:00:00,47.0,14.25,1,2,165.95343017578125,154.76866603473707,157.1262238705359,0.9849957710576599,0.007474893096917338,0.012122285112167123,0.01959717820908446,183.27624338743297,300.1530799453794,483.4293233328124,11.184764141044184,11.184764141044184,125.09894889078784,8.82720630524534,163.1081819761008,2.845248199680441,2.845248199680441,8.09543731778479
space1_time2,2020-10-01 20:00:00,42.75,13.5,1,2,175.10047912597656,156.10790036671645,157.05046580084013,0.9939983276756467,0.006597615365623211,0.012121946512099512,0.018719561877722724,164.36146447146382,304.8260967721693,469.1875612436331,18.992578759260113,18.992578759260113,360.7180479266984,18.050013325136433,163.1081819761008,11.992297149875753,11.992297149875753,143.8151909309181
space1_time2,2020-10-03 20:00:00,46.25,9.5,1,2,177.7139129638672,156.72598136026753,157.89542528647448,0.9925935540938873,0.006501415975836224,0.012121326209417858,0.01862274218525408,163.22633657934182,307.16956979531807,470.3959063746599,20.987931603599662,20.987931603599662,440.4932729973775,19.81848767739271,163.1081819761008,14.605730987766378,14.605730987766378,213.32737768699903
space1_time2,2020-10-10 20:00:00,43.5,17.0,1,2,98.65735626220703,157.20900629672929,158.1519772806794,0.9940375643721696,0.006761591608320966,0.012121633816419562,0.018883225424740527,170.87312041285935,309.234717692914,480.10783810577334,-58.551650034522254,58.551650034522254,3428.2957217651697,-59.49462101847237,163.1081819761008,-64.45082571389378,64.45082571389378,4153.908935202711
space1_time2,2020-10-11 20:00:00,45.25,14.75,1,2,158.7664794921875,152.63368722130835,154.5969182449094,0.9873009692179571,0.006554382158099802,0.012121733166171288,0.01867611532427109,156.08728565709163,291.3787238199716,447.4660094770632,6.1327922708791505,6.1327922708791505,37.61114103775505,4.1695612472780965,163.1081819761008,-4.341702483913309,4.341702483913309,18.850380458819
space1_time2,2020-10-12 20:00:00,43.25,12.0,1,2,109.76448059082031,156.43044073538084,158.5909941444605,0.9863765693585882,0.005523410237655187,0.012121494022690842,0.01764490426034603,137.9471931835414,305.4185200627725,443.3657132463139,-46.66596014456053,46.66596014456053,2177.7118362137116,-48.82651355364018,163.1081819761008,-53.3437013852805,53.3437013852805,2845.5504774819765
space1_time2,2020-10-13 20:00:00,44.25,10.25,1,2,154.8463134765625,158.90137850663712,160.7518599535461,0.9884885845336799,0.007161538312421451,0.012121048191273293,0.019282586503694743,185.0086382607514,316.16570230685284,501.17434056760425,-4.055065030074616,4.055065030074616,16.44355239813404,-5.905546476983602,163.1081819761008,-8.26186849953831,8.26186849953831,68.2584711036634
space1_time2,2020-10-20 20:00:00,45.5,18.25,1,2,137.8589630126953,162.4050816098247,162.98365414732933,0.9964501192433591,0.009792929915335449,0.012121910131484389,0.021914840046819838,265.3124388165542,332.02875422462785,597.3411930411821,-24.54611859712938,24.54611859712938,602.5119381843407,-25.12469113463402,163.1081819761008,-25.249218963405497,25.249218963405497,637.5230582619957
space1_time2,2020-10-21 20:00:00,43.25,15.25,1,2,187.51431274414062,178.3450742573796,179.98123432144413,0.9909092741238658,0.007749260802804049,0.012121499695297897,0.019870760498101946,252.40391928369255,398.75727981903805,651.1611991027306,9.169238486761031,9.169238486761031,84.07493442709973,7.533078422696491,163.1081819761008,24.406130768039816,24.406130768039816,595.6592190666597
space1_time2,2020-10-22 20:00:00,45.0,13.25,1,2,188.1676788330078,168.58698356268025,170.91484145037134,0.9863800131812015,0.015866237814533304,0.012122198235375007,0.027988436049908312,467.44135067725307,362.16815936632383,829.6095100435768,19.580695270327567,19.580695270327567,383.40362726942834,17.25283738263647,163.1081819761008,25.059496856907003,25.059496856907003,627.978382721332
space1_time2,2020-10-23 20:00:00,46.75,11.25,1,2,146.35263061523438,150.80763454322513,152.66645016640047,0.9878243345466586,0.006271445156983558,0.012121681286214806,0.018393126443198363,145.73533270853994,284.28637961952415,430.0217123280641,-4.455003927990759,4.455003927990759,19.847059998413094,-6.313819551166091,163.1081819761008,-16.755551360866434,16.755551360866434,280.748501406633
space1_time2,2020-10-24 20:00:00,44.25,8.5,1,2,160.0731964111328,159.99738443796915,160.08530107784983,0.999450813789344,0.010296112434075374,0.012121327582264658,0.02241744001634003,270.9396115413924,322.56559341885225,593.5052049602447,0.07581197316366683,0.07581197316366683,0.00574745527496854,-0.012104666717021928,163.1081819761008,-3.0349855649679967,3.0349855649679967,9.211137379564109
space1_time2,2020-10-31 20:00:00,45.25,16.5,1,2,186.8609619140625,156.95404903064505,157.86172802569644,0.9942501643279642,0.006795284350627853,0.012121733166171286,0.01891701751679914,171.17670077146562,308.25585774409143,479.43255851555705,29.906912883417448,29.906912883417448,894.4234382163205,28.999233888366064,163.1081819761008,23.75277993796169,23.75277993796169,564.1945547812354
space1_time2,2020-11-01 20:00:00,46.75,14.5,1,2,173.79376220703125,152.84005045390504,154.78943270183458,0.9874062317181264,0.006419455695302279,0.012122070463221862,0.01854152615852414,153.25679741446197,292.0965979660194,445.35339538048135,20.953711753126214,20.953711753126214,439.05803623309964,19.004329505196665,163.1081819761008,10.68558023093044,10.68558023093044,114.18162487165145
space1_time2,2020-11-01 20:00:00,42.75,13.5,1,2,175.7538299560547,155.08775243562434,156.59868027689967,0.9903515927554203,0.006856757286991082,0.012121860735108741,0.018978618022099825,168.6575808801188,301.00890437553653,469.6664852556553,20.66607752043035,20.66607752043035,427.0867600804366,19.155149679155016,163.1081819761008,12.645647979953878,12.645647979953878,159.9124128329116
space1_time2,2020-11-02 20:00:00,44.5,11.5,1,2,175.7538299560547,156.85363630759247,159.02786723040168,0.9863279879138468,0.011177192563345937,0.012121732870324024,0.02329892543366996,283.05437226820266,310.571456868351,593.6258291365536,18.90019364846222,18.90019364846222,357.21731994937164,16.725962725653005,163.1081819761008,12.645647979953878,12.645647979953878,159.9124128329116
space1_time3,2020-11-03 20:00:00,46.0,9.5,1,3,166.60679626464844,150.084184483163,151.92268413711875,0.9878984520027541,0.014624781175463314,0.01895008751140145,0.03357486868686477,343.17861527599507,452.20501950669865,795.3836347826937,16.522611781485438,16.522611781485438,272.9967000816814,14.684112127529687,165.2668036961893,1.339992568459138,1.339992568459138,1.7955800835257179
space1_time3,2020-11-10 20:00:00,47.0,17.25,1,3,207.7684783935547,154.4963332065694,156.18369691026194,0.9891962878515925,0.014252559935979823,0.01895008751140145,0.03320264744738127,354.19916684792366,478.8269266664715,833.0260935143951,53.272145186985284,53.272145186985284,2837.921452823239,51.584781483292744,165.2668036961893,42.50167469736539,42.50167469736539,1806.3923520806693
space1_time3,2020-11-10 20:00:00,43.0,16.5,1,3,169.87359619140625,170.85973725314597,172.5786856910875,0.9900396249336471,0.013888539681281105,0.01895008751140145,0.03283862719268255,421.90729582005713,585.2015885841824,1007.1088844042396,-0.9861410617397155,0.9861410617397155,0.9724741936491333,-2.705089499681236,165.2668036961893,4.606792495216951,4.606792495216951,21.222537093987217
space1_time3,2020-11-11 20:00:00,44.5,14.5,1,3,201.8882293701172,165.97043759595573,167.96883402948336,0.9881025760220683,0.016937172520639067,0.01895008751140145,0.03588726003204051,487.7205778241914,555.5658150554035,1043.286392879595,35.91779177416146,35.91779177416146,1290.0877659320204,33.91939534063383,165.2668036961893,36.62142567392789,36.62142567392789,1341.1288183910247
space1_time3,2020-11-12 20:00:00,46.25,12.5,1,3,179.0206298828125,155.37305235233924,157.57044138518756,0.9860545606553409,0.009733754973259547,0.01895008751140145,0.028683842484660996,242.9989583716158,479.91975060430246,722.9187089759182,23.647577530473257,23.647577530473257,559.2079230597436,21.450188497624936,165.2668036961893,13.7538261866232,13.7538261866232,189.16773477184208
space1_time3,2020-11-13 20:00:00,43.75,9.5,1,3,154.8463134765625,157.96754276691033,158.5648174471906,0.9962332458744884,0.01840863516933172,0.01895008751140145,0.03735872268073317,481.26637507762484,504.763401521929,986.0297765995538,-3.121229290347827,3.121229290347827,9.7420722829252,-3.718503970628092,165.2668036961893,-10.4204902196268,10.4204902196268,108.58661641733778
space1_time3,2020-11-14 21:00:00,45.25,7.5,1,3,175.7538299560547,154.59963320089182,154.5799949827742,1.0001270424295188,0.012598904921962643,0.01895008751140145,0.03154899243336409,312.7447010576985,477.88432319677486,790.6290242544733,21.15419675516287,21.15419675516287,447.50004035614336,21.173834973280492,165.2668036961893,10.487026259865388,10.487026259865388,109.97771977510622
space1_time3,2020-11-20 20:00:00,44.25,17.25,1,3,189.47439575195312,148.09732477033882,150.15747944878913,0.9862800395557194,0.012019872693932962,0.01895008751140145,0.030969960205334414,273.56282150297915,438.0234399374672,711.5862614404464,41.37707098161431,41.37707098161431,1712.062003017549,39.31691630316399,165.2668036961893,24.207592055763826,24.207592055763826,586.0075131382799
space1_time3,2020-12-01 20:00:00,47.0,16.0,1,3,169.87359619140625,153.63174327481067,155.4254076667986,0.9884596449260518,0.012730271157363415,0.01895008751140145,0.03168035866876487,312.1227698006042,472.0433522927265,784.1661220933307,16.241852916595576,16.241852916595576,263.79778616432424,14.448188524607644,165.2668036961893,4.606792495216951,4.606792495216951,21.222537093987217
space1_time3,2020-12-01 20:00:00,43.0,14.75,1,3,184.90087890625,150.14539495467972,150.55210583427322,0.9972985374243707,0.01783570891096336,0.01895008751140145,0.036785796422364805,420.89038917299587,455.48966677683734,876.3800559498331,34.755483951570284,34.755483951570284,1207.9436647078596,34.34877307197678,165.2668036961893,19.6340752100607,19.6340752100607,385.49690935432017
space1_time3,2020-12-02 20:00:00,47.0,12.5,1,3,135.24551391601562,150.21047567864713,151.92904137389192,0.9886883660970687,0.01296121421752896,0.01895008751140145,0.03191130172893041,303.89430779936725,451.4617973203722,755.3561051197395,-14.964961762631503,14.964961762631503,223.950080557023,-16.683527457876295,165.2668036961893,-30.021289780173674,30.021289780173674,901.2778400651603
space1_time3,2020-12-02 20:00:00,43.25,11.5,1,3,120.2182388305664,148.86412629244307,149.18283890506098,0.9978636107547144,0.01178733033816542,0.01895008751140145,0.03073741784956687,270.9609784066807,442.365293597313,713.3262720039936,-28.64588746187667,28.64588746187667,820.5868684785029,-28.96460007449457,165.2668036961893,-45.04856486562289,45.04856486562289,2029.3731964522333
space1_time3,2020-12-03 20:00:00,46.0,11.0,1,3,149.6194305419922,152.67781492654527,154.12299926434937,0.990623175355384,0.014407248949697108,0.01895008751140145,0.033357336461098556,349.745463397819,467.7657774240228,817.5112408218417,-3.0583843845530794,3.0583843845530794,9.353715043678118,-4.503568722357187,165.2668036961893,-15.647373154197112,15.647373154197112,244.84028662668848
space1_time3,2020-12-04 20:00:00,46.25,9.25,1,3,142.43247985839844,150.62053000621367,151.8093457771113,0.9921690211836957,0.014041800982367472,0.01895008751140145,0.032991888493768926,331.5675786318938,454.912103639627,786.4796822715208,-8.188050147815233,8.188050147815233,67.04416522313706,-9.376865918712866,165.2668036961893,-22.834323837790862,22.834323837790862,521.406345129104
space1_time3,2020-12-10 20:00:00,46.25,18.0,1,3,188.82102966308594,149.65268254102259,151.6165208597121,0.9870473329189062,0.013145078531097754,0.01895008751140145,0.03209516604249921,306.00498037386717,448.2799119292843,754.2848923031515,39.16834712206335,39.16834712206335,1534.1594162744484,37.20450880337384,165.2668036961893,23.554225966896638,23.554225966896638,554.8015608996278
space1_time3,2020-12-11 20:00:00,43.75,15.25,1,3,175.10047912597656,152.99761621313974,153.85212636408642,0.9944458996366123,0.015655149513278517,0.01895008751140145,0.03460523702467996,382.3484370651197,470.9012187957168,853.2496558608365,22.102862912836827,22.102862912836827,488.53654894365764,21.248352761890146,165.2668036961893,9.833675429787263,9.833675429787263,96.70117245840171
space1_time3,2020-12-12 20:00:00,45.0,13.25,1,3,149.6194305419922,154.47823053846906,156.99256711615112,0.9839843591077672,0.014392343593596793,0.01895008751140145,0.033342431104998245,357.6642483269958,478.84857457518893,836.5128229021848,-4.8587999964768755,4.8587999964768755,23.607937405763685,-7.373136574158934,165.2668036961893,-15.647373154197112,15.647373154197112,244.84028662668848
space1_time3,2020-12-13 20:00:00,46.75,11.25,1,3,167.91351318359375,155.20913590943402,156.79394232056896,0.9898924257679883,0.012964439059527225,0.01895008751140145,0.03191452657092868,324.538951841365,482.01208457091485,806.5510364122799,12.704377274159725,12.704377274159725,161.4012019241861,11.11957086302479,165.2668036961893,2.6467094874044506,2.6467094874044506,7.005071110716729
space1_time3,2020-12-14 20:00:00,44.0,8.25,1,3,141.12576293945312,155.59049043478825,155.23532940142374,1.0022878879101422,0.013922767060655102,0.01895008751140145,0.03287285457205655,350.747798705984,485.3129242276377,836.0607229336217,-14.464727495335126,14.464727495335126,209.228341514304,-14.109566461970616,165.2668036961893,-24.141040756736174,24.141040756736174,582.7898488183971
space1_time3,2020-12-21 20:00:00,44.0,15.25,1,3,148.96607971191406,157.9814368799033,158.55498454466823,0.9963826576224518,0.011689851360053346,0.01895008751140145,0.030639938871454796,302.5998833114621,498.11358994867356,800.7134732601357,-9.015357167989237,9.015357167989237,81.2766648664149,-9.588904832754167,165.2668036961893,-16.300723984275237,16.300723984275237,265.713602411526
space1_time3,2020-12-22 20:00:00,45.5,13.25,1,3,161.37991333007812,149.62576915300914,152.0069754023053,0.984334888297106,0.018958357236323067,0.01895008751140145,0.03790844474772452,445.0411627137565,453.3591730419696,898.400335755726,11.75414417706898,11.75414417706898,138.15990533532462,9.372937927772824,165.2668036961893,-3.8868903661111744,3.8868903661111744,15.107916718167859
space1_time3,2020-12-23 20:00:00,47.0,11.25,1,3,105.19095611572266,156.00814305669573,157.60110795439203,0.9898924257679883,0.013061105613031955,0.01895008751140145,0.0320111931244334,330.3817359758067,487.08175594637845,817.4634919221851,-50.81718694097307,50.81718694097307,2582.386488593804,-52.41015183866938,165.2668036961893,-60.07584758046664,60.07584758046664,3609.1074625114597
space1_time3,2020-12-23 20:00:00,43.0,10.5,1,3,130.0186309814453,156.26296283234808,156.5711765150057,0.9980314787848061,0.012535046297269278,0.01895008751140145,0.031485133808670726,317.860575428968,488.1603567216606,806.0209321506286,-26.244331850902768,26.244331850902768,688.7649543003095,-26.55254553356039,165.2668036961893,-35.24817271474399,35.24817271474399,1242.4336797284225
space1_time3,2020-12-24 20:00:00,44.5,8.5,1,3,171.83367919921875,153.5176919088561,153.7957381656097,0.9981921068810491,0.014900233148016662,0.01895008751140145,0.033850320659418114,365.974223574466,473.392789213917,839.367012788383,18.315987290362642,18.315987290362642,335.47539042072583,18.03794103360906,165.2668036961893,6.566875503029451,6.566875503029451,43.1238538722883
space1_time3,2020-12-31 20:00:00,44.25,15.5,1,3,166.60679626464844,159.55222094465353,160.1314713017726,0.9963826576224518,0.009747146402506216,0.01895008751140145,0.028697233913907667,256.60465616122696,506.09793737564837,762.7025935368754,7.05457531999491,7.05457531999491,49.76703294548129,6.475324962875845,165.2668036961893,1.339992568459138,1.339992568459138,1.7955800835257179
space2_time0,2020-01-07 21:00:00,42.75,9.25,2,0,161.37991333007812,163.669380064546,162.56064862257466,1.0068204171880835,0.007416121469467538,0.013041546117147106,0.020457667586614645,203.52030607445727,361.58000178651616,565.1003078609734,-2.2894667344678794,2.2894667344678794,5.241657928235015,-1.1807352924965357,162.6239650539103,-1.2440517238321718,1.2440517238321718,1.5476646915697982
space2_time0,2020-01-07 21:00:00,38.75,8.25,2,0,197.31471252441406,164.00204080186535,163.2655220124715,1.004511171619796,0.0072182028992623425,0.013041546117147106,0.020259749016409447,198.83582848323528,362.9076494925621,561.7434779757973,33.312671722548714,33.312671722548714,1109.7340972942968,34.049190511942555,162.6239650539103,34.690747470503766,34.690747470503766,1203.4479600622635
space2_time0,2020-01-09 21:00:00,42.25,9.0,2,0,154.8463134765625,162.64615711399222,162.68333615838424,0.9997714637204402,0.008021395772837838,0.013041546117147106,0.02106294188998494,217.58455570275655,357.5056217025184,575.090177405275,-7.799843637429717,7.799843637429717,60.83756076835284,-7.837022681821736,162.6239650539103,-7.777651577347797,7.777651577347797,60.49186405862067
space2_time0,2020-01-09 21:00:00,38.25,7.25,2,0,173.14039611816406,163.83553827488277,163.48950120034775,1.0021165706176507,0.0072652339078248,0.013041546117147106,0.020306780024971906,199.73930252509072,362.20521013066343,561.9445126557541,9.304857843281297,9.304857843281297,86.58037948367348,9.650894917816316,162.6239650539103,10.516431064253766,10.516431064253766,110.5953223292016
space2_time0,2020-01-16 21:00:00,40.5,11.0,2,0,160.7265625,164.25028857780168,163.0722771493357,1.0072238607877364,0.007155708700458584,0.013041546117147106,0.02019725481760569,197.69298571055134,363.9616444441463,561.6546301546977,-3.5237260778016832,3.5237260778016832,12.416645471379635,-2.34571464933569,162.6239650539103,-1.8974025539102968,1.8974025539102968,3.6001364515853167
space2_time0,2020-01-26 21:00:00,40.0,10.5,2,0,143.08583068847656,161.14675529433347,161.25117653271994,0.999352431153485,0.005589641800346279,0.013041546117147106,0.018631187917493384,148.29717279501318,349.2417842916963,497.5389570867095,-18.06092460585691,18.06092460585691,326.19699761844765,-18.165345844243376,162.6239650539103,-19.538134365433734,19.538134365433734,381.7386944817427
space2_time0,2020-02-15 21:00:00,39.25,9.5,2,0,203.8483123779297,160.50834988152283,159.67368567029425,1.005227312238236,0.0128276639373983,0.013041546117147106,0.025869210054545407,341.32347474945095,351.53226604966477,692.8557407991157,43.339962496406855,43.339962496406855,1878.3523491899527,44.17462670763544,162.6239650539103,41.22434732401939,41.22434732401939,1699.4468122913847
space2_time0,2020-02-16 21:00:00,41.75,7.5,2,0,99.31071472167969,166.536555073954,165.8505611744658,1.0041362169330652,0.0077881713780913525,0.013041546117147106,0.02082971749523846,221.40792505505684,374.6380114837611,596.045936538818,-67.2258403522743,67.2258403522743,4519.313611069472,-66.53984645278612,162.6239650539103,-63.31325033223061,63.31325033223061,4008.5676676316994
space2_time0,2020-02-24 21:00:00,40.75,11.75,2,0,219.52896118164062,163.98231308960115,162.483088716689,1.0092269563851428,0.008148403606380175,0.013041546117147106,0.02118994972352728,224.7190197292588,363.49596658740336,588.2149863166621,55.546648092039476,55.546648092039476,3085.430114260873,57.04587246495163,162.6239650539103,56.90499612773033,56.90499612773033,3238.1785842970035
space2_time0,2020-02-24 21:00:00,36.75,11.25,2,0,212.995361328125,162.6970398852595,163.308201585104,0.9962576178421391,0.008061142385841892,0.013041640139816823,0.021102782525658715,218.8126107229425,357.7604111437997,576.5730218667422,50.2983214428655,50.2983214428655,2529.9211399698233,49.687159743021,162.6239650539103,50.3713962742147,50.3713962742147,2537.277562613971
space2_time0,2020-02-25 21:00:00,39.0,9.0,2,0,160.7265625,161.35131339433795,161.03535489123846,1.0019620443182364,0.006381503214302362,0.013041546117147106,0.019423049331449466,169.9377203251689,350.683941795222,520.6216621203909,-0.6247508943379501,0.6247508943379501,0.3903136799760684,-0.30879239123845537,162.6239650539103,-1.8974025539102968,1.8974025539102968,3.6001364515853167
space2_time0,2020-02-26 21:00:00,41.25,7.0,2,0,148.96607971191406,163.52725628403167,163.71526919262786,0.9988515859911947,0.005434603440289517,0.013041546117147106,0.018476149557436622,148.4406655554658,359.52467565960643,507.96534121507227,-14.561176572117603,14.561176572117603,212.02786316438653,-14.749189480713795,162.6239650539103,-13.657885341996234,13.657885341996234,186.53783201511558
space2_time0,2020-03-05 21:00:00,40.25,11.5,2,0,141.77911376953125,159.2122620552799,158.70279740849028,1.0032101806339198,0.009145163284161434,0.013041546117147106,0.02218670940130854,238.10439699264052,343.339981871903,581.4443788645435,-17.433148285748644,17.433148285748644,303.91465915290087,-16.923683638959034,162.6239650539103,-20.844851284379047,20.844851284379047,434.5078250678788
space2_time1,2020-03-06 21:00:00,42.5,9.25,2,1,148.31271362304688,155.25381027045842,155.54116935202796,0.9981525207585448,0.010356998016751882,0.014112988418285453,0.024469986435037335,257.1559295524703,354.729158009591,611.8850875620612,-6.941096647411541,6.941096647411541,48.17882266870774,-7.228455728981089,160.04215326657868,-11.729439643531805,11.729439643531805,137.5797543512555
space2_time1,2020-03-06 21:00:00,38.5,8.5,2,1,166.60679626464844,154.3643589024045,154.73054815109057,0.997633374578829,0.009921621710153533,0.014112988418285455,0.024034610128438987,243.37225385326127,350.3710842359397,593.743338089201,12.242437362243948,12.242437362243948,149.87727256846654,11.876248113557864,160.04215326657868,6.564642998069758,6.564642998069758,43.09453769210629
space2_time1,2020-03-15 21:00:00,39.5,11.0,2,1,188.82102966308594,160.6648337328806,160.66788516548675,0.9999810078249112,0.011301549150740466,0.014113002210978977,0.025414551361719443,300.93551688013184,380.6053344968223,681.5408513769542,28.156195930205342,28.156195930205342,792.7713692601119,28.153144497599186,160.04215326657868,28.778876396507258,28.778876396507258,828.2237266454425
space2_time1,2020-03-16 21:00:00,41.75,9.0,2,1,179.6739959716797,156.99144507861533,156.44317365671859,1.0035046043178582,0.010686928952606934,0.014112988418285453,0.024799917370892387,271.4551387641606,362.9534271539024,634.408565918063,22.68255089306436,22.68255089306436,514.4981150164548,23.230822314961102,160.04215326657868,19.631842705101008,19.631842705101008,385.40924799782766
space2_time1,2020-03-16 21:00:00,37.75,8.25,2,1,186.8609619140625,155.93264130684884,156.94061289486626,0.9935773693665093,0.014658508947103053,0.014112988418285453,0.028771497365388504,369.5269459649651,360.9297399995674,730.4566859645324,30.928320607213664,30.928320607213664,956.5610155825974,29.920349019196237,160.04215326657868,26.81880864748382,26.81880864748382,719.2484972703529
space2_time1,2020-03-25 21:00:00,38.5,10.75,2,1,154.8463134765625,160.80647472002136,162.8338660988717,0.9875493260252183,0.010562393509935425,0.014113178699519459,0.024675572209454884,281.43718883374396,380.71834087034296,662.1555297040869,-5.960161243458856,5.960161243458856,35.523522048029015,-7.9875526223092095,160.04215326657868,-5.19583979001618,5.19583979001618,26.99675112351538
space2_time1,2020-03-26 21:00:00,40.75,8.5,2,1,156.806396484375,158.39606922604415,158.96085662412366,0.9964470033058831,0.010295018560689873,0.014112974627343736,0.02440799318803361,266.04410681952425,369.1874120486289,635.2315188681532,-1.5896727416691476,1.5896727416691476,2.5270594256059047,-2.1544601397486645,160.04215326657868,-3.23575678220368,3.23575678220368,10.470121953577113
space2_time1,2020-04-14 21:00:00,40.25,10.0,2,1,169.22023010253906,161.09567253441,161.1785733352322,0.9994856586759223,0.012086072799952595,0.014112988418285453,0.02619906121823805,323.9352150023273,383.24981755946004,707.1850325617874,8.124557568129063,8.124557568129063,66.00843567784324,8.041656767306876,160.04215326657868,9.178076835960383,9.178076835960383,84.23709440679255
space2_time1,2020-04-15 21:00:00,38.25,7.5,2,1,180.980712890625,157.12560660534186,157.36933630524834,0.9984512249614265,0.014051486455479835,0.014112988418285451,0.028164474873765284,359.3376259518294,366.0288181680748,725.3664441199041,23.855106285283142,23.855106285283142,569.0660958821553,23.61137658537666,160.04215326657868,20.93855962404632,20.93855962404632,438.42327912974275
space2_time1,2020-09-01 20:00:00,38.0,10.75,2,1,160.7265625,167.09900394510763,167.7193029118905,0.9963015648406982,0.013835464266094144,0.014113178699519459,0.027948642965613602,400.0250585345205,413.79707089535293,813.8221294298735,-6.372441445107626,6.372441445107626,40.608009971325366,-6.992740411890509,160.04215326657868,0.6844092334213201,0.6844092334213201,0.468415998792359
space2_time1,2020-09-02 20:00:00,40.0,8.25,2,1,183.5941619873047,175.2228579255969,174.344852558912,1.0050360268961092,0.00984191541024967,0.01411315109910301,0.023955066509352682,311.0309435086893,451.38964196013444,762.4205854688237,8.371304061707775,8.371304061707775,70.07873169356509,9.249309428392678,160.04215326657868,23.552008720726008,23.552008720726008,554.6971147811539
space2_time1,2020-09-11 20:00:00,41.25,11.75,2,1,203.8483123779297,169.16367875722003,171.10228215430018,0.9886699150200001,0.012043248955402585,0.014113660290514175,0.026156909245916758,355.9061482126634,422.58333570574825,778.4894839184117,34.68463362070966,34.68463362070966,1203.023809402863,32.746030223629504,160.04215326657868,43.80615911135101,43.80615911135101,1918.9795760890008
space2_time1,2020-09-11 20:00:00,37.0,11.25,2,1,181.6340789794922,172.08044946749757,172.7039173441006,0.9963899610026751,0.011942886322504115,0.014113178699519459,0.026056065022023574,365.16093724726215,437.17858598276007,802.3395232300222,9.553629511994615,9.553629511994615,91.27183685245446,8.930161635391585,160.04215326657868,21.591925712913508,21.591925712913508,466.21125599197546
space2_time1,2020-09-12 20:00:00,43.0,9.5,2,1,182.9407958984375,177.31922032387317,177.1425304044457,1.00099744493332,0.008621575487088624,0.014113133861350375,0.022734709348439,278.5129006197023,461.12766767624555,739.6405682959478,5.621575574564332,5.621575574564332,31.6021119405383,5.798265493991806,160.04215326657868,22.89864263185882,22.89864263185882,524.3478343815822
space2_time1,2020-09-12 20:00:00,38.75,9.25,2,1,180.32736206054688,173.95472977531878,175.07728136676891,0.9935882509558825,0.00907845850665157,0.014113164912469597,0.02319162341912117,282.4421077638356,444.20133259244,726.6434403562756,6.372632285228093,6.372632285228093,40.61044224273142,5.25008069377796,160.04215326657868,20.285208793968195,20.285208793968195,411.4896958148846
space2_time2,2020-09-13 20:00:00,40.75,7.0,2,2,194.04791259765625,171.0422627909525,171.84012524442852,0.9953569490691352,0.005513110891085107,0.00838354652536475,0.013896657416449857,163.99724153437103,251.12267950041144,415.11992103478246,23.005649806703758,23.005649806703758,529.2599230286886,22.20778735322773,160.74794183701974,33.29997076063651,33.29997076063651,1108.8880526592466
space2_time2,2020-09-21 20:00:00,40.0,12.5,2,2,166.60679626464844,168.23241493834288,169.4569185534431,0.9927739532528201,0.006006067038469086,0.008383971888825139,0.014390038927294225,172.96725846020428,243.19179395275415,416.15905241295843,-1.6256186736944471,1.6256186736944471,2.6426360722640934,-2.8501222887946653,160.74794183701974,5.8588544276287,5.8588544276287,34.32617520414442
space2_time2,2020-09-22 20:00:00,41.75,10.25,2,2,153.5395965576172,168.59688202402234,170.43290694059453,0.9892272862704138,0.0065622668717892655,0.00838378994676757,0.014946056818556836,189.96330324542345,244.51313899122647,434.4764422366499,-15.057285466405148,15.057285466405148,226.72184561681567,-16.893310382977347,160.74794183701974,-7.20834527940255,7.20834527940255,51.960241667085036
space2_time2,2020-09-22 20:00:00,37.5,9.75,2,2,169.22023010253906,169.48891156266197,169.9222089006159,0.9974500252747571,0.007370084794681238,0.008383662121611018,0.015753746916292256,215.8729407742231,247.50311086747698,463.3760516417001,-0.26868146012290595,0.26868146012290595,0.0721897270137767,-0.7019787980768513,160.74794183701974,8.472288265519325,8.472288265519325,71.77966845405645
space2_time2,2020-09-23 20:00:00,43.5,8.25,2,2,159.41983032226562,171.84940712662222,172.76656375550505,0.9946913534138426,0.005138167075187514,0.00838354652536475,0.013521713600552265,154.2030346020112,253.30833146329107,407.51136606530224,-12.4295768043566,12.4295768043566,154.49437953539962,-13.346733433239422,160.74794183701974,-1.328111514754113,1.328111514754113,1.7638801956224643
space2_time2,2020-09-23 20:00:00,39.5,7.75,2,2,167.26016235351562,170.23206300034187,171.405684241645,0.9931529619540008,0.005893336960693835,0.008383534924672286,0.01427687188536612,173.74996063352864,248.93814336575207,422.6881039992807,-2.971900646826242,2.971900646826242,8.832193454606236,-4.145521888129366,160.74794183701974,6.512220516495887,6.512220516495887,42.409016055469955
space2_time2,2020-09-24 21:00:00,42.75,7.5,2,2,128.05856323242188,166.61763677364516,167.6195671324157,0.9940225930903456,0.008117790509484647,0.00838354652536475,0.0165013370348494,230.04360679523413,239.54295715066294,469.58656394589707,-38.559073541223285,38.559073541223285,1486.8021523574655,-39.561003899993835,160.74794183701974,-32.68937860459786,32.68937860459786,1068.5954735547405
space2_time2,2020-10-03 20:00:00,42.0,9.0,2,2,181.6340789794922,151.1822323665284,152.7734670705255,0.9895843516907126,0.010031077320015304,0.008383546525364749,0.018414623845380052,234.70724561057415,197.972484531994,432.67973014256813,30.451846612963777,30.451846612963777,927.3149621394734,28.86061190896669,160.74794183701974,20.88613714247245,20.88613714247245,436.2307247341672
space2_time2,2020-10-03 20:00:00,38.0,8.25,2,2,207.1151123046875,173.24416309616058,174.69756823482638,0.9916804500866769,0.004948199529650752,0.008383658951835384,0.013331858481486136,150.87917820776377,257.3424991270667,408.2216773348305,33.87094920852692,33.87094920852692,1147.2412002866106,32.41754406986112,160.74794183701974,46.36717046766776,46.36717046766776,2149.9144971777614
space2_time2,2020-10-12 20:00:00,38.75,11.5,2,2,73.82968139648438,167.2450579927739,167.7688661231596,0.9968777989475043,0.0063842336743849875,0.008383971888825139,0.014768205563210127,181.80933066046683,240.52743298451637,422.3367636449832,-93.41537659628952,93.41537659628952,8726.432584626597,-93.93918472667522,160.74794183701974,-86.91826044053536,86.91826044053536,7554.783998008735
space2_time2,2020-10-13 20:00:00,40.25,9.5,2,2,173.79376220703125,162.00344294001061,162.68639871671206,0.9958020106039059,0.009788124179484986,0.008383840903944558,0.018171965083429546,262.8858080636747,227.22506137757642,490.1108694412511,11.790319267020635,11.790319267020635,139.011628418278,11.107363490319187,160.74794183701974,13.045820370011512,13.045820370011512,170.1934291266073
space2_time2,2020-10-22 20:00:00,41.0,12.5,2,2,207.7684783935547,173.39534149249167,174.59175175683077,0.9931473838122346,0.005202948050924493,0.008383840903944556,0.013586788954869049,158.98468969881336,257.92887149910825,416.9135611979216,34.37313690106302,34.37313690106302,1181.5125404192204,33.17672663672391,160.74794183701974,47.02053655653495,47.02053655653495,2210.9308580644397
space2_time2,2020-10-22 20:00:00,36.75,11.75,2,2,242.3965606689453,175.57399607777884,175.84938400804572,0.9984339556728027,0.004862879849276251,0.008383971888825139,0.01324685173810139,152.2731564948825,264.27555036324736,416.5487068581299,66.82256459116647,66.82256459116647,4465.255138540615,66.5471766608996,160.74794183701974,81.64861883192557,81.64861883192557,6666.496957161072
space2_time2,2020-10-23 20:00:00,42.5,10.5,2,2,156.1530303955078,163.5793499655524,165.46341483498685,0.9886134051366376,0.009946871309216076,0.008383949369793142,0.018330820679009218,272.4370415680019,231.74387902235546,504.18092059035735,-7.426319570044598,7.426319570044598,55.15022235642738,-9.310384439479037,160.74794183701974,-4.594911441511925,4.594911441511925,21.1132111553372
space2_time2,2020-10-23 20:00:00,38.5,9.75,2,2,122.17831420898438,168.63981611099706,168.8765888503864,0.9985979540385013,0.0069399881327307025,0.008383968703859612,0.015323956836590314,201.113835420946,244.82785323358905,445.941688654535,-46.461501902012685,46.461501902012685,2158.671158990728,-46.69827464140204,160.74794183701974,-38.56962762803536,38.56962762803536,1487.6161753653087
space2_time2,2020-10-24 20:00:00,40.0,7.75,2,2,176.40719604492188,173.45338951304905,174.6783314580662,0.9929874419179968,0.005366760425093863,0.00838359729120904,0.013750357716302904,164.1403644612251,258.17857319132804,422.31893765255313,2.9538065318728286,2.9538065318728286,8.724973027734588,1.7288645868556785,160.74794183701974,15.659254207902137,15.659254207902137,245.2122423477008
space2_time2,2020-11-02 20:00:00,40.5,10.75,2,2,163.33999633789062,172.81037512770743,173.69838103906358,0.9948876557971121,0.00579768444779829,0.008383840903944556,0.014181525351742847,176.12163873102216,256.4964239622192,432.6180626932413,-9.470378789816806,9.470378789816806,89.68807442261203,-10.358384701172952,160.74794183701974,2.592054500870887,2.592054500870887,6.718746535485024
space2_time3,2020-11-03 20:00:00,42.0,8.75,2,3,164.64671325683594,164.82626849367708,164.01674306326248,1.0049356267859948,0.01300838271777758,0.011821243056407933,0.024829625774185512,364.6593262264024,335.5199263072656,700.179252533668,-0.17955523684113928,0.17955523684113928,0.03224008307707762,0.6299701935734561,161.06669321845195,3.580020038383992,3.580020038383992,12.81654347523092
space2_time3,2020-11-03 20:00:00,38.0,8.0,2,3,190.1277618408203,169.2120435648589,168.35352963425422,1.0050994709316152,0.013246147823967748,0.011821034623040051,0.0250671824470078,391.4877857361191,353.77466781685985,745.262453552979,20.91571827596141,20.91571827596141,437.46727099938613,21.774232206566097,161.06669321845195,29.061068622368367,29.061068622368367,844.5457094740033
space2_time3,2020-11-12 20:00:00,42.0,11.75,2,3,193.39456176757812,167.42544406105114,166.93399668073195,1.0029439622251366,0.011335019102816141,0.011821206515779413,0.023156225618595552,327.0284149720295,345.0273732275736,672.0557881996031,25.969117706526987,25.969117706526987,674.3950744554535,26.460565086846174,161.06669321845195,32.32786854912618,32.32786854912618,1045.0910849295817
space2_time3,2020-11-12 20:00:00,38.0,10.75,2,3,194.70127868652344,173.02027506271088,173.31777331956073,0.998283509814649,0.008563824777594925,0.011820845813951982,0.02038467059154691,262.76992489267946,366.42417037400935,629.1940952666888,21.681003623812558,21.681003623812558,470.06591813577325,21.38350536696271,161.06669321845195,33.63458546807149,33.63458546807149,1131.285339609006
space2_time3,2020-11-13 20:00:00,39.75,8.75,2,3,152.88623046875,159.73936374599802,160.54982884154245,0.9949519404574118,0.013445309898606678,0.011821476530978703,0.02526678642958538,354.2344756236498,315.41155864966686,669.6460342733167,-6.85313327724802,6.85313327724802,46.96543571572418,-7.66359837279245,161.06669321845195,-8.180462749701945,8.180462749701945,66.91997079926111
space2_time3,2020-11-14 21:00:00,41.25,6.75,2,3,205.8083953857422,168.3215521505294,167.06255055463552,1.007536109030504,0.013426063114561829,0.011821495946645054,0.025247559061206883,392.74594431998497,350.20082668261495,742.9467710025999,37.486843235212774,37.486843235212774,1405.2634157414177,38.745844831106666,161.06669321845195,44.74170216729024,44.74170216729024,2001.8199128265044
space2_time3,2020-12-02 20:00:00,39.75,11.25,2,3,97.35063934326172,161.5107217470767,161.54493122270318,0.9997882355369022,0.011589389464568564,0.01182118341881574,0.023410572883384304,311.27869029985015,321.2428189695404,632.5215092693905,-64.16008240381498,64.16008240381498,4116.516174064329,-64.19429187944147,161.06669321845195,-63.71605387519023,63.71605387519023,4059.7355214261434
space2_time3,2020-12-03 20:00:00,42.0,9.75,2,3,135.24551391601562,171.43240611129755,169.48204091333093,1.0115077986284335,0.006756104989090631,0.011821224306270212,0.018577329295360843,202.9636003893376,358.44286922319856,561.4064696125362,-36.18689219528193,36.18689219528193,1309.4911667529561,-34.23652699731531,161.06669321845195,-25.82117930243632,25.82117930243632,666.7333005685658
space2_time3,2020-12-03 20:00:00,38.0,9.0,2,3,111.07119750976562,169.84510743850223,169.26848866356272,1.003406533487078,0.00781933353668462,0.011821034623040053,0.019640368159724673,230.9428799423928,352.57913027140785,583.5220102138006,-58.7739099287366,58.7739099287366,3454.3724883112427,-58.197291153797096,161.06669321845195,-49.99549570868632,49.99549570868632,2499.549591157272
space2_time3,2020-12-04 20:00:00,42.5,8.25,2,3,124.79175567626953,159.8658926695833,159.36112202426654,1.0031674641776172,0.011818641293881786,0.011821588898552431,0.02364023019243422,311.1106800868733,314.88837889115194,625.9990589780252,-35.07413699331377,35.07413699331377,1230.1950858257417,-34.569366347997004,161.06669321845195,-36.274937542182414,36.274937542182414,1315.871093689235
space2_time3,2020-12-04 20:00:00,38.75,7.0,2,3,156.806396484375,162.190939574985,162.51119360864973,0.9980293416930037,0.013091732425043124,0.011821137014972748,0.02491286944001587,355.3986358997609,324.92795357058816,680.3265894703491,-5.384543090610009,5.384543090610009,28.99330429463599,-5.704797124274734,161.06669321845195,-4.260296734076945,4.260296734076945,18.150128262386687
space2_time3,2020-12-12 20:00:00,41.0,12.25,2,3,143.73919677734375,160.78730545473476,160.5433902018969,1.0015193104651094,0.011726573983382073,0.01182089390023207,0.023547467883614143,312.2123506805358,318.45095705190147,630.6633077324373,-17.048108677391014,17.048108677391014,290.63800947613476,-16.804193424553148,161.06669321845195,-17.327496441108195,17.327496441108195,300.24213291661715
space2_time3,2020-12-12 20:00:00,37.0,11.5,2,3,174.44711303710938,163.6200349453027,163.98863095873804,0.9977523075149762,0.009983964948700285,0.01182170116858128,0.021805666117281564,274.5464828703137,328.6461728320474,603.1926557023611,10.82707809180667,10.82707809180667,117.22562000607995,10.458482078371333,161.06669321845195,13.38041981865743,13.38041981865743,179.0356345235205
space2_time3,2020-12-13 20:00:00,42.5,10.25,2,3,171.18031311035156,168.06245828001272,167.47659055945766,1.0034982066365097,0.007867193290783522,0.011821224306270212,0.019688417597053733,227.52088822858516,345.25550047001644,572.7763886986016,3.1178548303388425,3.1178548303388425,9.721018743067253,3.7037225508939002,161.06669321845195,10.113619891899617,10.113619891899617,102.28530731782763
space2_time3,2020-12-13 20:00:00,38.5,9.25,2,3,185.55422973632812,167.66284679660856,167.65165992223473,1.0000667268930057,0.008516736873296528,0.011821034623040051,0.02033777149633658,245.37492622000943,344.05664381210767,589.4315700321171,17.891382939719563,17.891382939719563,320.1015834956882,17.902569814093397,161.06669321845195,24.48753651787618,24.48753651787618,599.6394447143194
space2_time3,2020-12-14 20:00:00,40.0,7.25,2,3,150.92616271972656,163.70160271584083,164.12362037493475,0.9974286598228228,0.011012133801561973,0.011821212892382488,0.022833346693944462,303.5898081380843,329.63724774073546,633.2270558788198,-12.775439996114272,12.775439996114272,163.21186709431623,-13.197457655208183,161.06669321845195,-10.140530498725383,10.140530498725383,102.83035879557966
space2_time3,2020-12-22 20:00:00,41.5,12.5,2,3,136.55223083496094,164.33465415716162,163.83909938088098,1.0030246429463614,0.010403023118210635,0.01182089390023207,0.022223917018442705,288.7556858357333,331.77811299979675,620.53379883553,-27.782423322200685,27.782423322200685,771.8630456539605,-27.286868545920044,161.06669321845195,-24.514462383491008,24.514462383491008,600.9588659515956
space2_time3,2020-12-22 20:00:00,37.5,11.75,2,3,141.77911376953125,165.4775304111575,165.6802427187165,0.9987764847260449,0.010314616184563726,0.011821359759636656,0.02213597594420038,290.25945917268484,336.36291974362683,626.6223789163116,-23.69841664162624,23.69841664162624,561.6149513201075,-23.90112894918525,161.06669321845195,-19.287579448920695,19.287579448920695,372.0107209984279
space2_time3,2020-12-23 20:00:00,39.0,9.5,2,3,124.13839721679688,166.8233703645706,166.5247433919308,1.0017932888924315,0.008916207945482662,0.01182114244189525,0.02073735038737791,254.47062482068515,340.89534160378025,595.3659664244653,-42.68497314777372,42.68497314777372,1822.0069326261632,-42.38634617513392,161.06669321845195,-36.92829600165507,36.92829600165507,1363.6990455858538
space2_time3,2020-12-24 20:00:00,40.25,7.5,2,3,136.55223083496094,160.47303765628266,160.03071659997974,1.0027639759772407,0.009468120544395423,0.011821085307041018,0.02128920585143644,250.2483996714695,315.7829521622848,566.0313518337543,-23.92080682132172,23.92080682132172,572.2049989829917,-23.478485765018803,161.06669321845195,-24.514462383491008,24.514462383491008,600.9588659515956
