fold_id,space_fold,time_fold,n_train,n_test,rmse,mae,r2,rf_mean_rmse,rf_mean_mae,rf_mean_r2,baseline_rmse,baseline_mae,baseline_r2,variogram_model,variogram_nlags,variogram_weight,kriging_backend,kriging_n_closest_points,kriging_status,kriging_n_train,variogram_source,variogram_psill,variogram_range,variogram_nugget,variogram_structured_sill_ratio,kriging_time_std_hours,kriging_time_axis_scale_km,wrap_longitude_for_kriging,mean_kriging_log_variance,rf_variance_method,mean_rf_log_variance,mean_predicted_radiance_variance
space0_time0,0,0,112,16,22.982458507562274,18.5732140133077,-0.033674565495999564,22.849605800515533,18.407010825975483,-0.02175856020104905,22.75264559629546,18.74326515197754,-0.013105481240121675,spherical,6,True,loop,64,fit,112,auto,0.0052992283997355585,137.78045379930015,0.011377146352500563,0.31776860849358096,2160.2580821340266,282.9837079992535,False,0.016942111747475785,tree_spread_ddof1_proxy,0.012280076260711776,817.8779912601391
space0_time1,0,1,125,18,12.16094758491528,8.752434633164302,-0.15560124889214855,12.114235133799237,8.63666987231356,-0.14674054276237758,14.40392037880734,11.019168895274609,-0.6211925277387036,spherical,6,True,loop,64,fit,125,auto,0.002861185890193573,261.4731017793759,0.014266743849274439,0.16704796981975714,3167.6092669747,282.635507662643,False,0.017427828430328633,tree_spread_ddof1_proxy,0.016818341771489834,965.4745187282385
space0_time2,0,2,112,17,33.41806196859372,26.387656585232147,-0.0667279261069067,33.160793856926695,26.492612569051737,-0.0503667910008192,32.83123744063727,27.53793915062037,-0.029593160011220476,spherical,6,True,loop,64,fit,112,auto,0.0011749650353864714,722.2092072243461,0.01075396666179848,0.09849708802203515,3370.2518523679605,284.1926612520449,False,0.012037028991986878,tree_spread_ddof1_proxy,0.008864702850098235,655.609355000049
space0_time3,0,3,107,14,21.867649578981993,16.37872867166733,0.13379963092158953,21.915637126557506,16.44009574598379,0.12999378617204915,23.600968609795796,17.73405729021345,-0.008959670481192283,spherical,6,True,loop,64,fit,107,auto,0.004514295514222313,145.02496119640256,0.011455556771737542,0.28267609702258334,2771.577469698242,279.9619325100117,False,0.016229750130731045,tree_spread_ddof1_proxy,0.019115240528506373,965.2633484288118
space1_time0,1,0,101,27,18.981596956674437,14.473198254649075,-0.03070394773263141,18.98742018146419,14.376153555434188,-0.03133644893376686,20.082192959814403,14.616717219964622,-0.15369421667867966,spherical,6,True,loop,64,fit,101,auto,0.011652502961740528,122.01362163134993,0.008229970961899917,0.5860690679888478,2286.5020629241717,245.89036720322508,False,0.02019973926710697,tree_spread_ddof1_proxy,0.00790014519599793,762.2530456790399
space1_time1,1,1,97,12,18.554376086853424,15.489887061536946,-0.12006317942228173,17.79343264484769,14.993978067089566,-0.030076044904282728,17.87494514726659,14.709898659041409,-0.03953530994391108,spherical,6,True,loop,64,fit,97,auto,0.0066102854873504036,115.46485296537796,0.01622943680770309,0.28942057184215525,3138.5661671041253,243.6021805772442,False,0.02321719680595893,tree_spread_ddof1_proxy,0.012364538515641057,915.437230983056
space1_time2,1,2,96,23,23.455479459024296,19.01652691734418,0.09126371333453764,23.08246413430099,18.316658810746038,0.11993737151680162,24.640030025178568,19.82163499256385,-0.0028401329665050934,spherical,6,True,loop,64,fit,96,auto,0.0017693248575763735,110.29765401714961,0.010161445603741532,0.14829929578419943,3254.764927667588,243.59296389846827,False,0.01212170776640915,tree_spread_ddof1_proxy,0.00755032924540239,517.3147920452355
space1_time3,1,3,96,25,25.31081238873687,20.734163301407044,-0.09021452239927608,24.761536918435475,20.414851502380813,-0.04340998402582996,24.438752850104677,19.23891068048072,-0.01638412263406286,spherical,6,True,loop,64,fit,96,auto,0.0042574554467263645,41.05469380338397,0.014401092256807368,0.22817721477433356,2701.6337158051238,242.58530875978647,False,0.018950087511401446,tree_spread_ddof1_proxy,0.013887972537731674,825.3806089975033
space2_time0,2,0,109,13,32.968933382634596,24.870872212090497,-0.04213856224698165,33.11613783311285,24.81985190592013,-0.05146551925930387,32.66324453058658,24.913734461058628,-0.022902680906270234,spherical,6,True,loop,64,fit,109,auto,0.0021436271726701906,48.7716767153201,0.01069727977344388,0.16693736522394917,2285.5027491625538,288.21119018870814,False,0.013041553349660163,tree_spread_ddof1_proxy,0.0077271504458971095,568.2148562200424
space2_time1,2,1,122,15,17.53512028327427,14.097087718532745,-0.44682121892600235,17.241584374784164,14.078043578407396,-0.3987874090886776,20.8963743324498,17.65934650847727,-1.054656611069817,spherical,6,True,loop,64,fit,122,auto,0.002668439634833917,44.21515424124783,0.01122738518114381,0.19203175559364322,3253.8986542035186,286.2224834666657,False,0.014113103574002065,tree_spread_ddof1_proxy,0.011285608470093621,707.02191899094
space2_time2,2,2,112,17,35.403412765887374,25.35023449235939,0.05786218240680141,35.38550265291497,25.520645523929097,0.058815171134000366,37.0444354378606,26.627738879794286,-0.031502157514339935,spherical,6,True,loop,64,fit,112,auto,0.0011182539864519312,57.370310962549325,0.007135972687081693,0.13547652986529968,3325.5252723882177,289.83257043875534,False,0.008383752105265657,tree_spread_ddof1_proxy,0.006698211238821554,436.5169658557025
space2_time3,2,3,113,20,29.83483333435788,24.620571021782645,-0.04449804602002172,29.718084134406414,24.63396222595256,-0.03633941382116679,29.903326381000262,25.614403707166957,-0.04929934470416253,spherical,6,True,loop,64,fit,113,auto,0.002170333436335736,116.9577055310765,0.009467413133163849,0.18649086602588383,2759.5132281764004,287.83828193486465,False,0.011821200952388271,tree_spread_ddof1_proxy,0.010615425991748523,634.0452253213678
