fold_id,space_fold,time_fold,n_train,n_test,alpha,feature,coefficient_on_standardized_x,abs_coefficient,feature_group
space0_time0,0,0,580,47,3.3838551534282333,era5_swvl1,-0.0,0.0,Atmospheric
space0_time0,0,0,580,47,3.3838551534282333,era5_stl1,0.0,0.0,Atmospheric
space0_time0,0,0,580,47,3.3838551534282333,era5_cl,0.0,0.0,Atmospheric
space0_time0,0,0,580,47,3.3838551534282333,era5_cvl,0.0,0.0,Atmospheric
space0_time0,0,0,580,47,3.3838551534282333,era5_cvh,-0.0,0.0,Atmospheric
space0_time0,0,0,580,47,3.3838551534282333,era5_tvl,0.0,0.0,Atmospheric
space0_time0,0,0,580,47,3.3838551534282333,era5_tvh,0.0,0.0,Atmospheric
space0_time0,0,0,580,47,3.3838551534282333,era5_siconc,-1.2497707258680164,1.2497707258680164,Atmospheric
space0_time0,0,0,580,47,3.3838551534282333,era5_asn,-0.0,0.0,Atmospheric
space0_time0,0,0,580,47,3.3838551534282333,era5_sst,0.0,0.0,Atmospheric
space0_time0,0,0,580,47,3.3838551534282333,era5_slt,0.0,0.0,Atmospheric
space0_time0,0,0,580,47,3.3838551534282333,era5_lai_lv,0.0,0.0,Atmospheric
space0_time0,0,0,580,47,3.3838551534282333,era5_lai_hv,-3.3384644530857526,3.3384644530857526,Atmospheric
space0_time0,0,0,580,47,3.3838551534282333,era5_sp,0.0,0.0,Atmospheric
space0_time0,0,0,580,47,3.3838551534282333,era5_tcw,-7.498213845980725,7.498213845980725,Atmospheric
space0_time0,0,0,580,47,3.3838551534282333,era5_tcwv,-12.785685173110112,12.785685173110112,Atmospheric
space0_time0,0,0,580,47,3.3838551534282333,era5_msl,2.5686570681091645,2.5686570681091645,Atmospheric
space0_time0,0,0,580,47,3.3838551534282333,era5_t2m,0.0,0.0,Atmospheric
space0_time0,0,0,580,47,3.3838551534282333,era5_lsm,0.0,0.0,Atmospheric
space0_time0,0,0,580,47,3.3838551534282333,era5_lcc,0.0,0.0,Atmospheric
space0_time0,0,0,580,47,3.3838551534282333,era5_mcc,-0.18721682115568924,0.18721682115568924,Atmospheric
space0_time0,0,0,580,47,3.3838551534282333,era5_hcc,-0.0,0.0,Atmospheric
space0_time0,0,0,580,47,3.3838551534282333,era5_tco3,-0.0,0.0,Atmospheric
space0_time0,0,0,580,47,3.3838551534282333,era5_skt,0.0,0.0,Atmospheric
space0_time0,0,0,580,47,3.3838551534282333,era5_tsn,0.0,0.0,Atmospheric
space0_time0,0,0,580,47,3.3838551534282333,era5_fal,-0.0,0.0,Atmospheric
space0_time0,0,0,580,47,3.3838551534282333,era5_lmlt,-0.0,0.0,Atmospheric
space0_time0,0,0,580,47,3.3838551534282333,era5_lict,1.9038399097711962,1.9038399097711962,Atmospheric
space0_time0,0,0,580,47,3.3838551534282333,era5_deg0l,-0.0,0.0,Atmospheric
space0_time0,0,0,580,47,3.3838551534282333,era5_avg_sdlwrf,-0.0,0.0,Atmospheric
space0_time0,0,0,580,47,3.3838551534282333,era5_avg_snlwrf,-0.0,0.0,Atmospheric
space0_time0,0,0,580,47,3.3838551534282333,era5_avg_snlwrfcs,-4.856334065945904,4.856334065945904,Atmospheric
space0_time0,0,0,580,47,3.3838551534282333,hour,0.07456331364743084,0.07456331364743084,Time
space0_time0,0,0,580,47,3.3838551534282333,latitude,0.0,0.0,Space
space0_time0,0,0,580,47,3.3838551534282333,longitude,-10.738350816816572,10.738350816816572,Space
space0_time1,0,1,562,52,3.3838551534282333,era5_swvl1,-0.0,0.0,Atmospheric
space0_time1,0,1,562,52,3.3838551534282333,era5_stl1,-0.0,0.0,Atmospheric
space0_time1,0,1,562,52,3.3838551534282333,era5_cl,0.0,0.0,Atmospheric
space0_time1,0,1,562,52,3.3838551534282333,era5_cvl,0.0,0.0,Atmospheric
space0_time1,0,1,562,52,3.3838551534282333,era5_cvh,-0.0,0.0,Atmospheric
space0_time1,0,1,562,52,3.3838551534282333,era5_tvl,0.0,0.0,Atmospheric
space0_time1,0,1,562,52,3.3838551534282333,era5_tvh,-0.0,0.0,Atmospheric
space0_time1,0,1,562,52,3.3838551534282333,era5_siconc,-0.6944578369202786,0.6944578369202786,Atmospheric
space0_time1,0,1,562,52,3.3838551534282333,era5_asn,-0.0,0.0,Atmospheric
space0_time1,0,1,562,52,3.3838551534282333,era5_sst,0.0,0.0,Atmospheric
space0_time1,0,1,562,52,3.3838551534282333,era5_slt,0.0,0.0,Atmospheric
space0_time1,0,1,562,52,3.3838551534282333,era5_lai_lv,-0.0,0.0,Atmospheric
space0_time1,0,1,562,52,3.3838551534282333,era5_lai_hv,-1.778014040963345,1.778014040963345,Atmospheric
space0_time1,0,1,562,52,3.3838551534282333,era5_sp,0.9684305593247817,0.9684305593247817,Atmospheric
space0_time1,0,1,562,52,3.3838551534282333,era5_tcw,-0.0,0.0,Atmospheric
space0_time1,0,1,562,52,3.3838551534282333,era5_tcwv,-11.876492452435189,11.876492452435189,Atmospheric
space0_time1,0,1,562,52,3.3838551534282333,era5_msl,3.9942853163427854,3.9942853163427854,Atmospheric
space0_time1,0,1,562,52,3.3838551534282333,era5_t2m,-0.0,0.0,Atmospheric
space0_time1,0,1,562,52,3.3838551534282333,era5_lsm,0.0,0.0,Atmospheric
space0_time1,0,1,562,52,3.3838551534282333,era5_lcc,0.0,0.0,Atmospheric
space0_time1,0,1,562,52,3.3838551534282333,era5_mcc,-0.0,0.0,Atmospheric
space0_time1,0,1,562,52,3.3838551534282333,era5_hcc,-5.160034566909649,5.160034566909649,Atmospheric
space0_time1,0,1,562,52,3.3838551534282333,era5_tco3,0.0,0.0,Atmospheric
space0_time1,0,1,562,52,3.3838551534282333,era5_skt,-0.0,0.0,Atmospheric
space0_time1,0,1,562,52,3.3838551534282333,era5_tsn,-0.0,0.0,Atmospheric
space0_time1,0,1,562,52,3.3838551534282333,era5_fal,-0.0,0.0,Atmospheric
space0_time1,0,1,562,52,3.3838551534282333,era5_lmlt,-0.0,0.0,Atmospheric
space0_time1,0,1,562,52,3.3838551534282333,era5_lict,3.018872309141219,3.018872309141219,Atmospheric
space0_time1,0,1,562,52,3.3838551534282333,era5_deg0l,-0.0,0.0,Atmospheric
space0_time1,0,1,562,52,3.3838551534282333,era5_avg_sdlwrf,-0.0,0.0,Atmospheric
space0_time1,0,1,562,52,3.3838551534282333,era5_avg_snlwrf,-0.0,0.0,Atmospheric
space0_time1,0,1,562,52,3.3838551534282333,era5_avg_snlwrfcs,-0.0,0.0,Atmospheric
space0_time1,0,1,562,52,3.3838551534282333,hour,0.0,0.0,Time
space0_time1,0,1,562,52,3.3838551534282333,latitude,8.480021292714328,8.480021292714328,Space
space0_time1,0,1,562,52,3.3838551534282333,longitude,-0.0,0.0,Space
space0_time2,0,2,606,109,2.5808615404180766,era5_swvl1,-0.0,0.0,Atmospheric
space0_time2,0,2,606,109,2.5808615404180766,era5_stl1,-0.0,0.0,Atmospheric
space0_time2,0,2,606,109,2.5808615404180766,era5_cl,0.0,0.0,Atmospheric
space0_time2,0,2,606,109,2.5808615404180766,era5_cvl,0.0,0.0,Atmospheric
space0_time2,0,2,606,109,2.5808615404180766,era5_cvh,-0.0,0.0,Atmospheric
space0_time2,0,2,606,109,2.5808615404180766,era5_tvl,0.0,0.0,Atmospheric
space0_time2,0,2,606,109,2.5808615404180766,era5_tvh,0.0,0.0,Atmospheric
space0_time2,0,2,606,109,2.5808615404180766,era5_siconc,-4.021898108337612,4.021898108337612,Atmospheric
space0_time2,0,2,606,109,2.5808615404180766,era5_asn,-0.0,0.0,Atmospheric
space0_time2,0,2,606,109,2.5808615404180766,era5_sst,0.0,0.0,Atmospheric
space0_time2,0,2,606,109,2.5808615404180766,era5_slt,0.0,0.0,Atmospheric
space0_time2,0,2,606,109,2.5808615404180766,era5_lai_lv,-0.0,0.0,Atmospheric
space0_time2,0,2,606,109,2.5808615404180766,era5_lai_hv,-6.25603943478442,6.25603943478442,Atmospheric
space0_time2,0,2,606,109,2.5808615404180766,era5_sp,1.5064599958273892,1.5064599958273892,Atmospheric
space0_time2,0,2,606,109,2.5808615404180766,era5_tcw,-0.0,0.0,Atmospheric
space0_time2,0,2,606,109,2.5808615404180766,era5_tcwv,-18.817615105060938,18.817615105060938,Atmospheric
space0_time2,0,2,606,109,2.5808615404180766,era5_msl,3.62418544057135,3.62418544057135,Atmospheric
space0_time2,0,2,606,109,2.5808615404180766,era5_t2m,-0.0,0.0,Atmospheric
space0_time2,0,2,606,109,2.5808615404180766,era5_lsm,-0.0,0.0,Atmospheric
space0_time2,0,2,606,109,2.5808615404180766,era5_lcc,0.0,0.0,Atmospheric
space0_time2,0,2,606,109,2.5808615404180766,era5_mcc,-0.0,0.0,Atmospheric
space0_time2,0,2,606,109,2.5808615404180766,era5_hcc,-0.0,0.0,Atmospheric
space0_time2,0,2,606,109,2.5808615404180766,era5_tco3,0.0,0.0,Atmospheric
space0_time2,0,2,606,109,2.5808615404180766,era5_skt,0.0,0.0,Atmospheric
space0_time2,0,2,606,109,2.5808615404180766,era5_tsn,0.0,0.0,Atmospheric
space0_time2,0,2,606,109,2.5808615404180766,era5_fal,-0.63490243366711,0.63490243366711,Atmospheric
space0_time2,0,2,606,109,2.5808615404180766,era5_lmlt,-0.0,0.0,Atmospheric
space0_time2,0,2,606,109,2.5808615404180766,era5_lict,2.225192386368194,2.225192386368194,Atmospheric
space0_time2,0,2,606,109,2.5808615404180766,era5_deg0l,-0.0,0.0,Atmospheric
space0_time2,0,2,606,109,2.5808615404180766,era5_avg_sdlwrf,-0.0,0.0,Atmospheric
space0_time2,0,2,606,109,2.5808615404180766,era5_avg_snlwrf,-0.0,0.0,Atmospheric
space0_time2,0,2,606,109,2.5808615404180766,era5_avg_snlwrfcs,-0.0,0.0,Atmospheric
space0_time2,0,2,606,109,2.5808615404180766,hour,4.861209682372246,4.861209682372246,Time
space0_time2,0,2,606,109,2.5808615404180766,latitude,5.7222444364207865,5.7222444364207865,Space
space0_time2,0,2,606,109,2.5808615404180766,longitude,-9.568107865235014,9.568107865235014,Space
space0_time3,0,3,568,47,3.874675120456128,era5_swvl1,-0.0,0.0,Atmospheric
space0_time3,0,3,568,47,3.874675120456128,era5_stl1,0.0,0.0,Atmospheric
space0_time3,0,3,568,47,3.874675120456128,era5_cl,-0.0,0.0,Atmospheric
space0_time3,0,3,568,47,3.874675120456128,era5_cvl,0.0,0.0,Atmospheric
space0_time3,0,3,568,47,3.874675120456128,era5_cvh,-0.0,0.0,Atmospheric
space0_time3,0,3,568,47,3.874675120456128,era5_tvl,0.0,0.0,Atmospheric
space0_time3,0,3,568,47,3.874675120456128,era5_tvh,-0.0,0.0,Atmospheric
space0_time3,0,3,568,47,3.874675120456128,era5_siconc,-0.12278083024427469,0.12278083024427469,Atmospheric
space0_time3,0,3,568,47,3.874675120456128,era5_asn,-0.0,0.0,Atmospheric
space0_time3,0,3,568,47,3.874675120456128,era5_sst,0.0,0.0,Atmospheric
space0_time3,0,3,568,47,3.874675120456128,era5_slt,0.0,0.0,Atmospheric
space0_time3,0,3,568,47,3.874675120456128,era5_lai_lv,-0.0,0.0,Atmospheric
space0_time3,0,3,568,47,3.874675120456128,era5_lai_hv,-0.0,0.0,Atmospheric
space0_time3,0,3,568,47,3.874675120456128,era5_sp,0.0,0.0,Atmospheric
space0_time3,0,3,568,47,3.874675120456128,era5_tcw,-0.0,0.0,Atmospheric
space0_time3,0,3,568,47,3.874675120456128,era5_tcwv,-27.532374090642882,27.532374090642882,Atmospheric
space0_time3,0,3,568,47,3.874675120456128,era5_msl,3.345791498328119,3.345791498328119,Atmospheric
space0_time3,0,3,568,47,3.874675120456128,era5_t2m,0.0,0.0,Atmospheric
space0_time3,0,3,568,47,3.874675120456128,era5_lsm,0.0,0.0,Atmospheric
space0_time3,0,3,568,47,3.874675120456128,era5_lcc,0.0,0.0,Atmospheric
space0_time3,0,3,568,47,3.874675120456128,era5_mcc,-0.0,0.0,Atmospheric
space0_time3,0,3,568,47,3.874675120456128,era5_hcc,-1.5559017765247243,1.5559017765247243,Atmospheric
space0_time3,0,3,568,47,3.874675120456128,era5_tco3,-0.0,0.0,Atmospheric
space0_time3,0,3,568,47,3.874675120456128,era5_skt,0.0,0.0,Atmospheric
space0_time3,0,3,568,47,3.874675120456128,era5_tsn,0.0,0.0,Atmospheric
space0_time3,0,3,568,47,3.874675120456128,era5_fal,-0.0,0.0,Atmospheric
space0_time3,0,3,568,47,3.874675120456128,era5_lmlt,-0.0,0.0,Atmospheric
space0_time3,0,3,568,47,3.874675120456128,era5_lict,5.371426324707378,5.371426324707378,Atmospheric
space0_time3,0,3,568,47,3.874675120456128,era5_deg0l,-0.0,0.0,Atmospheric
space0_time3,0,3,568,47,3.874675120456128,era5_avg_sdlwrf,-0.0,0.0,Atmospheric
space0_time3,0,3,568,47,3.874675120456128,era5_avg_snlwrf,-0.0,0.0,Atmospheric
space0_time3,0,3,568,47,3.874675120456128,era5_avg_snlwrfcs,-0.0,0.0,Atmospheric
space0_time3,0,3,568,47,3.874675120456128,hour,-0.0,0.0,Time
space0_time3,0,3,568,47,3.874675120456128,latitude,0.0,0.0,Space
space0_time3,0,3,568,47,3.874675120456128,longitude,-10.94303967744419,10.94303967744419,Space
space1_time0,1,0,644,83,1.311133937421563,era5_swvl1,-0.7502272608078223,0.7502272608078223,Atmospheric
space1_time0,1,0,644,83,1.311133937421563,era5_stl1,-0.0,0.0,Atmospheric
space1_time0,1,0,644,83,1.311133937421563,era5_cl,0.0,0.0,Atmospheric
space1_time0,1,0,644,83,1.311133937421563,era5_cvl,0.802585057360982,0.802585057360982,Atmospheric
space1_time0,1,0,644,83,1.311133937421563,era5_cvh,-0.0,0.0,Atmospheric
space1_time0,1,0,644,83,1.311133937421563,era5_tvl,0.0305165461685975,0.0305165461685975,Atmospheric
space1_time0,1,0,644,83,1.311133937421563,era5_tvh,2.5248776989192714,2.5248776989192714,Atmospheric
space1_time0,1,0,644,83,1.311133937421563,era5_siconc,0.0,0.0,Atmospheric
space1_time0,1,0,644,83,1.311133937421563,era5_asn,-1.8490402870915499,1.8490402870915499,Atmospheric
space1_time0,1,0,644,83,1.311133937421563,era5_sst,8.100671538308722,8.100671538308722,Atmospheric
space1_time0,1,0,644,83,1.311133937421563,era5_slt,-0.0,0.0,Atmospheric
space1_time0,1,0,644,83,1.311133937421563,era5_lai_lv,0.0,0.0,Atmospheric
space1_time0,1,0,644,83,1.311133937421563,era5_lai_hv,-6.090865924251393,6.090865924251393,Atmospheric
space1_time0,1,0,644,83,1.311133937421563,era5_sp,3.232304766669341,3.232304766669341,Atmospheric
space1_time0,1,0,644,83,1.311133937421563,era5_tcw,-17.864540603356925,17.864540603356925,Atmospheric
space1_time0,1,0,644,83,1.311133937421563,era5_tcwv,-0.0,0.0,Atmospheric
space1_time0,1,0,644,83,1.311133937421563,era5_msl,4.18083274300499,4.18083274300499,Atmospheric
space1_time0,1,0,644,83,1.311133937421563,era5_t2m,-0.0,0.0,Atmospheric
space1_time0,1,0,644,83,1.311133937421563,era5_lsm,-0.0,0.0,Atmospheric
space1_time0,1,0,644,83,1.311133937421563,era5_lcc,0.0,0.0,Atmospheric
space1_time0,1,0,644,83,1.311133937421563,era5_mcc,-0.08048632058716784,0.08048632058716784,Atmospheric
space1_time0,1,0,644,83,1.311133937421563,era5_hcc,-0.0,0.0,Atmospheric
space1_time0,1,0,644,83,1.311133937421563,era5_tco3,-0.3100115482706909,0.3100115482706909,Atmospheric
space1_time0,1,0,644,83,1.311133937421563,era5_skt,0.0,0.0,Atmospheric
space1_time0,1,0,644,83,1.311133937421563,era5_tsn,4.640467206786594,4.640467206786594,Atmospheric
space1_time0,1,0,644,83,1.311133937421563,era5_fal,-7.224679876467074,7.224679876467074,Atmospheric
space1_time0,1,0,644,83,1.311133937421563,era5_lmlt,0.0,0.0,Atmospheric
space1_time0,1,0,644,83,1.311133937421563,era5_lict,2.6373211774722987,2.6373211774722987,Atmospheric
space1_time0,1,0,644,83,1.311133937421563,era5_deg0l,0.0,0.0,Atmospheric
space1_time0,1,0,644,83,1.311133937421563,era5_avg_sdlwrf,-0.0,0.0,Atmospheric
space1_time0,1,0,644,83,1.311133937421563,era5_avg_snlwrf,-0.14792239070840763,0.14792239070840763,Atmospheric
space1_time0,1,0,644,83,1.311133937421563,era5_avg_snlwrfcs,0.0,0.0,Atmospheric
space1_time0,1,0,644,83,1.311133937421563,hour,-5.8461725021145305,5.8461725021145305,Time
space1_time0,1,0,644,83,1.311133937421563,latitude,19.745209038404937,19.745209038404937,Space
space1_time0,1,0,644,83,1.311133937421563,longitude,-5.945489146484347,5.945489146484347,Space
space1_time1,1,1,632,94,1.7190722018585747,era5_swvl1,-0.0,0.0,Atmospheric
space1_time1,1,1,632,94,1.7190722018585747,era5_stl1,-0.0,0.0,Atmospheric
space1_time1,1,1,632,94,1.7190722018585747,era5_cl,0.0,0.0,Atmospheric
space1_time1,1,1,632,94,1.7190722018585747,era5_cvl,0.0,0.0,Atmospheric
space1_time1,1,1,632,94,1.7190722018585747,era5_cvh,-0.0,0.0,Atmospheric
space1_time1,1,1,632,94,1.7190722018585747,era5_tvl,-0.0,0.0,Atmospheric
space1_time1,1,1,632,94,1.7190722018585747,era5_tvh,-0.0,0.0,Atmospheric
space1_time1,1,1,632,94,1.7190722018585747,era5_siconc,-0.0,0.0,Atmospheric
space1_time1,1,1,632,94,1.7190722018585747,era5_asn,-0.0,0.0,Atmospheric
space1_time1,1,1,632,94,1.7190722018585747,era5_sst,6.537082723107547,6.537082723107547,Atmospheric
space1_time1,1,1,632,94,1.7190722018585747,era5_slt,0.0,0.0,Atmospheric
space1_time1,1,1,632,94,1.7190722018585747,era5_lai_lv,0.0,0.0,Atmospheric
space1_time1,1,1,632,94,1.7190722018585747,era5_lai_hv,-1.1115056763994555,1.1115056763994555,Atmospheric
space1_time1,1,1,632,94,1.7190722018585747,era5_sp,3.2091729442243824,3.2091729442243824,Atmospheric
space1_time1,1,1,632,94,1.7190722018585747,era5_tcw,-13.06442629422131,13.06442629422131,Atmospheric
space1_time1,1,1,632,94,1.7190722018585747,era5_tcwv,-0.14689947970244058,0.14689947970244058,Atmospheric
space1_time1,1,1,632,94,1.7190722018585747,era5_msl,7.657033234888118,7.657033234888118,Atmospheric
space1_time1,1,1,632,94,1.7190722018585747,era5_t2m,-0.0,0.0,Atmospheric
space1_time1,1,1,632,94,1.7190722018585747,era5_lsm,-0.0,0.0,Atmospheric
space1_time1,1,1,632,94,1.7190722018585747,era5_lcc,0.0,0.0,Atmospheric
space1_time1,1,1,632,94,1.7190722018585747,era5_mcc,0.0,0.0,Atmospheric
space1_time1,1,1,632,94,1.7190722018585747,era5_hcc,-2.1515032223809696,2.1515032223809696,Atmospheric
space1_time1,1,1,632,94,1.7190722018585747,era5_tco3,-0.0,0.0,Atmospheric
space1_time1,1,1,632,94,1.7190722018585747,era5_skt,0.0,0.0,Atmospheric
space1_time1,1,1,632,94,1.7190722018585747,era5_tsn,3.508572465965691,3.508572465965691,Atmospheric
space1_time1,1,1,632,94,1.7190722018585747,era5_fal,-4.159327843598486,4.159327843598486,Atmospheric
space1_time1,1,1,632,94,1.7190722018585747,era5_lmlt,-0.0,0.0,Atmospheric
space1_time1,1,1,632,94,1.7190722018585747,era5_lict,3.3309748292538837,3.3309748292538837,Atmospheric
space1_time1,1,1,632,94,1.7190722018585747,era5_deg0l,-0.0,0.0,Atmospheric
space1_time1,1,1,632,94,1.7190722018585747,era5_avg_sdlwrf,0.0,0.0,Atmospheric
space1_time1,1,1,632,94,1.7190722018585747,era5_avg_snlwrf,0.0,0.0,Atmospheric
space1_time1,1,1,632,94,1.7190722018585747,era5_avg_snlwrfcs,0.0,0.0,Atmospheric
space1_time1,1,1,632,94,1.7190722018585747,hour,-8.058021805440758,8.058021805440758,Time
space1_time1,1,1,632,94,1.7190722018585747,latitude,19.33050665204337,19.33050665204337,Space
space1_time1,1,1,632,94,1.7190722018585747,longitude,-2.370670207992594,2.370670207992594,Space
space1_time3,1,3,599,50,1.7190722018585747,era5_swvl1,-1.8811021652681907,1.8811021652681907,Atmospheric
space1_time3,1,3,599,50,1.7190722018585747,era5_stl1,0.0,0.0,Atmospheric
space1_time3,1,3,599,50,1.7190722018585747,era5_cl,-0.0,0.0,Atmospheric
space1_time3,1,3,599,50,1.7190722018585747,era5_cvl,-0.0,0.0,Atmospheric
space1_time3,1,3,599,50,1.7190722018585747,era5_cvh,-0.0,0.0,Atmospheric
space1_time3,1,3,599,50,1.7190722018585747,era5_tvl,0.0,0.0,Atmospheric
space1_time3,1,3,599,50,1.7190722018585747,era5_tvh,-0.0,0.0,Atmospheric
space1_time3,1,3,599,50,1.7190722018585747,era5_siconc,-1.3856427014050283,1.3856427014050283,Atmospheric
space1_time3,1,3,599,50,1.7190722018585747,era5_asn,-0.0,0.0,Atmospheric
space1_time3,1,3,599,50,1.7190722018585747,era5_sst,6.653907605498984,6.653907605498984,Atmospheric
space1_time3,1,3,599,50,1.7190722018585747,era5_slt,-0.0,0.0,Atmospheric
space1_time3,1,3,599,50,1.7190722018585747,era5_lai_lv,-0.0,0.0,Atmospheric
space1_time3,1,3,599,50,1.7190722018585747,era5_lai_hv,-0.0,0.0,Atmospheric
space1_time3,1,3,599,50,1.7190722018585747,era5_sp,6.157766219158928,6.157766219158928,Atmospheric
space1_time3,1,3,599,50,1.7190722018585747,era5_tcw,-30.77730536995388,30.77730536995388,Atmospheric
space1_time3,1,3,599,50,1.7190722018585747,era5_tcwv,-0.197300321200807,0.197300321200807,Atmospheric
space1_time3,1,3,599,50,1.7190722018585747,era5_msl,5.911701753746582,5.911701753746582,Atmospheric
space1_time3,1,3,599,50,1.7190722018585747,era5_t2m,0.0,0.0,Atmospheric
space1_time3,1,3,599,50,1.7190722018585747,era5_lsm,-0.0,0.0,Atmospheric
space1_time3,1,3,599,50,1.7190722018585747,era5_lcc,-0.0,0.0,Atmospheric
space1_time3,1,3,599,50,1.7190722018585747,era5_mcc,-0.0,0.0,Atmospheric
space1_time3,1,3,599,50,1.7190722018585747,era5_hcc,-5.7869880033619685,5.7869880033619685,Atmospheric
space1_time3,1,3,599,50,1.7190722018585747,era5_tco3,-0.31520409250583226,0.31520409250583226,Atmospheric
space1_time3,1,3,599,50,1.7190722018585747,era5_skt,0.0,0.0,Atmospheric
space1_time3,1,3,599,50,1.7190722018585747,era5_tsn,4.946149525471052,4.946149525471052,Atmospheric
space1_time3,1,3,599,50,1.7190722018585747,era5_fal,-0.0,0.0,Atmospheric
space1_time3,1,3,599,50,1.7190722018585747,era5_lmlt,0.0,0.0,Atmospheric
space1_time3,1,3,599,50,1.7190722018585747,era5_lict,7.672070462840333,7.672070462840333,Atmospheric
space1_time3,1,3,599,50,1.7190722018585747,era5_deg0l,0.0,0.0,Atmospheric
space1_time3,1,3,599,50,1.7190722018585747,era5_avg_sdlwrf,0.0,0.0,Atmospheric
space1_time3,1,3,599,50,1.7190722018585747,era5_avg_snlwrf,-0.0,0.0,Atmospheric
space1_time3,1,3,599,50,1.7190722018585747,era5_avg_snlwrfcs,-0.0,0.0,Atmospheric
space1_time3,1,3,599,50,1.7190722018585747,hour,-16.427610058824122,16.427610058824122,Time
space1_time3,1,3,599,50,1.7190722018585747,latitude,3.8283100691609517,3.8283100691609517,Space
space1_time3,1,3,599,50,1.7190722018585747,longitude,-6.362983155108494,6.362983155108494,Space
space2_time0,2,0,600,38,0.44366873309786115,era5_swvl1,7.5384650152498525,7.5384650152498525,Atmospheric
space2_time0,2,0,600,38,0.44366873309786115,era5_stl1,-0.0,0.0,Atmospheric
space2_time0,2,0,600,38,0.44366873309786115,era5_cl,0.6674110019173358,0.6674110019173358,Atmospheric
space2_time0,2,0,600,38,0.44366873309786115,era5_cvl,4.509260714056335,4.509260714056335,Atmospheric
space2_time0,2,0,600,38,0.44366873309786115,era5_cvh,7.158547849795041,7.158547849795041,Atmospheric
space2_time0,2,0,600,38,0.44366873309786115,era5_tvl,1.7202016342969277,1.7202016342969277,Atmospheric
space2_time0,2,0,600,38,0.44366873309786115,era5_tvh,2.0453448392142164,2.0453448392142164,Atmospheric
space2_time0,2,0,600,38,0.44366873309786115,era5_siconc,0.0,0.0,Atmospheric
space2_time0,2,0,600,38,0.44366873309786115,era5_asn,0.0,0.0,Atmospheric
space2_time0,2,0,600,38,0.44366873309786115,era5_sst,18.160076986402572,18.160076986402572,Atmospheric
space2_time0,2,0,600,38,0.44366873309786115,era5_slt,-0.0,0.0,Atmospheric
space2_time0,2,0,600,38,0.44366873309786115,era5_lai_lv,7.367453749584159,7.367453749584159,Atmospheric
space2_time0,2,0,600,38,0.44366873309786115,era5_lai_hv,3.5896952460933136,3.5896952460933136,Atmospheric
space2_time0,2,0,600,38,0.44366873309786115,era5_sp,3.8775685290565867,3.8775685290565867,Atmospheric
space2_time0,2,0,600,38,0.44366873309786115,era5_tcw,-0.0,0.0,Atmospheric
space2_time0,2,0,600,38,0.44366873309786115,era5_tcwv,-21.183939205482933,21.183939205482933,Atmospheric
space2_time0,2,0,600,38,0.44366873309786115,era5_msl,3.3624044655338503,3.3624044655338503,Atmospheric
space2_time0,2,0,600,38,0.44366873309786115,era5_t2m,-0.0,0.0,Atmospheric
space2_time0,2,0,600,38,0.44366873309786115,era5_lsm,-31.666588994504917,31.666588994504917,Atmospheric
space2_time0,2,0,600,38,0.44366873309786115,era5_lcc,3.9753436280726357,3.9753436280726357,Atmospheric
space2_time0,2,0,600,38,0.44366873309786115,era5_mcc,1.8949322189169233,1.8949322189169233,Atmospheric
space2_time0,2,0,600,38,0.44366873309786115,era5_hcc,-1.8762037371585685,1.8762037371585685,Atmospheric
space2_time0,2,0,600,38,0.44366873309786115,era5_tco3,0.0,0.0,Atmospheric
space2_time0,2,0,600,38,0.44366873309786115,era5_skt,-0.0,0.0,Atmospheric
space2_time0,2,0,600,38,0.44366873309786115,era5_tsn,6.759171017293578,6.759171017293578,Atmospheric
space2_time0,2,0,600,38,0.44366873309786115,era5_fal,-6.162616218649303,6.162616218649303,Atmospheric
space2_time0,2,0,600,38,0.44366873309786115,era5_lmlt,0.0,0.0,Atmospheric
space2_time0,2,0,600,38,0.44366873309786115,era5_lict,-0.0,0.0,Atmospheric
space2_time0,2,0,600,38,0.44366873309786115,era5_deg0l,0.0,0.0,Atmospheric
space2_time0,2,0,600,38,0.44366873309786115,era5_avg_sdlwrf,-0.0,0.0,Atmospheric
space2_time0,2,0,600,38,0.44366873309786115,era5_avg_snlwrf,-3.1266457901051057,3.1266457901051057,Atmospheric
space2_time0,2,0,600,38,0.44366873309786115,era5_avg_snlwrfcs,-0.0,0.0,Atmospheric
space2_time0,2,0,600,38,0.44366873309786115,hour,-5.959480862137922,5.959480862137922,Time
space2_time0,2,0,600,38,0.44366873309786115,latitude,26.41128715916573,26.41128715916573,Space
space2_time0,2,0,600,38,0.44366873309786115,longitude,-17.729406458554475,17.729406458554475,Space
space2_time1,2,1,577,38,1.1450475699382812,era5_swvl1,8.685513741996708,8.685513741996708,Atmospheric
space2_time1,2,1,577,38,1.1450475699382812,era5_stl1,-0.0,0.0,Atmospheric
space2_time1,2,1,577,38,1.1450475699382812,era5_cl,0.40253896330496897,0.40253896330496897,Atmospheric
space2_time1,2,1,577,38,1.1450475699382812,era5_cvl,-0.0,0.0,Atmospheric
space2_time1,2,1,577,38,1.1450475699382812,era5_cvh,0.0,0.0,Atmospheric
space2_time1,2,1,577,38,1.1450475699382812,era5_tvl,-1.9502744792940325,1.9502744792940325,Atmospheric
space2_time1,2,1,577,38,1.1450475699382812,era5_tvh,0.0,0.0,Atmospheric
space2_time1,2,1,577,38,1.1450475699382812,era5_siconc,-2.5998204743655102,2.5998204743655102,Atmospheric
space2_time1,2,1,577,38,1.1450475699382812,era5_asn,-0.0,0.0,Atmospheric
space2_time1,2,1,577,38,1.1450475699382812,era5_sst,0.0,0.0,Atmospheric
space2_time1,2,1,577,38,1.1450475699382812,era5_slt,-0.0,0.0,Atmospheric
space2_time1,2,1,577,38,1.1450475699382812,era5_lai_lv,5.176119429490999,5.176119429490999,Atmospheric
space2_time1,2,1,577,38,1.1450475699382812,era5_lai_hv,2.6293313255354853,2.6293313255354853,Atmospheric
space2_time1,2,1,577,38,1.1450475699382812,era5_sp,4.914267254819619,4.914267254819619,Atmospheric
space2_time1,2,1,577,38,1.1450475699382812,era5_tcw,-0.0,0.0,Atmospheric
space2_time1,2,1,577,38,1.1450475699382812,era5_tcwv,-4.701322155562666,4.701322155562666,Atmospheric
space2_time1,2,1,577,38,1.1450475699382812,era5_msl,4.636325618340057,4.636325618340057,Atmospheric
space2_time1,2,1,577,38,1.1450475699382812,era5_t2m,-0.0,0.0,Atmospheric
space2_time1,2,1,577,38,1.1450475699382812,era5_lsm,-9.575126561356427,9.575126561356427,Atmospheric
space2_time1,2,1,577,38,1.1450475699382812,era5_lcc,0.7536551128963431,0.7536551128963431,Atmospheric
space2_time1,2,1,577,38,1.1450475699382812,era5_mcc,0.17925885620924187,0.17925885620924187,Atmospheric
space2_time1,2,1,577,38,1.1450475699382812,era5_hcc,-0.0,0.0,Atmospheric
space2_time1,2,1,577,38,1.1450475699382812,era5_tco3,0.017421968235637107,0.017421968235637107,Atmospheric
space2_time1,2,1,577,38,1.1450475699382812,era5_skt,-0.0,0.0,Atmospheric
space2_time1,2,1,577,38,1.1450475699382812,era5_tsn,3.452268821476449,3.452268821476449,Atmospheric
space2_time1,2,1,577,38,1.1450475699382812,era5_fal,-3.3642634663543505,3.3642634663543505,Atmospheric
space2_time1,2,1,577,38,1.1450475699382812,era5_lmlt,-0.0,0.0,Atmospheric
space2_time1,2,1,577,38,1.1450475699382812,era5_lict,0.0,0.0,Atmospheric
space2_time1,2,1,577,38,1.1450475699382812,era5_deg0l,-4.719455099201816,4.719455099201816,Atmospheric
space2_time1,2,1,577,38,1.1450475699382812,era5_avg_sdlwrf,-0.0,0.0,Atmospheric
space2_time1,2,1,577,38,1.1450475699382812,era5_avg_snlwrf,-0.0,0.0,Atmospheric
space2_time1,2,1,577,38,1.1450475699382812,era5_avg_snlwrfcs,-0.0,0.0,Atmospheric
space2_time1,2,1,577,38,1.1450475699382812,hour,-2.406732191287096,2.406732191287096,Time
space2_time1,2,1,577,38,1.1450475699382812,latitude,18.058833186939825,18.058833186939825,Space
space2_time1,2,1,577,38,1.1450475699382812,longitude,-7.33797291755998,7.33797291755998,Space
space2_time2,2,2,600,74,4.436687330978616,era5_swvl1,0.0,0.0,Atmospheric
space2_time2,2,2,600,74,4.436687330978616,era5_stl1,-0.0,0.0,Atmospheric
space2_time2,2,2,600,74,4.436687330978616,era5_cl,0.0,0.0,Atmospheric
space2_time2,2,2,600,74,4.436687330978616,era5_cvl,-0.0,0.0,Atmospheric
space2_time2,2,2,600,74,4.436687330978616,era5_cvh,0.0,0.0,Atmospheric
space2_time2,2,2,600,74,4.436687330978616,era5_tvl,0.0,0.0,Atmospheric
space2_time2,2,2,600,74,4.436687330978616,era5_tvh,0.0,0.0,Atmospheric
space2_time2,2,2,600,74,4.436687330978616,era5_siconc,-0.0,0.0,Atmospheric
space2_time2,2,2,600,74,4.436687330978616,era5_asn,-0.0,0.0,Atmospheric
space2_time2,2,2,600,74,4.436687330978616,era5_sst,-0.0,0.0,Atmospheric
space2_time2,2,2,600,74,4.436687330978616,era5_slt,0.0,0.0,Atmospheric
space2_time2,2,2,600,74,4.436687330978616,era5_lai_lv,0.9851800966766097,0.9851800966766097,Atmospheric
space2_time2,2,2,600,74,4.436687330978616,era5_lai_hv,0.0,0.0,Atmospheric
space2_time2,2,2,600,74,4.436687330978616,era5_sp,0.0,0.0,Atmospheric
space2_time2,2,2,600,74,4.436687330978616,era5_tcw,-0.0,0.0,Atmospheric
space2_time2,2,2,600,74,4.436687330978616,era5_tcwv,-7.599985136849871,7.599985136849871,Atmospheric
space2_time2,2,2,600,74,4.436687330978616,era5_msl,2.6859869361637365,2.6859869361637365,Atmospheric
space2_time2,2,2,600,74,4.436687330978616,era5_t2m,-0.0,0.0,Atmospheric
space2_time2,2,2,600,74,4.436687330978616,era5_lsm,0.0,0.0,Atmospheric
space2_time2,2,2,600,74,4.436687330978616,era5_lcc,2.0147256094729764,2.0147256094729764,Atmospheric
space2_time2,2,2,600,74,4.436687330978616,era5_mcc,0.0,0.0,Atmospheric
space2_time2,2,2,600,74,4.436687330978616,era5_hcc,-0.1835987079589058,0.1835987079589058,Atmospheric
space2_time2,2,2,600,74,4.436687330978616,era5_tco3,0.0,0.0,Atmospheric
space2_time2,2,2,600,74,4.436687330978616,era5_skt,-0.0,0.0,Atmospheric
space2_time2,2,2,600,74,4.436687330978616,era5_tsn,0.0,0.0,Atmospheric
space2_time2,2,2,600,74,4.436687330978616,era5_fal,-0.0,0.0,Atmospheric
space2_time2,2,2,600,74,4.436687330978616,era5_lmlt,-0.0,0.0,Atmospheric
space2_time2,2,2,600,74,4.436687330978616,era5_lict,0.0,0.0,Atmospheric
space2_time2,2,2,600,74,4.436687330978616,era5_deg0l,-0.0,0.0,Atmospheric
space2_time2,2,2,600,74,4.436687330978616,era5_avg_sdlwrf,-0.0,0.0,Atmospheric
space2_time2,2,2,600,74,4.436687330978616,era5_avg_snlwrf,-0.0,0.0,Atmospheric
space2_time2,2,2,600,74,4.436687330978616,era5_avg_snlwrfcs,-5.333728598987846,5.333728598987846,Atmospheric
space2_time2,2,2,600,74,4.436687330978616,hour,0.0,0.0,Time
space2_time2,2,2,600,74,4.436687330978616,latitude,0.013583493959351926,0.013583493959351926,Space
space2_time2,2,2,600,74,4.436687330978616,longitude,-12.689354266935482,12.689354266935482,Space
space2_time3,2,3,626,76,2.955209235202888,era5_swvl1,0.0,0.0,Atmospheric
space2_time3,2,3,626,76,2.955209235202888,era5_stl1,-0.0,0.0,Atmospheric
space2_time3,2,3,626,76,2.955209235202888,era5_cl,0.0,0.0,Atmospheric
space2_time3,2,3,626,76,2.955209235202888,era5_cvl,-0.0,0.0,Atmospheric
space2_time3,2,3,626,76,2.955209235202888,era5_cvh,0.0,0.0,Atmospheric
space2_time3,2,3,626,76,2.955209235202888,era5_tvl,0.0,0.0,Atmospheric
space2_time3,2,3,626,76,2.955209235202888,era5_tvh,0.0,0.0,Atmospheric
space2_time3,2,3,626,76,2.955209235202888,era5_siconc,-2.846920707157597,2.846920707157597,Atmospheric
space2_time3,2,3,626,76,2.955209235202888,era5_asn,-0.0,0.0,Atmospheric
space2_time3,2,3,626,76,2.955209235202888,era5_sst,0.0,0.0,Atmospheric
space2_time3,2,3,626,76,2.955209235202888,era5_slt,-0.0,0.0,Atmospheric
space2_time3,2,3,626,76,2.955209235202888,era5_lai_lv,3.28772434339547,3.28772434339547,Atmospheric
space2_time3,2,3,626,76,2.955209235202888,era5_lai_hv,0.0,0.0,Atmospheric
space2_time3,2,3,626,76,2.955209235202888,era5_sp,6.295101014605181,6.295101014605181,Atmospheric
space2_time3,2,3,626,76,2.955209235202888,era5_tcw,-0.0,0.0,Atmospheric
space2_time3,2,3,626,76,2.955209235202888,era5_tcwv,-14.177626234096927,14.177626234096927,Atmospheric
space2_time3,2,3,626,76,2.955209235202888,era5_msl,3.3550806843340477,3.3550806843340477,Atmospheric
space2_time3,2,3,626,76,2.955209235202888,era5_t2m,-0.0,0.0,Atmospheric
space2_time3,2,3,626,76,2.955209235202888,era5_lsm,-0.0,0.0,Atmospheric
space2_time3,2,3,626,76,2.955209235202888,era5_lcc,2.062767043080813,2.062767043080813,Atmospheric
space2_time3,2,3,626,76,2.955209235202888,era5_mcc,0.0,0.0,Atmospheric
space2_time3,2,3,626,76,2.955209235202888,era5_hcc,-1.1439823566517096,1.1439823566517096,Atmospheric
space2_time3,2,3,626,76,2.955209235202888,era5_tco3,0.0,0.0,Atmospheric
space2_time3,2,3,626,76,2.955209235202888,era5_skt,-0.0,0.0,Atmospheric
space2_time3,2,3,626,76,2.955209235202888,era5_tsn,0.0,0.0,Atmospheric
space2_time3,2,3,626,76,2.955209235202888,era5_fal,-0.0,0.0,Atmospheric
space2_time3,2,3,626,76,2.955209235202888,era5_lmlt,-0.0,0.0,Atmospheric
space2_time3,2,3,626,76,2.955209235202888,era5_lict,0.0,0.0,Atmospheric
space2_time3,2,3,626,76,2.955209235202888,era5_deg0l,-0.0,0.0,Atmospheric
space2_time3,2,3,626,76,2.955209235202888,era5_avg_sdlwrf,-0.0,0.0,Atmospheric
space2_time3,2,3,626,76,2.955209235202888,era5_avg_snlwrf,0.0,0.0,Atmospheric
space2_time3,2,3,626,76,2.955209235202888,era5_avg_snlwrfcs,-3.4405256616219058,3.4405256616219058,Atmospheric
space2_time3,2,3,626,76,2.955209235202888,hour,-8.618555819342243,8.618555819342243,Time
space2_time3,2,3,626,76,2.955209235202888,latitude,3.9533657595865814,3.9533657595865814,Space
space2_time3,2,3,626,76,2.955209235202888,longitude,-13.350933320034473,13.350933320034473,Space
space3_time0,3,0,540,71,4.436687330978616,era5_swvl1,-0.0,0.0,Atmospheric
space3_time0,3,0,540,71,4.436687330978616,era5_stl1,-0.0,0.0,Atmospheric
space3_time0,3,0,540,71,4.436687330978616,era5_cl,0.0,0.0,Atmospheric
space3_time0,3,0,540,71,4.436687330978616,era5_cvl,0.0,0.0,Atmospheric
space3_time0,3,0,540,71,4.436687330978616,era5_cvh,-0.0,0.0,Atmospheric
space3_time0,3,0,540,71,4.436687330978616,era5_tvl,0.0,0.0,Atmospheric
space3_time0,3,0,540,71,4.436687330978616,era5_tvh,0.0,0.0,Atmospheric
space3_time0,3,0,540,71,4.436687330978616,era5_siconc,0.0,0.0,Atmospheric
space3_time0,3,0,540,71,4.436687330978616,era5_asn,-0.0,0.0,Atmospheric
space3_time0,3,0,540,71,4.436687330978616,era5_sst,-0.0,0.0,Atmospheric
space3_time0,3,0,540,71,4.436687330978616,era5_slt,-0.0,0.0,Atmospheric
space3_time0,3,0,540,71,4.436687330978616,era5_lai_lv,0.0,0.0,Atmospheric
space3_time0,3,0,540,71,4.436687330978616,era5_lai_hv,-5.038380264605402,5.038380264605402,Atmospheric
space3_time0,3,0,540,71,4.436687330978616,era5_sp,0.0,0.0,Atmospheric
space3_time0,3,0,540,71,4.436687330978616,era5_tcw,-3.186957003666205,3.186957003666205,Atmospheric
space3_time0,3,0,540,71,4.436687330978616,era5_tcwv,-0.0,0.0,Atmospheric
space3_time0,3,0,540,71,4.436687330978616,era5_msl,3.092080352155374,3.092080352155374,Atmospheric
space3_time0,3,0,540,71,4.436687330978616,era5_t2m,-0.0,0.0,Atmospheric
space3_time0,3,0,540,71,4.436687330978616,era5_lsm,-0.0,0.0,Atmospheric
space3_time0,3,0,540,71,4.436687330978616,era5_lcc,3.0598008317563608,3.0598008317563608,Atmospheric
space3_time0,3,0,540,71,4.436687330978616,era5_mcc,-0.0,0.0,Atmospheric
space3_time0,3,0,540,71,4.436687330978616,era5_hcc,-0.0,0.0,Atmospheric
space3_time0,3,0,540,71,4.436687330978616,era5_tco3,0.0,0.0,Atmospheric
space3_time0,3,0,540,71,4.436687330978616,era5_skt,-0.0,0.0,Atmospheric
space3_time0,3,0,540,71,4.436687330978616,era5_tsn,0.0,0.0,Atmospheric
space3_time0,3,0,540,71,4.436687330978616,era5_fal,-0.18674618540033805,0.18674618540033805,Atmospheric
space3_time0,3,0,540,71,4.436687330978616,era5_lmlt,-0.0,0.0,Atmospheric
space3_time0,3,0,540,71,4.436687330978616,era5_lict,-0.0,0.0,Atmospheric
space3_time0,3,0,540,71,4.436687330978616,era5_deg0l,-0.0,0.0,Atmospheric
space3_time0,3,0,540,71,4.436687330978616,era5_avg_sdlwrf,-0.0,0.0,Atmospheric
space3_time0,3,0,540,71,4.436687330978616,era5_avg_snlwrf,-2.2336668055613895,2.2336668055613895,Atmospheric
space3_time0,3,0,540,71,4.436687330978616,era5_avg_snlwrfcs,-0.12699361225601205,0.12699361225601205,Atmospheric
space3_time0,3,0,540,71,4.436687330978616,hour,-1.5136964805087725,1.5136964805087725,Time
space3_time0,3,0,540,71,4.436687330978616,latitude,24.56013370190934,24.56013370190934,Space
space3_time0,3,0,540,71,4.436687330978616,longitude,-18.326969063630308,18.326969063630308,Space
space3_time1,3,1,524,78,11.450475699382812,era5_swvl1,-0.0,0.0,Atmospheric
space3_time1,3,1,524,78,11.450475699382812,era5_stl1,-0.0,0.0,Atmospheric
space3_time1,3,1,524,78,11.450475699382812,era5_cl,0.0,0.0,Atmospheric
space3_time1,3,1,524,78,11.450475699382812,era5_cvl,-0.0,0.0,Atmospheric
space3_time1,3,1,524,78,11.450475699382812,era5_cvh,-0.0,0.0,Atmospheric
space3_time1,3,1,524,78,11.450475699382812,era5_tvl,-0.0,0.0,Atmospheric
space3_time1,3,1,524,78,11.450475699382812,era5_tvh,-0.0,0.0,Atmospheric
space3_time1,3,1,524,78,11.450475699382812,era5_siconc,0.0,0.0,Atmospheric
space3_time1,3,1,524,78,11.450475699382812,era5_asn,-0.0,0.0,Atmospheric
space3_time1,3,1,524,78,11.450475699382812,era5_sst,-0.0,0.0,Atmospheric
space3_time1,3,1,524,78,11.450475699382812,era5_slt,-0.0,0.0,Atmospheric
space3_time1,3,1,524,78,11.450475699382812,era5_lai_lv,-0.0,0.0,Atmospheric
space3_time1,3,1,524,78,11.450475699382812,era5_lai_hv,-0.0,0.0,Atmospheric
space3_time1,3,1,524,78,11.450475699382812,era5_sp,0.0,0.0,Atmospheric
space3_time1,3,1,524,78,11.450475699382812,era5_tcw,-0.0,0.0,Atmospheric
space3_time1,3,1,524,78,11.450475699382812,era5_tcwv,-0.0,0.0,Atmospheric
space3_time1,3,1,524,78,11.450475699382812,era5_msl,0.0,0.0,Atmospheric
space3_time1,3,1,524,78,11.450475699382812,era5_t2m,-0.0,0.0,Atmospheric
space3_time1,3,1,524,78,11.450475699382812,era5_lsm,-0.0,0.0,Atmospheric
space3_time1,3,1,524,78,11.450475699382812,era5_lcc,0.0,0.0,Atmospheric
space3_time1,3,1,524,78,11.450475699382812,era5_mcc,-0.0,0.0,Atmospheric
space3_time1,3,1,524,78,11.450475699382812,era5_hcc,-0.0,0.0,Atmospheric
space3_time1,3,1,524,78,11.450475699382812,era5_tco3,0.0,0.0,Atmospheric
space3_time1,3,1,524,78,11.450475699382812,era5_skt,-0.0,0.0,Atmospheric
space3_time1,3,1,524,78,11.450475699382812,era5_tsn,-0.0,0.0,Atmospheric
space3_time1,3,1,524,78,11.450475699382812,era5_fal,-0.0,0.0,Atmospheric
space3_time1,3,1,524,78,11.450475699382812,era5_lmlt,-0.0,0.0,Atmospheric
space3_time1,3,1,524,78,11.450475699382812,era5_lict,-0.0,0.0,Atmospheric
space3_time1,3,1,524,78,11.450475699382812,era5_deg0l,-0.0,0.0,Atmospheric
space3_time1,3,1,524,78,11.450475699382812,era5_avg_sdlwrf,-0.0,0.0,Atmospheric
space3_time1,3,1,524,78,11.450475699382812,era5_avg_snlwrf,-0.0,0.0,Atmospheric
space3_time1,3,1,524,78,11.450475699382812,era5_avg_snlwrfcs,-0.0,0.0,Atmospheric
space3_time1,3,1,524,78,11.450475699382812,hour,-0.0,0.0,Time
space3_time1,3,1,524,78,11.450475699382812,latitude,20.193701259551688,20.193701259551688,Space
space3_time1,3,1,524,78,11.450475699382812,longitude,-0.0,0.0,Space
space3_time2,3,2,525,92,5.817091329374358,era5_swvl1,-0.0,0.0,Atmospheric
space3_time2,3,2,525,92,5.817091329374358,era5_stl1,-0.0,0.0,Atmospheric
space3_time2,3,2,525,92,5.817091329374358,era5_cl,-0.0,0.0,Atmospheric
space3_time2,3,2,525,92,5.817091329374358,era5_cvl,-0.0,0.0,Atmospheric
space3_time2,3,2,525,92,5.817091329374358,era5_cvh,-0.0,0.0,Atmospheric
space3_time2,3,2,525,92,5.817091329374358,era5_tvl,0.0,0.0,Atmospheric
space3_time2,3,2,525,92,5.817091329374358,era5_tvh,-0.0,0.0,Atmospheric
space3_time2,3,2,525,92,5.817091329374358,era5_siconc,0.0,0.0,Atmospheric
space3_time2,3,2,525,92,5.817091329374358,era5_asn,-0.0,0.0,Atmospheric
space3_time2,3,2,525,92,5.817091329374358,era5_sst,-0.0,0.0,Atmospheric
space3_time2,3,2,525,92,5.817091329374358,era5_slt,-0.0,0.0,Atmospheric
space3_time2,3,2,525,92,5.817091329374358,era5_lai_lv,-0.0,0.0,Atmospheric
space3_time2,3,2,525,92,5.817091329374358,era5_lai_hv,-5.993770274580146,5.993770274580146,Atmospheric
space3_time2,3,2,525,92,5.817091329374358,era5_sp,0.0,0.0,Atmospheric
space3_time2,3,2,525,92,5.817091329374358,era5_tcw,-3.5555171004762354,3.5555171004762354,Atmospheric
space3_time2,3,2,525,92,5.817091329374358,era5_tcwv,-0.0,0.0,Atmospheric
space3_time2,3,2,525,92,5.817091329374358,era5_msl,3.8138826086795685,3.8138826086795685,Atmospheric
space3_time2,3,2,525,92,5.817091329374358,era5_t2m,-0.0,0.0,Atmospheric
space3_time2,3,2,525,92,5.817091329374358,era5_lsm,-0.0,0.0,Atmospheric
space3_time2,3,2,525,92,5.817091329374358,era5_lcc,2.871840155764074,2.871840155764074,Atmospheric
space3_time2,3,2,525,92,5.817091329374358,era5_mcc,-0.0,0.0,Atmospheric
space3_time2,3,2,525,92,5.817091329374358,era5_hcc,-0.9875756378430284,0.9875756378430284,Atmospheric
space3_time2,3,2,525,92,5.817091329374358,era5_tco3,0.0,0.0,Atmospheric
space3_time2,3,2,525,92,5.817091329374358,era5_skt,-0.0,0.0,Atmospheric
space3_time2,3,2,525,92,5.817091329374358,era5_tsn,0.0,0.0,Atmospheric
space3_time2,3,2,525,92,5.817091329374358,era5_fal,-0.0,0.0,Atmospheric
space3_time2,3,2,525,92,5.817091329374358,era5_lmlt,-0.0,0.0,Atmospheric
space3_time2,3,2,525,92,5.817091329374358,era5_lict,-0.0,0.0,Atmospheric
space3_time2,3,2,525,92,5.817091329374358,era5_deg0l,-0.0,0.0,Atmospheric
space3_time2,3,2,525,92,5.817091329374358,era5_avg_sdlwrf,-0.0,0.0,Atmospheric
space3_time2,3,2,525,92,5.817091329374358,era5_avg_snlwrf,-0.0,0.0,Atmospheric
space3_time2,3,2,525,92,5.817091329374358,era5_avg_snlwrfcs,-0.0,0.0,Atmospheric
space3_time2,3,2,525,92,5.817091329374358,hour,0.0,0.0,Time
space3_time2,3,2,525,92,5.817091329374358,latitude,18.35621953706035,18.35621953706035,Space
space3_time2,3,2,525,92,5.817091329374358,longitude,-17.746508450383732,17.746508450383732,Space
space3_time3,3,3,535,78,5.817091329374358,era5_swvl1,-0.0,0.0,Atmospheric
space3_time3,3,3,535,78,5.817091329374358,era5_stl1,-0.0,0.0,Atmospheric
space3_time3,3,3,535,78,5.817091329374358,era5_cl,-0.0,0.0,Atmospheric
space3_time3,3,3,535,78,5.817091329374358,era5_cvl,-0.0,0.0,Atmospheric
space3_time3,3,3,535,78,5.817091329374358,era5_cvh,-0.0,0.0,Atmospheric
space3_time3,3,3,535,78,5.817091329374358,era5_tvl,0.0,0.0,Atmospheric
space3_time3,3,3,535,78,5.817091329374358,era5_tvh,-0.0,0.0,Atmospheric
space3_time3,3,3,535,78,5.817091329374358,era5_siconc,0.0,0.0,Atmospheric
space3_time3,3,3,535,78,5.817091329374358,era5_asn,-0.0,0.0,Atmospheric
space3_time3,3,3,535,78,5.817091329374358,era5_sst,-0.0,0.0,Atmospheric
space3_time3,3,3,535,78,5.817091329374358,era5_slt,-0.0,0.0,Atmospheric
space3_time3,3,3,535,78,5.817091329374358,era5_lai_lv,-0.0,0.0,Atmospheric
space3_time3,3,3,535,78,5.817091329374358,era5_lai_hv,-0.0,0.0,Atmospheric
space3_time3,3,3,535,78,5.817091329374358,era5_sp,0.0,0.0,Atmospheric
space3_time3,3,3,535,78,5.817091329374358,era5_tcw,-15.905687740531487,15.905687740531487,Atmospheric
space3_time3,3,3,535,78,5.817091329374358,era5_tcwv,-0.0,0.0,Atmospheric
space3_time3,3,3,535,78,5.817091329374358,era5_msl,6.229298806875968,6.229298806875968,Atmospheric
space3_time3,3,3,535,78,5.817091329374358,era5_t2m,-0.0,0.0,Atmospheric
space3_time3,3,3,535,78,5.817091329374358,era5_lsm,-0.0,0.0,Atmospheric
space3_time3,3,3,535,78,5.817091329374358,era5_lcc,0.0,0.0,Atmospheric
space3_time3,3,3,535,78,5.817091329374358,era5_mcc,-0.0,0.0,Atmospheric
space3_time3,3,3,535,78,5.817091329374358,era5_hcc,-4.555533134162332,4.555533134162332,Atmospheric
space3_time3,3,3,535,78,5.817091329374358,era5_tco3,0.0,0.0,Atmospheric
space3_time3,3,3,535,78,5.817091329374358,era5_skt,-0.0,0.0,Atmospheric
space3_time3,3,3,535,78,5.817091329374358,era5_tsn,-0.0,0.0,Atmospheric
space3_time3,3,3,535,78,5.817091329374358,era5_fal,0.0,0.0,Atmospheric
space3_time3,3,3,535,78,5.817091329374358,era5_lmlt,-0.0,0.0,Atmospheric
space3_time3,3,3,535,78,5.817091329374358,era5_lict,-0.0,0.0,Atmospheric
space3_time3,3,3,535,78,5.817091329374358,era5_deg0l,-0.0,0.0,Atmospheric
space3_time3,3,3,535,78,5.817091329374358,era5_avg_sdlwrf,-0.0,0.0,Atmospheric
space3_time3,3,3,535,78,5.817091329374358,era5_avg_snlwrf,-0.0,0.0,Atmospheric
space3_time3,3,3,535,78,5.817091329374358,era5_avg_snlwrfcs,-0.0,0.0,Atmospheric
space3_time3,3,3,535,78,5.817091329374358,hour,-12.178615690729853,12.178615690729853,Time
space3_time3,3,3,535,78,5.817091329374358,latitude,9.328505258410793,9.328505258410793,Space
space3_time3,3,3,535,78,5.817091329374358,longitude,-17.408181500754335,17.408181500754335,Space
