fold_id,hour,latitude,longitude,space_fold,time_fold,observed,predicted,residual,abs_error,squared_error,baseline_predicted,baseline_residual,baseline_abs_error,baseline_squared_error
space0_time0,1578085200000000000,37.75,18.0,0,0,171.83367919921875,161.52805982125702,10.305619377961733,10.305619377961733,106.20579076342038,161.52805982125702,10.305619377961733,10.305619377961733,106.20579076342038
space0_time0,1578171600000000000,40.0,16.0,0,0,151.5795135498047,161.52805982125702,-9.94854627145233,9.94854627145233,98.97357291522805,161.52805982125702,-9.94854627145233,9.94854627145233,98.97357291522805
space0_time0,1578258000000000000,38.25,13.25,0,0,205.8083953857422,161.52805982125702,44.28033556448517,44.28033556448517,1960.7481177034103,161.52805982125702,44.28033556448517,44.28033556448517,1960.7481177034103
space0_time0,1579035600000000000,39.75,15.75,0,0,165.30007934570312,161.52805982125702,3.772019524446108,3.772019524446108,14.228131292802644,161.52805982125702,3.772019524446108,3.772019524446108,14.228131292802644
space0_time0,1579809600000000000,41.5,18.25,0,0,163.9933624267578,161.52805982125702,2.4653026055007956,2.4653026055007956,6.077716936689011,161.52805982125702,2.4653026055007956,2.4653026055007956,6.077716936689011
space0_time0,1579809600000000000,37.25,17.25,0,0,187.51431274414062,161.52805982125702,25.986252922883608,25.986252922883608,675.2853409720768,161.52805982125702,25.986252922883608,25.986252922883608,675.2853409720768
space0_time0,1579899600000000000,39.5,15.5,0,0,156.1530303955078,161.52805982125702,-5.375029425749204,5.375029425749204,28.89094132766982,161.52805982125702,-5.375029425749204,5.375029425749204,28.89094132766982
space0_time0,1579986000000000000,41.75,13.5,0,0,141.12576293945312,161.52805982125702,-20.402296881803892,20.402296881803892,416.25371805326483,161.52805982125702,-20.402296881803892,20.402296881803892,416.25371805326483
space0_time0,1579986000000000000,37.75,12.5,0,0,154.19296264648438,161.52805982125702,-7.335097174772642,7.335097174772642,53.80365056335759,161.52805982125702,-7.335097174772642,7.335097174772642,53.80365056335759
space0_time0,1581537600000000000,40.75,17.0,0,0,160.7265625,161.52805982125702,-0.8014973212570169,0.8014973212570169,0.6423979559821738,161.52805982125702,-0.8014973212570169,0.8014973212570169,0.6423979559821738
space0_time0,1581537600000000000,36.75,16.5,0,0,191.43447875976562,161.52805982125702,29.906418938508608,29.906418938508608,894.3938937255864,161.52805982125702,29.906418938508608,29.906418938508608,894.3938937255864
space0_time0,1581627600000000000,39.0,14.25,0,0,136.55223083496094,161.52805982125702,-24.97582898629608,24.97582898629608,623.7920335527075,161.52805982125702,-24.97582898629608,24.97582898629608,623.7920335527075
space0_time0,1582401600000000000,40.5,16.5,0,0,127.40519714355469,161.52805982125702,-34.12286267770233,34.12286267770233,1164.3697573213306,161.52805982125702,-34.12286267770233,34.12286267770233,1164.3697573213306
space0_time0,1582491600000000000,38.5,14.0,0,0,135.24551391601562,161.52805982125702,-26.282545905241392,26.282545905241392,690.7722192611211,161.52805982125702,-26.282545905241392,26.282545905241392,690.7722192611211
space0_time0,1583265600000000000,39.75,16.25,0,0,195.35462951660156,161.52805982125702,33.826569695344546,33.826569695344546,1144.236817354002,161.52805982125702,33.826569695344546,33.826569695344546,1144.236817354002
space0_time0,1583355600000000000,38.0,13.5,0,0,181.6340789794922,161.52805982125702,20.10601915823517,20.10601915823517,404.2520063913197,161.52805982125702,20.10601915823517,20.10601915823517,404.2520063913197
space0_time1,1584043200000000000,37.0,17.75,0,1,166.60679626464844,162.79946426993365,3.8073319947147866,3.8073319947147866,14.495776917978876,158.59810707249008,8.008689192158357,8.008689192158357,64.13910257659408
space0_time1,1584219600000000000,41.25,13.75,0,1,180.980712890625,160.3204555321542,20.6602573584708,20.6602573584708,426.8462341182469,158.59810707249008,22.38260581813492,22.38260581813492,500.98104321000716
space0_time1,1584219600000000000,37.25,13.0,0,1,152.23287963867188,160.74625695431223,-8.513377315640355,8.513377315640355,72.47759331845978,158.59810707249008,-6.365227433818205,6.365227433818205,40.516120284231896
space0_time1,1584907200000000000,40.0,18.0,0,1,154.19296264648438,157.29962639008124,-3.1066637435968687,3.1066637435968687,9.651359615779311,158.59810707249008,-4.405144426005705,4.405144426005705,19.405297413969134
space0_time1,1584993600000000000,42.25,16.0,0,1,163.33999633789062,159.99186439053483,3.348131947355796,3.348131947355796,11.209987536904515,158.59810707249008,4.741889265400545,4.741889265400545,22.485513805320917
space0_time1,1584993600000000000,38.25,15.5,0,1,163.33999633789062,159.75791257167478,3.5820837662158453,3.5820837662158453,12.831324108187095,158.59810707249008,4.741889265400545,4.741889265400545,22.485513805320917
space0_time1,1585083600000000000,40.25,13.25,0,1,188.82102966308594,159.01298887443443,29.80804078865151,29.80804078865151,888.5192956579122,158.59810707249008,30.222922590595857,30.222922590595857,913.4250499171494
space0_time1,1585771200000000000,39.0,17.75,0,1,171.83367919921875,158.50869378962872,13.324985409590028,13.324985409590028,177.5552361657871,158.59810707249008,13.23557212672867,13.23557212672867,175.18036952183687
space0_time1,1586635200000000000,42.25,17.5,0,1,152.88623046875,161.7772685907485,-8.891038121998491,8.891038121998491,79.05055888683046,158.59810707249008,-5.71187660374008,5.71187660374008,32.62553433635331
space0_time1,1586635200000000000,37.75,17.25,0,1,164.64671325683594,157.60789229056618,7.038820966269753,7.038820966269753,49.545000595198665,158.59810707249008,6.048606184345857,6.048606184345857,36.58563677330695
space0_time1,1586721600000000000,40.0,15.0,0,1,156.1530303955078,158.85422024992607,-2.70118985441826,2.70118985441826,7.2964266296121405,158.59810707249008,-2.445076676982268,2.445076676982268,5.978399956322649
space0_time1,1586808000000000000,37.75,12.5,0,1,160.0731964111328,159.3001157519121,0.7730806592207102,0.7730806592207102,0.5976537056611279,158.59810707249008,1.4750893386427322,1.4750893386427322,2.175888556977453
space0_time1,1587585600000000000,38.5,14.25,0,1,160.0731964111328,157.44360491928794,2.6295914918448773,2.6295914918448773,6.914751413982967,158.59810707249008,1.4750893386427322,1.4750893386427322,2.175888556977453
space0_time1,1598731200000000000,36.75,17.5,0,1,174.44711303710938,160.9988913981308,13.448221638978566,13.448221638978566,180.85466525109135,158.59810707249008,15.849005964619295,15.849005964619295,251.19099006653798
space0_time1,1598817600000000000,38.75,15.25,0,1,163.33999633789062,161.39991218787998,1.940084150010648,1.940084150010648,3.763926509122539,158.59810707249008,4.741889265400545,4.741889265400545,22.485513805320917
space0_time1,1599681600000000000,41.75,16.25,0,1,179.0206298828125,163.7442511031983,15.276378779614191,15.276378779614191,233.36774861824676,158.59810707249008,20.42252281032242,20.42252281032242,417.07943793813956
space0_time1,1599681600000000000,37.75,16.5,0,1,190.1277618408203,163.73098532994334,26.396776510876975,26.396776510876975,696.7898101651864,158.59810707249008,31.529654768330232,31.529654768330232,994.1191298100894
space0_time1,1599768000000000000,39.25,14.0,0,1,173.14039611816406,156.6496819816014,16.490714136562673,16.490714136562673,271.943652733828,158.59810707249008,14.542289045673982,14.542289045673982,211.4781706879295
space0_time2,1600545600000000000,40.5,17.0,0,2,184.2475128173828,178.84117115254173,5.406341664841079,5.406341664841079,29.228530196996612,159.73398646582083,24.51352635156198,24.51352635156198,600.9129741887235
space0_time2,1600632000000000000,38.0,14.75,0,2,159.41983032226562,216.4187655429023,-56.99893522063667,56.99893522063667,3248.8786162863353,159.73398646582083,-0.31415614355520916,0.31415614355520916,0.09869408253348118
space0_time2,1601409600000000000,39.25,17.75,0,2,176.40719604492188,184.80097979059644,-8.393783745674568,8.393783745674568,70.45560556915059,159.73398646582083,16.67320957910104,16.67320957910104,277.9959176686267
space0_time2,1601496000000000000,41.0,15.5,0,2,137.8589630126953,169.47547077340627,-31.61650776071096,31.61650776071096,999.6035629830964,159.73398646582083,-21.87502345312552,21.87502345312552,478.51665107479164
space0_time2,1601496000000000000,36.75,15.0,0,2,204.50167846679688,186.62270756399965,17.87897090279722,17.87897090279722,319.6576005430697,159.73398646582083,44.76769200097604,44.76769200097604,2004.1462470942542
space0_time2,1601582400000000000,38.75,13.0,0,2,197.31471252441406,168.06388619898007,29.25082632543399,29.25082632543399,855.6108407207022,159.73398646582083,37.58072605859323,37.58072605859323,1412.310971091028
space0_time2,1602273600000000000,38.0,18.0,0,2,93.43048095703125,186.71857142309548,-93.28809046606423,93.28809046606423,8702.667822804584,159.73398646582083,-66.30350550878958,66.30350550878958,4396.154842754091
space0_time2,1602360000000000000,39.5,16.0,0,2,107.80439758300781,175.35495125072546,-67.55055366771765,67.55055366771765,4563.077300815203,159.73398646582083,-51.92958888281302,51.92958888281302,2696.6822015379776
space0_time2,1602446400000000000,41.0,14.25,0,2,139.81903076171875,173.1727527629874,-33.353722001268636,33.353722001268636,1112.4707713379114,159.73398646582083,-19.914955704102084,19.914955704102084,396.60546069634813
space0_time2,1602446400000000000,36.75,13.75,0,2,152.88623046875,173.7556325365063,-20.86940206775631,20.86940206775631,435.5319426656714,159.73398646582083,-6.847755997070834,6.847755997070834,46.891762195419574
space0_time2,1603224000000000000,41.75,17.5,0,2,191.43447875976562,181.35146024228422,10.083018517481406,10.083018517481406,101.66726242387294,159.73398646582083,31.70049229394479,31.70049229394479,1004.9212116784531
space0_time2,1603224000000000000,37.5,16.5,0,2,200.58151245117188,184.59373044030957,15.987782010862304,15.987782010862304,255.6091736268523,159.73398646582083,40.84752598535104,40.84752598535104,1668.5203791239285
space0_time2,1603310400000000000,39.25,14.5,0,2,159.41983032226562,179.64730842281193,-20.227478100546307,20.227478100546307,409.1508703080804,159.73398646582083,-0.31415614355520916,0.31415614355520916,0.09869408253348118
space0_time2,1604088000000000000,39.5,17.75,0,2,140.47239685058594,173.81540920769706,-33.34301235711112,33.34301235711112,1111.7564730464649,159.73398646582083,-19.261589615234897,19.261589615234897,371.0088345057248
space0_time2,1604174400000000000,41.25,15.75,0,2,169.87359619140625,169.73782925363076,0.13576693777548599,0.13576693777548599,0.018432661392932682,159.73398646582083,10.139609725585416,10.139609725585416,102.81168538718636
space0_time2,1604174400000000000,37.25,14.75,0,2,192.74119567871094,164.52860722330817,28.212588455402766,28.212588455402766,795.9501473539254,159.73398646582083,33.0072092128901,33.0072092128901,1089.4758600234973
space0_time2,1604260800000000000,38.75,12.75,0,2,201.8882293701172,171.29441863571995,30.593810734397238,30.593810734397238,935.9812552521197,159.73398646582083,42.15424290429635,42.15424290429635,1776.9801948344195
space0_time3,1604952000000000000,37.25,17.75,0,3,169.87359619140625,162.14268391273254,7.7309122786737134,7.7309122786737134,59.76700466054799,162.14268391273254,7.7309122786737134,7.7309122786737134,59.76700466054799
space0_time3,1605038400000000000,38.75,15.75,0,3,210.3819122314453,162.14268391273254,48.239228318712776,48.239228318712776,2327.0231487849005,162.14268391273254,48.239228318712776,48.239228318712776,2327.0231487849005
space0_time3,1605124800000000000,40.5,13.75,0,3,184.2475128173828,162.14268391273254,22.104828904650276,22.104828904650276,488.62346090386234,162.14268391273254,22.104828904650276,22.104828904650276,488.62346090386234
space0_time3,1605902400000000000,40.25,16.5,0,3,169.87359619140625,162.14268391273254,7.7309122786737134,7.7309122786737134,59.76700466054799,162.14268391273254,7.7309122786737134,7.7309122786737134,59.76700466054799
space0_time3,1606852800000000000,39.0,14.0,0,3,166.60679626464844,162.14268391273254,4.464112351915901,4.464112351915901,19.928299090528117,162.14268391273254,4.464112351915901,4.464112351915901,19.928299090528117
space0_time3,1607630400000000000,42.0,17.25,0,3,140.47239685058594,162.14268391273254,-21.6702870621466,21.6702870621466,469.60134135583826,162.14268391273254,-21.6702870621466,21.6702870621466,469.60134135583826
space0_time3,1607630400000000000,38.0,16.5,0,3,163.9933624267578,162.14268391273254,1.850678514025276,1.850678514025276,3.4250109622748033,162.14268391273254,1.850678514025276,1.850678514025276,3.4250109622748033
space0_time3,1607716800000000000,39.5,14.5,0,3,209.7285614013672,162.14268391273254,47.58587748863465,47.58587748863465,2264.4157363633462,162.14268391273254,47.58587748863465,47.58587748863465,2264.4157363633462
space0_time3,1608494400000000000,42.75,17.5,0,3,152.88623046875,162.14268391273254,-9.256453443982537,9.256453443982537,85.68193036061616,162.14268391273254,-9.256453443982537,9.256453443982537,85.68193036061616
space0_time3,1608494400000000000,38.75,16.5,0,3,123.48503875732422,162.14268391273254,-38.65764515540832,38.65764515540832,1494.4135289614642,162.14268391273254,-38.65764515540832,38.65764515540832,1494.4135289614642
space0_time3,1608580800000000000,40.0,14.5,0,3,149.6194305419922,162.14268391273254,-12.523253370740349,12.523253370740349,156.8318749877595,162.14268391273254,-12.523253370740349,12.523253370740349,156.8318749877595
space0_time3,1609358400000000000,42.75,17.5,0,3,162.0332794189453,162.14268391273254,-0.10940449378722406,0.10940449378722406,0.011969343260838747,162.14268391273254,-0.10940449378722406,0.10940449378722406,0.011969343260838747
space0_time3,1609358400000000000,38.75,16.75,0,3,152.23287963867188,162.14268391273254,-9.909804274060662,9.909804274060662,98.20422075019096,162.14268391273254,-9.909804274060662,9.909804274060662,98.20422075019096
space0_time3,1609444800000000000,40.25,14.75,0,3,145.69927978515625,162.14268391273254,-16.443404127576287,16.443404127576287,270.38553930279284,162.14268391273254,-16.443404127576287,16.443404127576287,270.38553930279284
space1_time0,1578171600000000000,44.0,17.0,1,0,163.33999633789062,163.48139748763577,-0.14140114974514972,0.14140114974514972,0.019994285149250255,162.70852436287296,0.6314719750176607,0.6314719750176607,0.39875685523270515
space1_time0,1578258000000000000,46.25,15.0,1,0,154.8463134765625,163.7240254133111,-8.877711936748597,8.877711936748597,78.81376923188851,162.70852436287296,-7.862210886310464,7.862210886310464,61.814360020818775
space1_time0,1578258000000000000,42.25,14.25,1,0,178.36727905273438,163.90937334145212,14.457905711282251,14.457905711282251,209.03103755632793,162.70852436287296,15.65875468986141,15.65875468986141,245.19659843725674
space1_time0,1578430800000000000,46.75,10.5,1,0,170.52696228027344,159.15725102087242,11.369711259401015,11.369711259401015,129.27033412215022,162.70852436287296,7.818437917400473,7.818437917400473,61.12797146824545
space1_time0,1578517200000000000,45.0,7.5,1,0,147.00599670410156,163.91994249782124,-16.913945793719677,16.913945793719677,286.08156231288757,162.70852436287296,-15.702527658771402,15.702527658771402,246.56937487448087
space1_time0,1578603600000000000,46.0,10.5,1,0,162.0332794189453,163.91994249782124,-1.8866630788759267,1.8866630788759267,3.559497573193591,162.70852436287296,-0.6752449439276518,0.6752449439276518,0.4559557342998576
space1_time0,1579035600000000000,43.75,16.75,1,0,165.30007934570312,158.0477625770896,7.252316768613525,7.252316768613525,52.59609851231293,162.70852436287296,2.5915549828301607,2.5915549828301607,6.716157229031834
space1_time0,1579208400000000000,44.5,12.0,1,0,165.95343017578125,163.49313247434475,2.4602977014365024,2.4602977014365024,6.053064779693737,162.70852436287296,3.2449058129082857,3.2449058129082857,10.529413734645983
space1_time0,1579381200000000000,44.75,7.0,1,0,163.33999633789062,163.91994249782124,-0.5799461599306142,0.5799461599306142,0.3363375484182655,162.70852436287296,0.6314719750176607,0.6314719750176607,0.39875685523270515
space1_time0,1579899600000000000,43.5,16.25,1,0,183.5941619873047,160.46495078400034,23.12921120330435,23.12921120330435,534.9604108870595,162.70852436287296,20.885637624431723,20.885637624431723,436.209858979078
space1_time0,1579986000000000000,46.0,14.25,1,0,174.44711303710938,157.53674009589352,16.910372941215854,16.910372941215854,285.96071301100534,162.70852436287296,11.73858867423641,11.73858867423641,137.79446406291135
space1_time0,1580072400000000000,44.0,11.5,1,0,111.72455596923828,161.24891552707498,-49.5243595578367,49.5243595578367,2452.6621896138918,162.70852436287296,-50.98396839363468,50.98396839363468,2599.36503316314
space1_time0,1581537600000000000,44.75,18.0,1,0,154.8463134765625,163.91994249782124,-9.07362902125874,9.07362902125874,82.33074361542883,162.70852436287296,-7.862210886310464,7.862210886310464,61.814360020818775
space1_time0,1581627600000000000,47.0,16.0,1,0,127.40519714355469,163.7409571091152,-36.3357599655605,36.3357599655605,1320.287452274829,162.70852436287296,-35.30332721931828,35.30332721931828,1246.3249127542588
space1_time0,1581627600000000000,43.0,15.0,1,0,131.9787139892578,163.85354759807092,-31.874833608813105,31.874833608813105,1016.0050175895215,162.70852436287296,-30.72981037361515,30.72981037361515,944.3212455983454
space1_time0,1581800400000000000,43.5,10.25,1,0,168.56687927246094,163.91994249782124,4.646936774639698,4.646936774639698,21.594021387498803,162.70852436287296,5.858354909587973,5.858354909587973,34.32032224669351
space1_time0,1581886800000000000,45.75,8.25,1,0,130.6719970703125,162.4399547336197,-31.767957663307186,31.767957663307186,1009.2031340976778,162.70852436287296,-32.036527292560464,32.036527292560464,1026.3390809669716
space1_time0,1582401600000000000,44.25,17.5,1,0,138.51231384277344,163.91994249782124,-25.4076286550478,25.4076286550478,645.5475938728061,162.70852436287296,-24.196210520099527,24.196210520099527,585.456603532975
space1_time0,1582491600000000000,46.75,15.25,1,0,161.37991333007812,163.5325204513816,-2.1526071213034754,2.1526071213034754,4.633717418686436,162.70852436287296,-1.3286110327948393,1.3286110327948393,1.7652072764641695
space1_time0,1582491600000000000,42.5,14.75,1,0,156.1530303955078,163.91994249782124,-7.766912102313427,7.766912102313427,60.32492360506277,162.70852436287296,-6.555493967365152,6.555493967365152,42.9745011561609
space1_time0,1582578000000000000,45.0,12.75,1,0,182.9407958984375,163.87906557826864,19.061730320168863,19.061730320168863,363.34956279884494,162.70852436287296,20.232271535564536,20.232271535564536,409.3448114888149
space1_time0,1582664400000000000,43.0,10.0,1,0,163.9933624267578,163.8659073734932,0.1274550532646117,0.1274550532646117,0.016244790602685008,162.70852436287296,1.2848380638848482,1.2848380638848482,1.6508088504073652
space1_time0,1582750800000000000,45.25,7.75,1,0,136.55223083496094,163.37760937566946,-26.825378540708527,26.825378540708527,719.6009338523056,162.70852436287296,-26.156293527912027,26.156293527912027,684.1516911182925
space1_time0,1583265600000000000,44.0,17.0,1,0,148.31271362304688,157.71776983319376,-9.405056210146881,9.405056210146881,88.45508231602241,162.70852436287296,-14.39581073982609,14.39581073982609,207.2393668568922
space1_time0,1583355600000000000,46.25,14.75,1,0,167.26016235351562,163.71187551071887,3.548286842796756,3.548286842796756,12.590339518764571,162.70852436287296,4.551637990642661,4.551637990642661,20.717408397861558
space1_time0,1583355600000000000,42.25,14.25,1,0,165.95343017578125,160.1119892769821,5.8414408987991635,5.8414408987991635,34.12243177416358,162.70852436287296,3.2449058129082857,3.2449058129082857,10.529413734645983
space1_time0,1583442000000000000,44.25,12.25,1,0,120.2182388305664,160.4024921772009,-40.184253346634506,40.184253346634506,1614.7742170265064,162.70852436287296,-42.49028553230656,42.49028553230656,1805.42436461694
space1_time1,1583528400000000000,46.5,10.0,1,1,145.69927978515625,7.2e-321,145.69927978515625,145.69927978515625,21228.28012991324,160.34409696787068,-14.644817182714434,14.644817182714434,214.47067031512793
space1_time1,1584219600000000000,45.5,14.25,1,1,154.8463134765625,157.51905458638387,-2.6727411098213736,2.6727411098213736,7.143545040129188,160.34409696787068,-5.497783491308184,5.497783491308184,30.2256233173008
space1_time1,1584306000000000000,43.75,11.5,1,1,158.1131134033203,159.99509043553988,-1.8819770322195666,1.8819770322195666,3.5418375498019676,160.34409696787068,-2.230983564550371,2.230983564550371,4.97728766529388
space1_time1,1584392400000000000,46.0,9.5,1,1,170.52696228027344,0.0,170.52696228027344,170.52696228027344,29079.4448645378,160.34409696787068,10.182865312402754,10.182865312402754,103.69074597053523
space1_time1,1584993600000000000,46.75,16.5,1,1,180.32736206054688,0.0,180.32736206054688,180.32736206054688,32517.95750771556,160.34409696787068,19.98326509267619,19.98326509267619,399.3308837641708
space1_time1,1585083600000000000,44.75,13.75,1,1,180.32736206054688,156.06534295488063,24.26201910566624,24.26201910566624,588.6455710837137,160.34409696787068,19.98326509267619,19.98326509267619,399.3308837641708
space1_time1,1585170000000000000,42.75,11.0,1,1,180.32736206054688,1.3812912073307196e-102,180.32736206054688,180.32736206054688,32517.95750771556,160.34409696787068,19.98326509267619,19.98326509267619,399.3308837641708
space1_time1,1585256400000000000,45.25,8.75,1,1,169.87359619140625,146.85775830667745,23.015837884728796,23.015837884728796,529.7287935361173,160.34409696787068,9.529499223535566,9.529499223535566,90.81135545136496
space1_time1,1585771200000000000,43.25,18.25,1,1,155.4996795654297,0.0,155.4996795654297,155.4996795654297,24180.15034495131,160.34409696787068,-4.844417402440996,4.844417402440996,23.46837996907317
space1_time1,1586808000000000000,42.25,12.5,1,1,120.2182388305664,167.86384441270755,-47.645605582141144,47.645605582141144,2270.1037312889594,160.34409696787068,-40.12585813730428,40.12585813730428,1610.0844912550679
space1_time1,1599768000000000000,43.5,14.25,1,1,167.26016235351562,149.2776978160688,17.982464537446816,17.982464537446816,323.36903084053233,160.34409696787068,6.916065385644941,6.916065385644941,47.83196041851611
space1_time1,1599854400000000000,45.5,12.0,1,1,182.9407958984375,146.40750045864405,36.53329543979345,36.53329543979345,1334.6816756912328,160.34409696787068,22.596698930566816,22.596698930566816,510.6108025586795
space1_time2,1600027200000000000,45.0,7.25,1,2,187.51431274414062,164.08610821847702,23.428204525663602,23.428204525663602,548.8807672963245,163.1081819761008,24.406130768039816,24.406130768039816,595.6592190666597
space1_time2,1600545600000000000,44.75,17.5,1,2,143.08583068847656,163.47583925171315,-20.39000856323659,20.39000856323659,415.75244920886155,163.1081819761008,-20.022351287624247,20.022351287624247,400.89455108502835
space1_time2,1600632000000000000,46.5,15.25,1,2,190.1277618408203,162.441198049728,27.68656379109231,27.68656379109231,766.5458145582238,163.1081819761008,27.019579864719503,27.019579864719503,730.0576960659556
space1_time2,1600632000000000000,42.25,15.0,1,2,182.2874298095703,168.32555231517733,13.96187749439298,13.96187749439298,194.93402316843716,163.1081819761008,19.179247833469503,19.179247833469503,367.84354745764466
space1_time2,1600718400000000000,44.0,13.0,1,2,194.04791259765625,166.33006415833077,27.71784843932548,27.71784843932548,768.2791221054179,163.1081819761008,30.93973062155544,30.93973062155544,957.2669309344154
space1_time2,1600804800000000000,46.0,10.75,1,2,165.95343017578125,149.1366975650506,16.81673261073064,16.81673261073064,282.80249570081133,163.1081819761008,2.845248199680441,2.845248199680441,8.09543731778479
space1_time2,1601496000000000000,45.0,16.25,1,2,145.69927978515625,161.86709289062853,-16.167813105472277,16.167813105472277,261.3981806134811,163.1081819761008,-17.40890219094456,17.40890219094456,303.0698754938743
space1_time2,1601582400000000000,47.0,14.25,1,2,165.95343017578125,158.47716095013823,7.476269225643023,7.476269225643023,55.894601534296925,163.1081819761008,2.845248199680441,2.845248199680441,8.09543731778479
space1_time2,1601582400000000000,42.75,13.5,1,2,175.10047912597656,163.83304558344742,11.267433542529147,11.267433542529147,126.95505863531093,163.1081819761008,11.992297149875753,11.992297149875753,143.8151909309181
space1_time2,1601755200000000000,46.25,9.5,1,2,177.7139129638672,153.49601659694395,24.21789636692324,24.21789636692324,586.506504439034,163.1081819761008,14.605730987766378,14.605730987766378,213.32737768699903
space1_time2,1602360000000000000,43.5,17.0,1,2,98.65735626220703,161.6484683817062,-62.99111211949918,62.99111211949918,3967.8802060513162,163.1081819761008,-64.45082571389378,64.45082571389378,4153.908935202711
space1_time2,1602446400000000000,45.25,14.75,1,2,158.7664794921875,149.13760193880927,9.628877553378231,9.628877553378231,92.71528293795116,163.1081819761008,-4.341702483913309,4.341702483913309,18.850380458819
space1_time2,1602532800000000000,43.25,12.0,1,2,109.76448059082031,162.36935887841187,-52.60487828759156,52.60487828759156,2767.273219652322,163.1081819761008,-53.3437013852805,53.3437013852805,2845.5504774819765
space1_time2,1602619200000000000,44.25,10.25,1,2,154.8463134765625,160.54203226700884,-5.695718790446335,5.695718790446335,32.44121253984346,163.1081819761008,-8.26186849953831,8.26186849953831,68.2584711036634
space1_time2,1603224000000000000,45.5,18.25,1,2,137.8589630126953,161.45741623298824,-23.598453220292924,23.598453220292924,556.8869943903535,163.1081819761008,-25.249218963405497,25.249218963405497,637.5230582619957
space1_time2,1603310400000000000,43.25,15.25,1,2,187.51431274414062,166.298108959345,21.216203784795624,21.216203784795624,450.12730303797616,163.1081819761008,24.406130768039816,24.406130768039816,595.6592190666597
space1_time2,1603396800000000000,45.0,13.25,1,2,188.1676788330078,164.61299757705328,23.554681255954534,23.554681255954534,554.8230090696159,163.1081819761008,25.059496856907003,25.059496856907003,627.978382721332
space1_time2,1603483200000000000,46.75,11.25,1,2,146.35263061523438,148.15562687831058,-1.80299626307621,1.80299626307621,3.2507955246667777,163.1081819761008,-16.755551360866434,16.755551360866434,280.748501406633
space1_time2,1603569600000000000,44.25,8.5,1,2,160.0731964111328,159.90124308133082,0.17195332980199396,0.17195332980199396,0.029567947629993305,163.1081819761008,-3.0349855649679967,3.0349855649679967,9.211137379564109
space1_time2,1604174400000000000,45.25,16.5,1,2,186.8609619140625,161.13215563475993,25.728806279302574,25.728806279302574,661.9714725578796,163.1081819761008,23.75277993796169,23.75277993796169,564.1945547812354
space1_time2,1604260800000000000,46.75,14.5,1,2,173.79376220703125,157.32444974096552,16.46931246606573,16.46931246606573,271.2382531049081,163.1081819761008,10.68558023093044,10.68558023093044,114.18162487165145
space1_time2,1604260800000000000,42.75,13.5,1,2,175.7538299560547,160.11518115013897,15.638648805915722,15.638648805915722,244.56733647476923,163.1081819761008,12.645647979953878,12.645647979953878,159.9124128329116
space1_time2,1604347200000000000,44.5,11.5,1,2,175.7538299560547,160.47204135498916,15.281788601065529,15.281788601065529,233.53306284765634,163.1081819761008,12.645647979953878,12.645647979953878,159.9124128329116
space1_time3,1604433600000000000,46.0,9.5,1,3,166.60679626464844,154.07171254405517,12.535083720593263,12.535083720593263,157.12832388228225,165.2668036961893,1.339992568459138,1.339992568459138,1.7955800835257179
space1_time3,1605038400000000000,47.0,17.25,1,3,207.7684783935547,149.09843577508192,58.67004261847276,58.67004261847276,3442.1739008534105,165.2668036961893,42.50167469736539,42.50167469736539,1806.3923520806693
space1_time3,1605038400000000000,43.0,16.5,1,3,169.87359619140625,167.0442618627868,2.8293343286194386,2.8293343286194386,8.00513274310441,165.2668036961893,4.606792495216951,4.606792495216951,21.222537093987217
space1_time3,1605124800000000000,44.5,14.5,1,3,201.8882293701172,166.53897394938508,35.349255420732106,35.349255420732106,1249.5698588001583,165.2668036961893,36.62142567392789,36.62142567392789,1341.1288183910247
space1_time3,1605211200000000000,46.25,12.5,1,3,179.0206298828125,157.3488027965504,21.671827086262113,21.671827086262113,469.66808925684415,165.2668036961893,13.7538261866232,13.7538261866232,189.16773477184208
space1_time3,1605297600000000000,43.75,9.5,1,3,154.8463134765625,158.91805632412883,-4.071742847566327,4.071742847566327,16.57908981670754,165.2668036961893,-10.4204902196268,10.4204902196268,108.58661641733778
space1_time3,1605387600000000000,45.25,7.5,1,3,175.7538299560547,152.57128885571896,23.182541100335726,23.182541100335726,537.4302118687551,165.2668036961893,10.487026259865388,10.487026259865388,109.97771977510622
space1_time3,1605902400000000000,44.25,17.25,1,3,189.47439575195312,148.40486072147866,41.06953503047447,41.06953503047447,1686.7067076193696,165.2668036961893,24.207592055763826,24.207592055763826,586.0075131382799
space1_time3,1606852800000000000,47.0,16.0,1,3,169.87359619140625,151.77457935075483,18.099016840651416,18.099016840651416,327.57441059818353,165.2668036961893,4.606792495216951,4.606792495216951,21.222537093987217
space1_time3,1606852800000000000,43.0,14.75,1,3,184.90087890625,154.3362337573556,30.564645148894414,30.564645148894414,934.1975330778348,165.2668036961893,19.6340752100607,19.6340752100607,385.49690935432017
space1_time3,1606939200000000000,47.0,12.5,1,3,135.24551391601562,146.88956605490733,-11.644052138891709,11.644052138891709,135.58395021322858,165.2668036961893,-30.021289780173674,30.021289780173674,901.2778400651603
space1_time3,1606939200000000000,43.25,11.5,1,3,120.2182388305664,148.1524083260654,-27.934169495498992,27.934169495498992,780.3178254032664,165.2668036961893,-45.04856486562289,45.04856486562289,2029.3731964522333
space1_time3,1607025600000000000,46.0,11.0,1,3,149.6194305419922,154.22879387898948,-4.609363336997291,4.609363336997291,21.2462303724548,165.2668036961893,-15.647373154197112,15.647373154197112,244.84028662668848
space1_time3,1607112000000000000,46.25,9.25,1,3,142.43247985839844,150.96031671829493,-8.527836859896496,8.527836859896496,72.72400150900933,165.2668036961893,-22.834323837790862,22.834323837790862,521.406345129104
space1_time3,1607630400000000000,46.25,18.0,1,3,188.82102966308594,148.21318403921063,40.607845623875306,40.607845623875306,1648.9971262124889,165.2668036961893,23.554225966896638,23.554225966896638,554.8015608996278
space1_time3,1607716800000000000,43.75,15.25,1,3,175.10047912597656,160.75582755153752,14.344651574439041,14.344651574439041,205.76902879205645,165.2668036961893,9.833675429787263,9.833675429787263,96.70117245840171
space1_time3,1607803200000000000,45.0,13.25,1,3,149.6194305419922,163.7246892962146,-14.105258754222405,14.105258754222405,198.95832452356777,165.2668036961893,-15.647373154197112,15.647373154197112,244.84028662668848
space1_time3,1607889600000000000,46.75,11.25,1,3,167.91351318359375,157.819437584581,10.09407559901274,10.09407559901274,101.89036219858441,165.2668036961893,2.6467094874044506,2.6467094874044506,7.005071110716729
space1_time3,1607976000000000000,44.0,8.25,1,3,141.12576293945312,157.06799232702087,-15.94222938756775,15.94222938756775,254.1546778458288,165.2668036961893,-24.141040756736174,24.141040756736174,582.7898488183971
space1_time3,1608580800000000000,44.0,15.25,1,3,148.96607971191406,157.79410257546309,-8.828022863549023,8.828022863549023,77.9339876793443,165.2668036961893,-16.300723984275237,16.300723984275237,265.713602411526
space1_time3,1608667200000000000,45.5,13.25,1,3,161.37991333007812,152.5606444243473,8.819268905730837,8.819268905730837,77.7795040315908,165.2668036961893,-3.8868903661111744,3.8868903661111744,15.107916718167859
space1_time3,1608753600000000000,47.0,11.25,1,3,105.19095611572266,162.28444328408244,-57.093487168359786,57.093487168359786,3259.6662770436637,165.2668036961893,-60.07584758046664,60.07584758046664,3609.1074625114597
space1_time3,1608753600000000000,43.0,10.5,1,3,130.0186309814453,157.7367799361395,-27.718148954694186,27.718148954694186,768.2957814746144,165.2668036961893,-35.24817271474399,35.24817271474399,1242.4336797284225
space1_time3,1608840000000000000,44.5,8.5,1,3,171.83367919921875,149.45290365616307,22.380775543055677,22.380775543055677,500.8991139086391,165.2668036961893,6.566875503029451,6.566875503029451,43.1238538722883
space1_time3,1609444800000000000,44.25,15.5,1,3,166.60679626464844,160.7182008802287,5.8885953844197445,5.8885953844197445,34.67555560140952,165.2668036961893,1.339992568459138,1.339992568459138,1.7955800835257179
space2_time0,1578430800000000000,42.75,9.25,2,0,161.37991333007812,162.93588096441658,-1.555967634338458,1.555967634338458,2.4210352791088177,162.6239650539103,-1.2440517238321718,1.2440517238321718,1.5476646915697982
space2_time0,1578430800000000000,38.75,8.25,2,0,197.31471252441406,163.32415305945634,33.99055946495773,33.99055946495773,1155.3581327408274,162.6239650539103,34.690747470503766,34.690747470503766,1203.4479600622635
space2_time0,1578603600000000000,42.25,9.0,2,0,154.8463134765625,162.51831695927365,-7.672003482711148,7.672003482711148,58.85963743873198,162.6239650539103,-7.777651577347797,7.777651577347797,60.49186405862067
space2_time0,1578603600000000000,38.25,7.25,2,0,173.14039611816406,163.32415305945634,9.816243058707727,9.816243058707727,96.35862778762763,162.6239650539103,10.516431064253766,10.516431064253766,110.5953223292016
space2_time0,1579208400000000000,40.5,11.0,2,0,160.7265625,163.32415305945634,-2.5975905594563358,2.5975905594563358,6.747476714576679,162.6239650539103,-1.8974025539102968,1.8974025539102968,3.6001364515853167
space2_time0,1580072400000000000,40.0,10.5,2,0,143.08583068847656,163.32415305945634,-20.238322370979773,20.238322370979773,409.58969239170034,162.6239650539103,-19.538134365433734,19.538134365433734,381.7386944817427
space2_time0,1581800400000000000,39.25,9.5,2,0,203.8483123779297,161.13854061009175,42.709771767837935,42.709771767837935,1824.1246044608063,162.6239650539103,41.22434732401939,41.22434732401939,1699.4468122913847
space2_time0,1581886800000000000,41.75,7.5,2,0,99.31071472167969,163.32415305945634,-64.01343833777665,64.01343833777665,4097.720287824333,162.6239650539103,-63.31325033223061,63.31325033223061,4008.5676676316994
space2_time0,1582578000000000000,40.75,11.75,2,0,219.52896118164062,163.32415305945634,56.20480812218429,56.20480812218429,3158.980456051553,162.6239650539103,56.90499612773033,56.90499612773033,3238.1785842970035
space2_time0,1582578000000000000,36.75,11.25,2,0,212.995361328125,162.71764867913384,50.277712648991155,50.277712648991155,2527.848389214525,162.6239650539103,50.3713962742147,50.3713962742147,2537.277562613971
space2_time0,1582664400000000000,39.0,9.0,2,0,160.7265625,162.7132713026933,-1.9867088026933004,1.9867088026933004,3.9470118666990475,162.6239650539103,-1.8974025539102968,1.8974025539102968,3.6001364515853167
space2_time0,1582750800000000000,41.25,7.0,2,0,148.96607971191406,163.32415305945634,-14.358073347542273,14.358073347542273,206.15427025340378,162.6239650539103,-13.657885341996234,13.657885341996234,186.53783201511558
space2_time0,1583442000000000000,40.25,11.5,2,0,141.77911376953125,163.32415305945634,-21.545039289925086,21.545039289925086,464.18871800441565,162.6239650539103,-20.844851284379047,20.844851284379047,434.5078250678788
space2_time1,1583528400000000000,42.5,9.25,2,1,148.31271362304688,160.04215326657868,-11.729439643531805,11.729439643531805,137.5797543512555,160.04215326657868,-11.729439643531805,11.729439643531805,137.5797543512555
space2_time1,1583528400000000000,38.5,8.5,2,1,166.60679626464844,160.04215326657868,6.564642998069758,6.564642998069758,43.09453769210629,160.04215326657868,6.564642998069758,6.564642998069758,43.09453769210629
space2_time1,1584306000000000000,39.5,11.0,2,1,188.82102966308594,160.04215326657868,28.778876396507258,28.778876396507258,828.2237266454425,160.04215326657868,28.778876396507258,28.778876396507258,828.2237266454425
space2_time1,1584392400000000000,41.75,9.0,2,1,179.6739959716797,160.04215326657868,19.631842705101008,19.631842705101008,385.40924799782766,160.04215326657868,19.631842705101008,19.631842705101008,385.40924799782766
space2_time1,1584392400000000000,37.75,8.25,2,1,186.8609619140625,160.04215326657868,26.81880864748382,26.81880864748382,719.2484972703529,160.04215326657868,26.81880864748382,26.81880864748382,719.2484972703529
space2_time1,1585170000000000000,38.5,10.75,2,1,154.8463134765625,160.04215326657868,-5.19583979001618,5.19583979001618,26.99675112351538,160.04215326657868,-5.19583979001618,5.19583979001618,26.99675112351538
space2_time1,1585256400000000000,40.75,8.5,2,1,156.806396484375,160.04215326657868,-3.23575678220368,3.23575678220368,10.470121953577113,160.04215326657868,-3.23575678220368,3.23575678220368,10.470121953577113
space2_time1,1586898000000000000,40.25,10.0,2,1,169.22023010253906,160.04215326657868,9.178076835960383,9.178076835960383,84.23709440679255,160.04215326657868,9.178076835960383,9.178076835960383,84.23709440679255
space2_time1,1586984400000000000,38.25,7.5,2,1,180.980712890625,160.04215326657868,20.93855962404632,20.93855962404632,438.42327912974275,160.04215326657868,20.93855962404632,20.93855962404632,438.42327912974275
space2_time1,1598990400000000000,38.0,10.75,2,1,160.7265625,160.04215326657868,0.6844092334213201,0.6844092334213201,0.468415998792359,160.04215326657868,0.6844092334213201,0.6844092334213201,0.468415998792359
space2_time1,1599076800000000000,40.0,8.25,2,1,183.5941619873047,160.04215326657868,23.552008720726008,23.552008720726008,554.6971147811539,160.04215326657868,23.552008720726008,23.552008720726008,554.6971147811539
space2_time1,1599854400000000000,41.25,11.75,2,1,203.8483123779297,160.04215326657868,43.80615911135101,43.80615911135101,1918.9795760890008,160.04215326657868,43.80615911135101,43.80615911135101,1918.9795760890008
space2_time1,1599854400000000000,37.0,11.25,2,1,181.6340789794922,160.04215326657868,21.591925712913508,21.591925712913508,466.21125599197546,160.04215326657868,21.591925712913508,21.591925712913508,466.21125599197546
space2_time1,1599940800000000000,43.0,9.5,2,1,182.9407958984375,160.04215326657868,22.89864263185882,22.89864263185882,524.3478343815822,160.04215326657868,22.89864263185882,22.89864263185882,524.3478343815822
space2_time1,1599940800000000000,38.75,9.25,2,1,180.32736206054688,160.04215326657868,20.285208793968195,20.285208793968195,411.4896958148846,160.04215326657868,20.285208793968195,20.285208793968195,411.4896958148846
space2_time2,1600027200000000000,40.75,7.0,2,2,194.04791259765625,169.63814846253294,24.40976413512331,24.40976413512331,595.8365851323523,160.74794183701974,33.29997076063651,33.29997076063651,1108.8880526592466
space2_time2,1600718400000000000,40.0,12.5,2,2,166.60679626464844,161.86145568477673,4.7453405798717085,4.7453405798717085,22.518257218977162,160.74794183701974,5.8588544276287,5.8588544276287,34.32617520414442
space2_time2,1600804800000000000,41.75,10.25,2,2,153.5395965576172,160.22319634242632,-6.683599784809132,6.683599784809132,44.67050608350068,160.74794183701974,-7.20834527940255,7.20834527940255,51.960241667085036
space2_time2,1600804800000000000,37.5,9.75,2,2,169.22023010253906,160.41637645944544,8.803853643093618,8.803853643093618,77.50783896901277,160.74794183701974,8.472288265519325,8.472288265519325,71.77966845405645
space2_time2,1600891200000000000,43.5,8.25,2,2,159.41983032226562,169.155107135784,-9.735276813518368,9.735276813518368,94.77561463582835,160.74794183701974,-1.328111514754113,1.328111514754113,1.7638801956224643
space2_time2,1600891200000000000,39.5,7.75,2,2,167.26016235351562,168.99882455233526,-1.7386621988196396,1.7386621988196396,3.0229462416043438,160.74794183701974,6.512220516495887,6.512220516495887,42.409016055469955
space2_time2,1600981200000000000,42.75,7.5,2,2,128.05856323242188,164.2530438820708,-36.19448064964894,36.19448064964894,1310.0404294978114,160.74794183701974,-32.68937860459786,32.68937860459786,1068.5954735547405
space2_time2,1601755200000000000,42.0,9.0,2,2,181.6340789794922,161.29051570431176,20.34356327518043,20.34356327518043,413.8605667312699,160.74794183701974,20.88613714247245,20.88613714247245,436.2307247341672
space2_time2,1601755200000000000,38.0,8.25,2,2,207.1151123046875,170.19881045732566,36.91630184736184,36.91630184736184,1362.8133420855308,160.74794183701974,46.36717046766776,46.36717046766776,2149.9144971777614
space2_time2,1602532800000000000,38.75,11.5,2,2,73.82968139648438,164.9073778085855,-91.07769641210112,91.07769641210112,8295.146783734857,160.74794183701974,-86.91826044053536,86.91826044053536,7554.783998008735
space2_time2,1602619200000000000,40.25,9.5,2,2,173.79376220703125,166.8915508866478,6.902211320383458,6.902211320383458,47.64052111122955,160.74794183701974,13.045820370011512,13.045820370011512,170.1934291266073
space2_time2,1603396800000000000,41.0,12.5,2,2,207.7684783935547,166.2304385493898,41.5380398441649,41.5380398441649,1725.4087540954308,160.74794183701974,47.02053655653495,47.02053655653495,2210.9308580644397
space2_time2,1603396800000000000,36.75,11.75,2,2,242.3965606689453,168.3778633135374,74.01869735540791,74.01869735540791,5478.76755819147,160.74794183701974,81.64861883192557,81.64861883192557,6666.496957161072
space2_time2,1603483200000000000,42.5,10.5,2,2,156.1530303955078,157.46958515721943,-1.3165547617116147,1.3165547617116147,1.7333164405855266,160.74794183701974,-4.594911441511925,4.594911441511925,21.1132111553372
space2_time2,1603483200000000000,38.5,9.75,2,2,122.17831420898438,158.79656040138724,-36.618246192402864,36.618246192402864,1340.895954207427,160.74794183701974,-38.56962762803536,38.56962762803536,1487.6161753653087
space2_time2,1603569600000000000,40.0,7.75,2,2,176.40719604492188,168.11867977407977,8.28851627084211,8.28851627084211,68.69950197201439,160.74794183701974,15.659254207902137,15.659254207902137,245.2122423477008
space2_time2,1604347200000000000,40.5,10.75,2,2,163.33999633789062,167.92047520905862,-4.580478871167998,4.580478871167998,20.980786689216455,160.74794183701974,2.592054500870887,2.592054500870887,6.718746535485024
space2_time3,1604433600000000000,42.0,8.75,2,3,164.64671325683594,163.72223394103247,0.9244793158034668,0.9244793158034668,0.854662005348446,161.06669321845195,3.580020038383992,3.580020038383992,12.81654347523092
space2_time3,1604433600000000000,38.0,8.0,2,3,190.1277618408203,163.72223394103247,26.40552789978784,26.40552789978784,697.2519036664742,161.06669321845195,29.061068622368367,29.061068622368367,844.5457094740033
space2_time3,1605211200000000000,42.0,11.75,2,3,193.39456176757812,163.72223394103247,29.672327826545654,29.672327826545654,880.4470386459956,161.06669321845195,32.32786854912618,32.32786854912618,1045.0910849295817
space2_time3,1605211200000000000,38.0,10.75,2,3,194.70127868652344,163.72223394103247,30.979044745490967,30.979044745490967,959.7012133431315,161.06669321845195,33.63458546807149,33.63458546807149,1131.285339609006
space2_time3,1605297600000000000,39.75,8.75,2,3,152.88623046875,158.9146153705184,-6.028384901768391,6.028384901768391,36.34142452386909,161.06669321845195,-8.180462749701945,8.180462749701945,66.91997079926111
space2_time3,1605387600000000000,41.25,6.75,2,3,205.8083953857422,163.72223394103247,42.08616144470972,42.08616144470972,1771.2449851501706,161.06669321845195,44.74170216729024,44.74170216729024,2001.8199128265044
space2_time3,1606939200000000000,39.75,11.25,2,3,97.35063934326172,163.72223394103247,-66.37159459777075,66.37159459777075,4405.188569450832,161.06669321845195,-63.71605387519023,63.71605387519023,4059.7355214261434
space2_time3,1607025600000000000,42.0,9.75,2,3,135.24551391601562,163.72223394103247,-28.476720025016846,28.476720025016846,810.9235833831955,161.06669321845195,-25.82117930243632,25.82117930243632,666.7333005685658
space2_time3,1607025600000000000,38.0,9.0,2,3,111.07119750976562,163.72223394103247,-52.651036431266846,52.651036431266846,2772.1316372865886,161.06669321845195,-49.99549570868632,49.99549570868632,2499.549591157272
space2_time3,1607112000000000000,42.5,8.25,2,3,124.79175567626953,163.72223394103247,-38.93047826476294,38.93047826476294,1515.5821379231797,161.06669321845195,-36.274937542182414,36.274937542182414,1315.871093689235
space2_time3,1607112000000000000,38.75,7.0,2,3,156.806396484375,163.72223394103247,-6.915837456657471,6.915837456657471,47.828807726906476,161.06669321845195,-4.260296734076945,4.260296734076945,18.150128262386687
space2_time3,1607803200000000000,41.0,12.25,2,3,143.73919677734375,163.72223394103247,-19.98303716368872,19.98303716368872,399.32177428536454,161.06669321845195,-17.327496441108195,17.327496441108195,300.24213291661715
space2_time3,1607803200000000000,37.0,11.5,2,3,174.44711303710938,163.72223394103247,10.724879096076904,10.724879096076904,115.02303162546735,161.06669321845195,13.38041981865743,13.38041981865743,179.0356345235205
space2_time3,1607889600000000000,42.5,10.25,2,3,171.18031311035156,163.72223394103247,7.458079169319092,7.458079169319092,55.62294489583135,161.06669321845195,10.113619891899617,10.113619891899617,102.28530731782763
space2_time3,1607889600000000000,38.5,9.25,2,3,185.55422973632812,163.72223394103247,21.831995795295654,21.831995795295654,476.63604040580714,161.06669321845195,24.48753651787618,24.48753651787618,599.6394447143194
space2_time3,1607976000000000000,40.0,7.25,2,3,150.92616271972656,163.72223394103247,-12.796071221305908,12.796071221305908,163.73943870073327,161.06669321845195,-10.140530498725383,10.140530498725383,102.83035879557966
space2_time3,1608667200000000000,41.5,12.5,2,3,136.55223083496094,163.72223394103247,-27.170003106071533,27.170003106071533,738.2090687839368,161.06669321845195,-24.514462383491008,24.514462383491008,600.9588659515956
space2_time3,1608667200000000000,37.5,11.75,2,3,141.77911376953125,163.72223394103247,-21.94312017150122,21.94312017150122,481.50052286094376,161.06669321845195,-19.287579448920695,19.287579448920695,372.0107209984279
space2_time3,1608753600000000000,39.0,9.5,2,3,124.13839721679688,163.72223394103247,-39.583836724235596,39.583836724235596,1566.8801298109427,161.06669321845195,-36.92829600165507,36.92829600165507,1363.6990455858538
space2_time3,1608840000000000000,40.25,7.5,2,3,136.55223083496094,163.72223394103247,-27.170003106071533,27.170003106071533,738.2090687839368,161.06669321845195,-24.514462383491008,24.514462383491008,600.9588659515956
