variable,label,distance_bin,distance_start_km,distance_end_km,distance_mean_km,n_pairs,spatial_autocorrelation
clara_radiance_hourly_mean,CLARA radiance,1,0.0,901.9937213825546,515.0510661829162,1083,0.9210480153992835
clara_radiance_hourly_mean,CLARA radiance,2,901.9937213825546,1803.987442765109,1201.2087089807667,1694,0.8243272576169883
clara_radiance_hourly_mean,CLARA radiance,3,1803.987442765109,2705.9811641476635,2115.492159709931,1526,0.6686185791645626
clara_radiance_hourly_mean,CLARA radiance,4,2705.9811641476635,3607.974885530218,3033.3384182597306,1322,0.49922896749766493
clara_radiance_hourly_mean,CLARA radiance,5,3607.974885530218,4509.968606912773,3950.4810682698717,1124,0.30288250005267997
clara_radiance_hourly_mean,CLARA radiance,6,4509.968606912773,5411.962328295327,4867.039162655121,932,0.13888719982706965
clara_radiance_hourly_mean,CLARA radiance,7,5411.962328295327,6313.956049677882,5784.053376310686,762,0.05083391907486235
clara_radiance_hourly_mean,CLARA radiance,8,6313.956049677882,7215.949771060436,6704.564317751114,603,0.05548538829023658
clara_radiance_hourly_mean,CLARA radiance,9,7215.949771060436,8117.943492442991,7629.207724215055,459,0.04865521734098105
clara_radiance_hourly_mean,CLARA radiance,10,8117.943492442991,9019.937213825546,8566.468055533569,320,0.0008170194856037854
clara_radiance_hourly_mean,CLARA radiance,11,9019.937213825546,9921.9309352081,9507.771715950392,188,-0.09575206717872027
clara_radiance_hourly_mean,CLARA radiance,12,9921.9309352081,10823.92466741458,10418.133901698027,69,-0.05272077116630692
era5_swvl1_pct,Volumetric soil water layer 1 (%),1,0.0,901.9937213825546,515.0510661829162,1083,0.565300519737359
era5_swvl1_pct,Volumetric soil water layer 1 (%),2,901.9937213825546,1803.987442765109,1201.2087089807667,1694,0.3528780227176029
era5_swvl1_pct,Volumetric soil water layer 1 (%),3,1803.987442765109,2705.9811641476635,2115.492159709931,1526,0.20311198744644396
era5_swvl1_pct,Volumetric soil water layer 1 (%),4,2705.9811641476635,3607.974885530218,3033.3384182597306,1322,0.049268734051170986
era5_swvl1_pct,Volumetric soil water layer 1 (%),5,3607.974885530218,4509.968606912773,3950.4810682698717,1124,0.08462720794879455
era5_swvl1_pct,Volumetric soil water layer 1 (%),6,4509.968606912773,5411.962328295327,4867.039162655121,932,0.03896675212113064
era5_swvl1_pct,Volumetric soil water layer 1 (%),7,5411.962328295327,6313.956049677882,5784.053376310686,762,0.04193507542017882
era5_swvl1_pct,Volumetric soil water layer 1 (%),8,6313.956049677882,7215.949771060436,6704.564317751114,603,0.04636338284050204
era5_swvl1_pct,Volumetric soil water layer 1 (%),9,7215.949771060436,8117.943492442991,7629.207724215055,459,0.06681402274750758
era5_swvl1_pct,Volumetric soil water layer 1 (%),10,8117.943492442991,9019.937213825546,8566.468055533569,320,0.12728778605185523
era5_swvl1_pct,Volumetric soil water layer 1 (%),11,9019.937213825546,9921.9309352081,9507.771715950392,188,0.22684527724459186
era5_swvl1_pct,Volumetric soil water layer 1 (%),12,9921.9309352081,10823.92466741458,10418.133901698027,69,0.28212744583622157
era5_tcc_pct,Total cloud cover (%),1,0.0,901.9937213825546,515.0510661829162,1083,0.44024221566853133
era5_tcc_pct,Total cloud cover (%),2,901.9937213825546,1803.987442765109,1201.2087089807667,1694,0.1859748783637215
era5_tcc_pct,Total cloud cover (%),3,1803.987442765109,2705.9811641476635,2115.492159709931,1526,0.04300715742501059
era5_tcc_pct,Total cloud cover (%),4,2705.9811641476635,3607.974885530218,3033.3384182597306,1322,-0.009735954025983175
era5_tcc_pct,Total cloud cover (%),5,3607.974885530218,4509.968606912773,3950.4810682698717,1124,-0.13065341006764652
era5_tcc_pct,Total cloud cover (%),6,4509.968606912773,5411.962328295327,4867.039162655121,932,-0.1507974273290493
era5_tcc_pct,Total cloud cover (%),7,5411.962328295327,6313.956049677882,5784.053376310686,762,-0.060746561993818546
era5_tcc_pct,Total cloud cover (%),8,6313.956049677882,7215.949771060436,6704.564317751114,603,-0.05291600325475076
era5_tcc_pct,Total cloud cover (%),9,7215.949771060436,8117.943492442991,7629.207724215055,459,0.017549752402797915
era5_tcc_pct,Total cloud cover (%),10,8117.943492442991,9019.937213825546,8566.468055533569,320,0.04143681523607081
era5_tcc_pct,Total cloud cover (%),11,9019.937213825546,9921.9309352081,9507.771715950392,188,0.14938094326800666
era5_tcc_pct,Total cloud cover (%),12,9921.9309352081,10823.92466741458,10418.133901698027,69,-0.04883332050363028
era5_lcc_pct,Low cloud cover (%),1,0.0,901.9937213825546,515.0510661829162,1083,0.4670096116281223
era5_lcc_pct,Low cloud cover (%),2,901.9937213825546,1803.987442765109,1201.2087089807667,1694,0.3166484523549549
era5_lcc_pct,Low cloud cover (%),3,1803.987442765109,2705.9811641476635,2115.492159709931,1526,0.17635023583203274
era5_lcc_pct,Low cloud cover (%),4,2705.9811641476635,3607.974885530218,3033.3384182597306,1322,0.05836164263192426
era5_lcc_pct,Low cloud cover (%),5,3607.974885530218,4509.968606912773,3950.4810682698717,1124,0.05880426195005682
era5_lcc_pct,Low cloud cover (%),6,4509.968606912773,5411.962328295327,4867.039162655121,932,-0.009131751154760604
era5_lcc_pct,Low cloud cover (%),7,5411.962328295327,6313.956049677882,5784.053376310686,762,0.05424454377614351
era5_lcc_pct,Low cloud cover (%),8,6313.956049677882,7215.949771060436,6704.564317751114,603,0.020990056323604865
era5_lcc_pct,Low cloud cover (%),9,7215.949771060436,8117.943492442991,7629.207724215055,459,-0.06932375073063872
era5_lcc_pct,Low cloud cover (%),10,8117.943492442991,9019.937213825546,8566.468055533569,320,-0.050917987019430025
era5_lcc_pct,Low cloud cover (%),11,9019.937213825546,9921.9309352081,9507.771715950392,188,-0.05124363223466823
era5_lcc_pct,Low cloud cover (%),12,9921.9309352081,10823.92466741458,10418.133901698027,69,-0.042345457645869174
era5_mcc_pct,Medium cloud cover (%),1,0.0,901.9937213825546,515.0510661829162,1083,0.29913605978182706
era5_mcc_pct,Medium cloud cover (%),2,901.9937213825546,1803.987442765109,1201.2087089807667,1694,0.10288840385685209
era5_mcc_pct,Medium cloud cover (%),3,1803.987442765109,2705.9811641476635,2115.492159709931,1526,0.02993906080828475
era5_mcc_pct,Medium cloud cover (%),4,2705.9811641476635,3607.974885530218,3033.3384182597306,1322,0.059064963700322194
era5_mcc_pct,Medium cloud cover (%),5,3607.974885530218,4509.968606912773,3950.4810682698717,1124,0.04957143027840618
era5_mcc_pct,Medium cloud cover (%),6,4509.968606912773,5411.962328295327,4867.039162655121,932,-0.04141527616552124
era5_mcc_pct,Medium cloud cover (%),7,5411.962328295327,6313.956049677882,5784.053376310686,762,-0.0035529124412785385
era5_mcc_pct,Medium cloud cover (%),8,6313.956049677882,7215.949771060436,6704.564317751114,603,0.01818093145615459
era5_mcc_pct,Medium cloud cover (%),9,7215.949771060436,8117.943492442991,7629.207724215055,459,0.05737973128696554
era5_mcc_pct,Medium cloud cover (%),10,8117.943492442991,9019.937213825546,8566.468055533569,320,-0.011379525262722115
era5_mcc_pct,Medium cloud cover (%),11,9019.937213825546,9921.9309352081,9507.771715950392,188,0.08963465665892267
era5_mcc_pct,Medium cloud cover (%),12,9921.9309352081,10823.92466741458,10418.133901698027,69,0.04325418865730681
era5_hcc_pct,High cloud cover (%),1,0.0,901.9937213825546,515.0510661829162,1083,0.38066419572547094
era5_hcc_pct,High cloud cover (%),2,901.9937213825546,1803.987442765109,1201.2087089807667,1694,0.12111210695583796
era5_hcc_pct,High cloud cover (%),3,1803.987442765109,2705.9811641476635,2115.492159709931,1526,0.002525672471911424
era5_hcc_pct,High cloud cover (%),4,2705.9811641476635,3607.974885530218,3033.3384182597306,1322,-0.004263045448783493
era5_hcc_pct,High cloud cover (%),5,3607.974885530218,4509.968606912773,3950.4810682698717,1124,-0.08365081931783082
era5_hcc_pct,High cloud cover (%),6,4509.968606912773,5411.962328295327,4867.039162655121,932,-0.04999687223435388
era5_hcc_pct,High cloud cover (%),7,5411.962328295327,6313.956049677882,5784.053376310686,762,-0.06050485260262471
era5_hcc_pct,High cloud cover (%),8,6313.956049677882,7215.949771060436,6704.564317751114,603,-0.12806265231295655
era5_hcc_pct,High cloud cover (%),9,7215.949771060436,8117.943492442991,7629.207724215055,459,-0.058764464225850105
era5_hcc_pct,High cloud cover (%),10,8117.943492442991,9019.937213825546,8566.468055533569,320,-0.04477868335713706
era5_hcc_pct,High cloud cover (%),11,9019.937213825546,9921.9309352081,9507.771715950392,188,-0.02714259420775441
era5_hcc_pct,High cloud cover (%),12,9921.9309352081,10823.92466741458,10418.133901698027,69,0.04642804721053901
era5_cloud_layer_sum_pct_points,Cloud layer sum (% points),1,0.0,901.9937213825546,515.0510661829162,1083,0.42208559213581776
era5_cloud_layer_sum_pct_points,Cloud layer sum (% points),2,901.9937213825546,1803.987442765109,1201.2087089807667,1694,0.15475988745463162
era5_cloud_layer_sum_pct_points,Cloud layer sum (% points),3,1803.987442765109,2705.9811641476635,2115.492159709931,1526,0.06147569121955333
era5_cloud_layer_sum_pct_points,Cloud layer sum (% points),4,2705.9811641476635,3607.974885530218,3033.3384182597306,1322,0.04490142231263798
era5_cloud_layer_sum_pct_points,Cloud layer sum (% points),5,3607.974885530218,4509.968606912773,3950.4810682698717,1124,-0.04191182904154766
era5_cloud_layer_sum_pct_points,Cloud layer sum (% points),6,4509.968606912773,5411.962328295327,4867.039162655121,932,-0.08878837034341003
era5_cloud_layer_sum_pct_points,Cloud layer sum (% points),7,5411.962328295327,6313.956049677882,5784.053376310686,762,-0.021132267854748338
era5_cloud_layer_sum_pct_points,Cloud layer sum (% points),8,6313.956049677882,7215.949771060436,6704.564317751114,603,-0.027446397604564757
era5_cloud_layer_sum_pct_points,Cloud layer sum (% points),9,7215.949771060436,8117.943492442991,7629.207724215055,459,0.034016794744519706
era5_cloud_layer_sum_pct_points,Cloud layer sum (% points),10,8117.943492442991,9019.937213825546,8566.468055533569,320,0.0012969948490655194
era5_cloud_layer_sum_pct_points,Cloud layer sum (% points),11,9019.937213825546,9921.9309352081,9507.771715950392,188,0.09459628057943074
era5_cloud_layer_sum_pct_points,Cloud layer sum (% points),12,9921.9309352081,10823.92466741458,10418.133901698027,69,0.07227234310323341
era5_strd_log1p,log1p(surface thermal radiation downwards),1,0.0,901.9937213825546,515.0510661829162,1083,0.8825003548051867
era5_strd_log1p,log1p(surface thermal radiation downwards),2,901.9937213825546,1803.987442765109,1201.2087089807667,1694,0.7813808291870764
era5_strd_log1p,log1p(surface thermal radiation downwards),3,1803.987442765109,2705.9811641476635,2115.492159709931,1526,0.6328107983698013
era5_strd_log1p,log1p(surface thermal radiation downwards),4,2705.9811641476635,3607.974885530218,3033.3384182597306,1322,0.4648339906324792
era5_strd_log1p,log1p(surface thermal radiation downwards),5,3607.974885530218,4509.968606912773,3950.4810682698717,1124,0.30478625012533167
era5_strd_log1p,log1p(surface thermal radiation downwards),6,4509.968606912773,5411.962328295327,4867.039162655121,932,0.1484724673066423
era5_strd_log1p,log1p(surface thermal radiation downwards),7,5411.962328295327,6313.956049677882,5784.053376310686,762,-0.057790391382796985
era5_strd_log1p,log1p(surface thermal radiation downwards),8,6313.956049677882,7215.949771060436,6704.564317751114,603,-0.17381684889215313
era5_strd_log1p,log1p(surface thermal radiation downwards),9,7215.949771060436,8117.943492442991,7629.207724215055,459,-0.27605909893925473
era5_strd_log1p,log1p(surface thermal radiation downwards),10,8117.943492442991,9019.937213825546,8566.468055533569,320,-0.24501216387506772
era5_strd_log1p,log1p(surface thermal radiation downwards),11,9019.937213825546,9921.9309352081,9507.771715950392,188,0.04408683200314258
era5_strd_log1p,log1p(surface thermal radiation downwards),12,9921.9309352081,10823.92466741458,10418.133901698027,69,0.2094663424431711
era5_t2m_c,2 m temperature (C),1,0.0,901.9937213825546,515.0510661829162,1083,0.943085232148893
era5_t2m_c,2 m temperature (C),2,901.9937213825546,1803.987442765109,1201.2087089807667,1694,0.873836912623927
era5_t2m_c,2 m temperature (C),3,1803.987442765109,2705.9811641476635,2115.492159709931,1526,0.7678896450947407
era5_t2m_c,2 m temperature (C),4,2705.9811641476635,3607.974885530218,3033.3384182597306,1322,0.6321359177863404
era5_t2m_c,2 m temperature (C),5,3607.974885530218,4509.968606912773,3950.4810682698717,1124,0.4914295877159163
era5_t2m_c,2 m temperature (C),6,4509.968606912773,5411.962328295327,4867.039162655121,932,0.3169727140848781
era5_t2m_c,2 m temperature (C),7,5411.962328295327,6313.956049677882,5784.053376310686,762,0.06059489886123326
era5_t2m_c,2 m temperature (C),8,6313.956049677882,7215.949771060436,6704.564317751114,603,-0.16514873345861586
era5_t2m_c,2 m temperature (C),9,7215.949771060436,8117.943492442991,7629.207724215055,459,-0.18880301117260329
era5_t2m_c,2 m temperature (C),10,8117.943492442991,9019.937213825546,8566.468055533569,320,-0.20481913659087636
era5_t2m_c,2 m temperature (C),11,9019.937213825546,9921.9309352081,9507.771715950392,188,-0.05064400825703921
era5_t2m_c,2 m temperature (C),12,9921.9309352081,10823.92466741458,10418.133901698027,69,0.2885093076350587
era5_d2m_c,2 m dewpoint (C),1,0.0,901.9937213825546,515.0510661829162,1083,0.933610812960233
era5_d2m_c,2 m dewpoint (C),2,901.9937213825546,1803.987442765109,1201.2087089807667,1694,0.8498512949766903
era5_d2m_c,2 m dewpoint (C),3,1803.987442765109,2705.9811641476635,2115.492159709931,1526,0.7239772401877196
era5_d2m_c,2 m dewpoint (C),4,2705.9811641476635,3607.974885530218,3033.3384182597306,1322,0.593006085281055
era5_d2m_c,2 m dewpoint (C),5,3607.974885530218,4509.968606912773,3950.4810682698717,1124,0.4602089498775994
era5_d2m_c,2 m dewpoint (C),6,4509.968606912773,5411.962328295327,4867.039162655121,932,0.27511986489614626
era5_d2m_c,2 m dewpoint (C),7,5411.962328295327,6313.956049677882,5784.053376310686,762,0.019929192518204478
era5_d2m_c,2 m dewpoint (C),8,6313.956049677882,7215.949771060436,6704.564317751114,603,-0.15615015703337257
era5_d2m_c,2 m dewpoint (C),9,7215.949771060436,8117.943492442991,7629.207724215055,459,-0.22364652607108879
era5_d2m_c,2 m dewpoint (C),10,8117.943492442991,9019.937213825546,8566.468055533569,320,-0.2858803126013469
era5_d2m_c,2 m dewpoint (C),11,9019.937213825546,9921.9309352081,9507.771715950392,188,-0.03667553105177157
era5_d2m_c,2 m dewpoint (C),12,9921.9309352081,10823.92466741458,10418.133901698027,69,0.32109927287560847
era5_dewpoint_depression_log1p,log1p(dewpoint depression),1,0.0,901.9937213825546,515.0510661829162,1083,0.5731026973291528
era5_dewpoint_depression_log1p,log1p(dewpoint depression),2,901.9937213825546,1803.987442765109,1201.2087089807667,1694,0.29425731275290545
era5_dewpoint_depression_log1p,log1p(dewpoint depression),3,1803.987442765109,2705.9811641476635,2115.492159709931,1526,0.012770986050927403
era5_dewpoint_depression_log1p,log1p(dewpoint depression),4,2705.9811641476635,3607.974885530218,3033.3384182597306,1322,-0.20310598979017133
era5_dewpoint_depression_log1p,log1p(dewpoint depression),5,3607.974885530218,4509.968606912773,3950.4810682698717,1124,-0.2327568826319144
era5_dewpoint_depression_log1p,log1p(dewpoint depression),6,4509.968606912773,5411.962328295327,4867.039162655121,932,-0.18604821261209328
era5_dewpoint_depression_log1p,log1p(dewpoint depression),7,5411.962328295327,6313.956049677882,5784.053376310686,762,0.011883904893986375
era5_dewpoint_depression_log1p,log1p(dewpoint depression),8,6313.956049677882,7215.949771060436,6704.564317751114,603,0.198087372759744
era5_dewpoint_depression_log1p,log1p(dewpoint depression),9,7215.949771060436,8117.943492442991,7629.207724215055,459,0.15858394554767408
era5_dewpoint_depression_log1p,log1p(dewpoint depression),10,8117.943492442991,9019.937213825546,8566.468055533569,320,0.033599541090287274
era5_dewpoint_depression_log1p,log1p(dewpoint depression),11,9019.937213825546,9921.9309352081,9507.771715950392,188,0.08047136347645105
era5_dewpoint_depression_log1p,log1p(dewpoint depression),12,9921.9309352081,10823.92466741458,10418.133901698027,69,0.1356501657173415
era5_tcwv_log1p,log1p(total column water vapour),1,0.0,901.9937213825546,515.0510661829162,1083,0.9156257451464073
era5_tcwv_log1p,log1p(total column water vapour),2,901.9937213825546,1803.987442765109,1201.2087089807667,1694,0.8351694580567333
era5_tcwv_log1p,log1p(total column water vapour),3,1803.987442765109,2705.9811641476635,2115.492159709931,1526,0.7106036875161703
era5_tcwv_log1p,log1p(total column water vapour),4,2705.9811641476635,3607.974885530218,3033.3384182597306,1322,0.576448267768674
era5_tcwv_log1p,log1p(total column water vapour),5,3607.974885530218,4509.968606912773,3950.4810682698717,1124,0.43886692962220875
era5_tcwv_log1p,log1p(total column water vapour),6,4509.968606912773,5411.962328295327,4867.039162655121,932,0.28288733263775284
era5_tcwv_log1p,log1p(total column water vapour),7,5411.962328295327,6313.956049677882,5784.053376310686,762,0.08444904725899452
era5_tcwv_log1p,log1p(total column water vapour),8,6313.956049677882,7215.949771060436,6704.564317751114,603,-0.08533063583444322
era5_tcwv_log1p,log1p(total column water vapour),9,7215.949771060436,8117.943492442991,7629.207724215055,459,-0.22232101007866473
era5_tcwv_log1p,log1p(total column water vapour),10,8117.943492442991,9019.937213825546,8566.468055533569,320,-0.2542866053761454
era5_tcwv_log1p,log1p(total column water vapour),11,9019.937213825546,9921.9309352081,9507.771715950392,188,0.010165751906697794
era5_tcwv_log1p,log1p(total column water vapour),12,9921.9309352081,10823.92466741458,10418.133901698027,69,0.36768377267459756
era5_wind10_speed_log1p,log1p(10 m wind speed),1,0.0,901.9937213825546,515.0510661829162,1083,0.535053072249794
era5_wind10_speed_log1p,log1p(10 m wind speed),2,901.9937213825546,1803.987442765109,1201.2087089807667,1694,0.3366297138469406
era5_wind10_speed_log1p,log1p(10 m wind speed),3,1803.987442765109,2705.9811641476635,2115.492159709931,1526,0.24049364664566047
era5_wind10_speed_log1p,log1p(10 m wind speed),4,2705.9811641476635,3607.974885530218,3033.3384182597306,1322,0.1119022275125369
era5_wind10_speed_log1p,log1p(10 m wind speed),5,3607.974885530218,4509.968606912773,3950.4810682698717,1124,0.08390491690954596
era5_wind10_speed_log1p,log1p(10 m wind speed),6,4509.968606912773,5411.962328295327,4867.039162655121,932,0.010909956836148814
era5_wind10_speed_log1p,log1p(10 m wind speed),7,5411.962328295327,6313.956049677882,5784.053376310686,762,-0.005557378330895887
era5_wind10_speed_log1p,log1p(10 m wind speed),8,6313.956049677882,7215.949771060436,6704.564317751114,603,0.10654133977611217
era5_wind10_speed_log1p,log1p(10 m wind speed),9,7215.949771060436,8117.943492442991,7629.207724215055,459,0.06570691778181087
era5_wind10_speed_log1p,log1p(10 m wind speed),10,8117.943492442991,9019.937213825546,8566.468055533569,320,0.01717960926458231
era5_wind10_speed_log1p,log1p(10 m wind speed),11,9019.937213825546,9921.9309352081,9507.771715950392,188,-0.09204886789218837
era5_wind10_speed_log1p,log1p(10 m wind speed),12,9921.9309352081,10823.92466741458,10418.133901698027,69,-0.20138222349036042
era5_tp_log1p,log1p(total precipitation),1,0.0,901.9937213825546,515.0510661829162,1083,0.22938402564520088
era5_tp_log1p,log1p(total precipitation),2,901.9937213825546,1803.987442765109,1201.2087089807667,1694,-0.0228965395227943
era5_tp_log1p,log1p(total precipitation),3,1803.987442765109,2705.9811641476635,2115.492159709931,1526,-0.0027636218332648143
era5_tp_log1p,log1p(total precipitation),4,2705.9811641476635,3607.974885530218,3033.3384182597306,1322,-0.01332484527876662
era5_tp_log1p,log1p(total precipitation),5,3607.974885530218,4509.968606912773,3950.4810682698717,1124,0.1089205793119246
era5_tp_log1p,log1p(total precipitation),6,4509.968606912773,5411.962328295327,4867.039162655121,932,-0.017228965052395098
era5_tp_log1p,log1p(total precipitation),7,5411.962328295327,6313.956049677882,5784.053376310686,762,0.006054781063086203
era5_tp_log1p,log1p(total precipitation),8,6313.956049677882,7215.949771060436,6704.564317751114,603,-0.022577992566289392
era5_tp_log1p,log1p(total precipitation),9,7215.949771060436,8117.943492442991,7629.207724215055,459,-0.012952176352732605
era5_tp_log1p,log1p(total precipitation),10,8117.943492442991,9019.937213825546,8566.468055533569,320,0.04029002538114079
era5_tp_log1p,log1p(total precipitation),11,9019.937213825546,9921.9309352081,9507.771715950392,188,-0.03977854208605983
era5_tp_log1p,log1p(total precipitation),12,9921.9309352081,10823.92466741458,10418.133901698027,69,-0.14655683757309937
era5_cp_log1p,log1p(convective precipitation),1,0.0,901.9937213825546,515.0510661829162,1083,0.16986531498339852
era5_cp_log1p,log1p(convective precipitation),2,901.9937213825546,1803.987442765109,1201.2087089807667,1694,-0.004080377623190141
era5_cp_log1p,log1p(convective precipitation),3,1803.987442765109,2705.9811641476635,2115.492159709931,1526,-0.013944270940649392
era5_cp_log1p,log1p(convective precipitation),4,2705.9811641476635,3607.974885530218,3033.3384182597306,1322,-0.0264281037301404
era5_cp_log1p,log1p(convective precipitation),5,3607.974885530218,4509.968606912773,3950.4810682698717,1124,0.05954697876251565
era5_cp_log1p,log1p(convective precipitation),6,4509.968606912773,5411.962328295327,4867.039162655121,932,0.0014530345830558967
era5_cp_log1p,log1p(convective precipitation),7,5411.962328295327,6313.956049677882,5784.053376310686,762,0.005942257754526989
era5_cp_log1p,log1p(convective precipitation),8,6313.956049677882,7215.949771060436,6704.564317751114,603,0.009549359588011126
era5_cp_log1p,log1p(convective precipitation),9,7215.949771060436,8117.943492442991,7629.207724215055,459,-0.03143343876102782
era5_cp_log1p,log1p(convective precipitation),10,8117.943492442991,9019.937213825546,8566.468055533569,320,-0.03235797311236965
era5_cp_log1p,log1p(convective precipitation),11,9019.937213825546,9921.9309352081,9507.771715950392,188,-0.047857903817737746
era5_cp_log1p,log1p(convective precipitation),12,9921.9309352081,10823.92466741458,10418.133901698027,69,-0.09958074344809535
era5_cape_log1p,log1p(CAPE),1,0.0,901.9937213825546,515.0510661829162,1083,0.6129135807642732
era5_cape_log1p,log1p(CAPE),2,901.9937213825546,1803.987442765109,1201.2087089807667,1694,0.3652243955679591
era5_cape_log1p,log1p(CAPE),3,1803.987442765109,2705.9811641476635,2115.492159709931,1526,0.22193715142491577
era5_cape_log1p,log1p(CAPE),4,2705.9811641476635,3607.974885530218,3033.3384182597306,1322,0.1963548633389053
era5_cape_log1p,log1p(CAPE),5,3607.974885530218,4509.968606912773,3950.4810682698717,1124,0.13808325941235536
era5_cape_log1p,log1p(CAPE),6,4509.968606912773,5411.962328295327,4867.039162655121,932,-0.018172203736844195
era5_cape_log1p,log1p(CAPE),7,5411.962328295327,6313.956049677882,5784.053376310686,762,-0.08371417393176261
era5_cape_log1p,log1p(CAPE),8,6313.956049677882,7215.949771060436,6704.564317751114,603,-0.09688438035150453
era5_cape_log1p,log1p(CAPE),9,7215.949771060436,8117.943492442991,7629.207724215055,459,-0.1351163978711952
era5_cape_log1p,log1p(CAPE),10,8117.943492442991,9019.937213825546,8566.468055533569,320,-0.1394194396059184
era5_cape_log1p,log1p(CAPE),11,9019.937213825546,9921.9309352081,9507.771715950392,188,-0.027930319843589464
era5_cape_log1p,log1p(CAPE),12,9921.9309352081,10823.92466741458,10418.133901698027,69,-0.044046131721975884
era5_blh_log1p,log1p(boundary layer height),1,0.0,901.9937213825546,515.0510661829162,1083,0.5670202903495908
era5_blh_log1p,log1p(boundary layer height),2,901.9937213825546,1803.987442765109,1201.2087089807667,1694,0.42115279965012486
era5_blh_log1p,log1p(boundary layer height),3,1803.987442765109,2705.9811641476635,2115.492159709931,1526,0.25578785691415146
era5_blh_log1p,log1p(boundary layer height),4,2705.9811641476635,3607.974885530218,3033.3384182597306,1322,0.08688021521529804
era5_blh_log1p,log1p(boundary layer height),5,3607.974885530218,4509.968606912773,3950.4810682698717,1124,0.03715692234735303
era5_blh_log1p,log1p(boundary layer height),6,4509.968606912773,5411.962328295327,4867.039162655121,932,-0.08661197669995153
era5_blh_log1p,log1p(boundary layer height),7,5411.962328295327,6313.956049677882,5784.053376310686,762,-0.12916826288327593
era5_blh_log1p,log1p(boundary layer height),8,6313.956049677882,7215.949771060436,6704.564317751114,603,-0.11885501989921385
era5_blh_log1p,log1p(boundary layer height),9,7215.949771060436,8117.943492442991,7629.207724215055,459,-0.06565043086924692
era5_blh_log1p,log1p(boundary layer height),10,8117.943492442991,9019.937213825546,8566.468055533569,320,0.04717277399658115
era5_blh_log1p,log1p(boundary layer height),11,9019.937213825546,9921.9309352081,9507.771715950392,188,0.02326259281743373
era5_blh_log1p,log1p(boundary layer height),12,9921.9309352081,10823.92466741458,10418.133901698027,69,-0.11466663584818888
era5_sp_hpa,Surface pressure (hPa),1,0.0,901.9937213825546,515.0510661829162,1083,0.5388115610132989
era5_sp_hpa,Surface pressure (hPa),2,901.9937213825546,1803.987442765109,1201.2087089807667,1694,0.321958841702813
era5_sp_hpa,Surface pressure (hPa),3,1803.987442765109,2705.9811641476635,2115.492159709931,1526,0.1706129565674352
era5_sp_hpa,Surface pressure (hPa),4,2705.9811641476635,3607.974885530218,3033.3384182597306,1322,0.004727416125570704
era5_sp_hpa,Surface pressure (hPa),5,3607.974885530218,4509.968606912773,3950.4810682698717,1124,-0.028767068575830314
era5_sp_hpa,Surface pressure (hPa),6,4509.968606912773,5411.962328295327,4867.039162655121,932,-0.06627971708562014
era5_sp_hpa,Surface pressure (hPa),7,5411.962328295327,6313.956049677882,5784.053376310686,762,-0.10369859553101506
era5_sp_hpa,Surface pressure (hPa),8,6313.956049677882,7215.949771060436,6704.564317751114,603,-0.13839306550035285
era5_sp_hpa,Surface pressure (hPa),9,7215.949771060436,8117.943492442991,7629.207724215055,459,-0.05757604671391653
era5_sp_hpa,Surface pressure (hPa),10,8117.943492442991,9019.937213825546,8566.468055533569,320,-0.07637652846623119
era5_sp_hpa,Surface pressure (hPa),11,9019.937213825546,9921.9309352081,9507.771715950392,188,0.24182720340313565
era5_sp_hpa,Surface pressure (hPa),12,9921.9309352081,10823.92466741458,10418.133901698027,69,0.6650831738179177
era5_msl_hpa,Mean sea-level pressure (hPa),1,0.0,901.9937213825546,515.0510661829162,1083,0.89411196389676
era5_msl_hpa,Mean sea-level pressure (hPa),2,901.9937213825546,1803.987442765109,1201.2087089807667,1694,0.5569205178773573
era5_msl_hpa,Mean sea-level pressure (hPa),3,1803.987442765109,2705.9811641476635,2115.492159709931,1526,0.14260703560109608
era5_msl_hpa,Mean sea-level pressure (hPa),4,2705.9811641476635,3607.974885530218,3033.3384182597306,1322,-0.12388749770562328
era5_msl_hpa,Mean sea-level pressure (hPa),5,3607.974885530218,4509.968606912773,3950.4810682698717,1124,-0.25118750032281734
era5_msl_hpa,Mean sea-level pressure (hPa),6,4509.968606912773,5411.962328295327,4867.039162655121,932,-0.27270013647381436
era5_msl_hpa,Mean sea-level pressure (hPa),7,5411.962328295327,6313.956049677882,5784.053376310686,762,-0.16726124322459213
era5_msl_hpa,Mean sea-level pressure (hPa),8,6313.956049677882,7215.949771060436,6704.564317751114,603,0.04103968210297549
era5_msl_hpa,Mean sea-level pressure (hPa),9,7215.949771060436,8117.943492442991,7629.207724215055,459,0.20163665143507375
era5_msl_hpa,Mean sea-level pressure (hPa),10,8117.943492442991,9019.937213825546,8566.468055533569,320,0.22720041076747247
era5_msl_hpa,Mean sea-level pressure (hPa),11,9019.937213825546,9921.9309352081,9507.771715950392,188,0.3867286572935532
era5_msl_hpa,Mean sea-level pressure (hPa),12,9921.9309352081,10823.92466741458,10418.133901698027,69,0.5785069849356236
era5_i10fg_log1p,log1p(10 m wind gust),1,0.0,901.9937213825546,515.0510661829162,1083,0.5605831823267333
era5_i10fg_log1p,log1p(10 m wind gust),2,901.9937213825546,1803.987442765109,1201.2087089807667,1694,0.3441173307535715
era5_i10fg_log1p,log1p(10 m wind gust),3,1803.987442765109,2705.9811641476635,2115.492159709931,1526,0.21578327339795944
era5_i10fg_log1p,log1p(10 m wind gust),4,2705.9811641476635,3607.974885530218,3033.3384182597306,1322,0.1041472925199344
era5_i10fg_log1p,log1p(10 m wind gust),5,3607.974885530218,4509.968606912773,3950.4810682698717,1124,0.11175646013697538
era5_i10fg_log1p,log1p(10 m wind gust),6,4509.968606912773,5411.962328295327,4867.039162655121,932,0.023924395319642227
era5_i10fg_log1p,log1p(10 m wind gust),7,5411.962328295327,6313.956049677882,5784.053376310686,762,-0.015137022694933626
era5_i10fg_log1p,log1p(10 m wind gust),8,6313.956049677882,7215.949771060436,6704.564317751114,603,0.08313455182459145
era5_i10fg_log1p,log1p(10 m wind gust),9,7215.949771060436,8117.943492442991,7629.207724215055,459,0.101104384759912
era5_i10fg_log1p,log1p(10 m wind gust),10,8117.943492442991,9019.937213825546,8566.468055533569,320,0.11980612233990638
era5_i10fg_log1p,log1p(10 m wind gust),11,9019.937213825546,9921.9309352081,9507.771715950392,188,-0.07899156907562534
era5_i10fg_log1p,log1p(10 m wind gust),12,9921.9309352081,10823.92466741458,10418.133901698027,69,-0.2539244479378316
