variable,label,batches_scanned,limited_scan,n_rows,n_missing,missing_rate,n_non_missing,n_zero,zero_rate_all_rows,zero_rate_non_missing,zero_heavy,n_negative,n_positive,min,p01_sample,p05_sample,p25_sample,median_sample,mean,std,p75_sample,p95_sample,p99_sample,max,sample_count
era5_blh,Boundary layer height,396,False,83825280,7620480,0.09090909090909091,76204800,0,0.0,0.0,False,0,76204800,8.24055004119873,14.086576194763184,33.35220775604248,284.2418975830078,583.9710998535156,620.2402724646297,435.3868707139592,865.5820617675781,1398.5985534667964,1851.3860302734388,4957.10400390625,200000
era5_cape,CAPE,396,False,83825280,7620480,0.09090909090909091,76204800,20388178,0.24322230716079923,0.26754453787687915,False,0,55816622,0.0,0.0,0.0,0.0,1.5,109.5918658125866,285.5548424092618,34.375,683.0,1350.8762500000012,7893.875,200000
era5_cloud_layer_sum,Cloud layer sum,396,False,83825280,7620480,0.09090909090909091,76204800,5103959,0.06088806383945273,0.066976870223398,False,0,71100841,0.0,0.0,0.0,0.39239501953125,0.97772216796875,1.0551990928002746,0.8015506955082364,1.5854568481445312,2.706269836425781,2.9849246215820315,3.0,200000
era5_cp,Convective precipitation,396,False,83825280,7620480,0.09090909090909091,76204800,45569239,0.5436216735571894,0.5979838409129083,True,0,30635561,0.0,0.0,0.0,0.0,0.0,6.142230572866795e-05,0.0002714857253553496,1.5735626220703125e-05,0.00027490854263305387,0.0012824583053588912,0.01709604263305664,200000
era5_d2m,2 m dewpoint (K),396,False,83825280,7620480,0.09090909090909091,76204800,0,0.0,0.0,False,0,76204800,220.387451171875,235.81184677124023,245.09057083129883,260.26385498046875,279.2782440185547,276.2316688476582,18.3544025432433,294.037353515625,297.18542633056643,297.9041751098633,302.618408203125,200000
era5_d2m_c,2 m dewpoint (C),396,False,83825280,7620480,0.09090909090909091,76204800,14,1.670140559029448e-07,1.8371546149323928e-07,False,32403677,43801109,-52.762542724609375,-37.667960510253906,-28.270584869384766,-13.011734008789062,6.1314239501953125,3.0816749511738615,18.354402543243715,20.857406616210938,24.047698974609375,24.762725830078125,29.468414306640625,200000
era5_dewpoint_depression,Dewpoint depression (K),396,False,83825280,7620480,0.09090909090909091,76204800,438,5.225154034677844e-06,5.747669438145629e-06,False,20504,76183858,-0.00286865234375,0.38192626953125,1.18154296875,2.442779541015625,3.4464569091796875,4.515266574557626,4.114662120514149,5.1161346435546875,11.192015838623036,24.529873046875025,57.319488525390625,200000
era5_hcc,High cloud cover,396,False,83825280,7620480,0.09090909090909091,76204800,34926435,0.41665754054146914,0.45832329459561605,False,0,41278365,0.0,0.0,0.0,0.0,0.02398681640625,0.33565784726623843,0.4149424195725484,0.831329345703125,1.0,1.0,1.0,200000
era5_i10fg,10 m wind gust,396,False,83825280,7620480,0.09090909090909091,76204800,0,0.0,0.0,False,0,76204800,0.05541639029979706,1.6193848395347594,2.6818300247192384,5.354273080825806,8.134974479675293,8.760819144235535,4.64206027001519,11.1301748752594,17.440662002563457,23.57633224487305,48.816898345947266,200000
era5_lcc,Low cloud cover,396,False,83825280,7620480,0.09090909090909091,76204800,11601275,0.138398285099674,0.1522381136096414,False,0,64603525,0.0,0.0,0.0,0.065277099609375,0.2884521484375,0.4223403002355384,0.38264958445979463,0.85894775390625,1.0,1.0,1.0,200000
era5_mcc,Medium cloud cover,396,False,83825280,7620480,0.09090909090909091,76204800,25595723,0.3053461079998778,0.33588071879986564,False,0,50609077,0.0,0.0,0.0,0.0,0.1026611328125,0.2972009452984977,0.3682035661339617,0.5464248657226562,1.0,1.0,1.0,200000
era5_msl,Mean sea-level pressure,396,False,83825280,7620480,0.09090909090909091,76204800,0,0.0,0.0,False,0,76204800,94330.1875,98422.24625,99549.3125,100932.625,101334.8125,101411.7416121491,1092.73376945267,101909.25,103359.5,104366.001875,105970.6875,200000
era5_sd,Snow depth,396,False,83825280,7620480,0.09090909090909091,76204800,60988624,0.7275683898699772,0.8003252288569749,True,0,15216176,0.0,0.0,0.0,0.0,0.0,0.19799801664036,1.326091414830111,0.0,0.06489295959472652,10.0,10.0,200000
era5_sp,Surface pressure,396,False,83825280,7620480,0.09090909090909091,76204800,0,0.0,0.0,False,0,76204800,48566.8359375,69949.770390625,87009.63203125,98646.62109375,100946.27734375,98689.31775895838,6135.990646585149,101486.755859375,102565.44140625,103388.1575,105273.421875,200000
era5_ssrd,Surface solar radiation downwards,396,False,83825280,7620480,0.09090909090909091,76204800,48491854,0.5784872296281026,0.6363359525909129,True,0,27712946,0.0,0.0,0.0,0.0,0.0,413894.09305450576,818568.5909764444,333440.0,2480147.1999999955,3227073.280000001,4478336.0,200000
era5_strd,Surface thermal radiation downwards,396,False,83825280,7620480,0.09090909090909091,76204800,0,0.0,0.0,False,0,76204800,296994.625,472320.591875,557978.13125,836593.9375,1147311.6875,1118641.4318213419,329059.0312665541,1435330.75,1540340.40625,1574004.3,1818048.75,200000
era5_swvl1,Volumetric soil water layer 1,396,False,83825280,7620480,0.09090909090909091,76204800,0,0.0,0.0,False,27727562,48477238,-0.01596202328801155,-1.3478100299835205e-05,-9.231269359588623e-06,-3.0621886253356934e-06,4.161149263381958e-06,0.09491491184726993,0.15177165858400846,0.20114416256546974,0.39954213500022884,0.5100048261880875,0.7698923945426941,200000
era5_t2m,2 m temperature (K),396,False,83825280,7620480,0.09090909090909091,76204800,0,0.0,0.0,False,0,76204800,223.4967803955078,239.54609222412108,248.26744003295897,263.57726287841797,286.26446533203125,280.74693542221587,18.914093170404506,298.37481689453125,301.0676895141602,304.51643798828127,316.35235595703125,200000
era5_t2m_c,2 m temperature (C),396,False,83825280,7620480,0.09090909090909091,76204800,27,3.2209853638425066e-07,3.5430839002267574e-07,False,27160425,49044348,-49.65321350097656,-33.719050598144534,-24.94456253051758,-9.575187683105469,13.2669677734375,7.596941525731488,18.914093170405696,25.281089782714844,27.928437805175783,31.488225708007818,43.202362060546875,200000
era5_tcc,Total cloud cover,396,False,83825280,7620480,0.09090909090909091,76204800,5103950,0.060887956473273934,0.06697675212060132,False,0,71100850,0.0,0.0,0.0,0.337890625,0.8393402099609375,0.6646491881947458,0.36453437537687833,0.99847412109375,1.0,1.0,1.0,200000
era5_tcwv,Total column water vapour,396,False,83825280,7620480,0.09090909090909091,76204800,0,0.0,0.0,False,0,76204800,0.19754904508590698,0.8545100265741348,1.5567638397216796,3.988814651966095,13.866660118103027,20.633037943762456,18.43814454983116,35.26561164855957,55.9208641052246,61.399433631896976,76.63216400146484,200000
era5_tp,Total precipitation,396,False,83825280,7620480,0.09090909090909091,76204800,24385696,0.29091099964115835,0.3200020996052742,False,0,51819104,0.0,0.0,0.0,0.0,7.152557373046875e-06,0.00012177122965676565,0.0004821835088622557,5.7220458984375e-05,0.0005617141723632812,0.0020551681518554688,0.06166839599609375,200000
era5_u10,10 m east wind,396,False,83825280,7620480,0.09090909090909091,76204800,235,2.803450224085145e-06,3.083795246493659e-06,False,45920514,30284051,-26.085693359375,-11.65293472290039,-8.80163803100586,-4.8182373046875,-1.11834716796875,-1.0798828674954593,5.161593929364353,1.9021987915039062,8.0615234375,12.742036132812501,30.034912109375,200000
era5_v10,10 m north wind,396,False,83825280,7620480,0.09090909090909091,76204800,141,1.6820701344510868e-06,1.8502771478961955e-06,False,39251799,36952860,-30.585617065429688,-12.925513458251952,-7.8126579284667965,-2.537548065185547,-0.1063079833984375,-0.18755935100601234,4.527603594351087,2.3832550048828125,6.992743682861323,11.362943115234387,24.3638916015625,200000
era5_wind10_speed,10 m wind speed,396,False,83825280,7620480,0.09090909090909091,76204800,0,0.0,0.0,False,0,76204800,0.0008718899334780872,0.4552748960256577,1.0773283183574676,2.9613977670669556,5.447906970977783,5.894680465608284,3.687182322960007,8.083719968795776,12.783412456512451,16.90932752609254,32.092620849609375,200000
