hour,latitude,longitude,space_fold,time_fold
2020-12-01 02:00:00,81.25,-62.25,2,0
2020-12-01 02:00:00,76.75,-67.0,2,0
2020-12-01 02:00:00,72.5,-70.0,2,0
2020-12-01 02:00:00,68.25,-72.0,2,0
2020-12-01 02:00:00,64.0,-73.75,2,0
2020-12-01 02:00:00,59.75,-75.0,2,0
2020-12-01 02:00:00,55.75,-76.25,0,0
2020-12-01 02:00:00,51.5,-77.5,0,0
2020-12-01 02:00:00,47.5,-78.5,0,0
2020-12-01 02:00:00,43.5,-79.25,0,0
2020-12-01 02:00:00,39.5,-80.25,0,0
2020-12-01 02:00:00,35.25,-81.0,0,0
2020-12-01 02:00:00,31.25,-81.75,0,0
2020-12-01 02:00:00,27.25,-82.75,0,0
2020-12-01 02:00:00,23.0,-83.5,0,0
2020-12-01 02:00:00,19.0,-84.25,0,0
2020-12-01 02:00:00,15.0,-85.25,0,0
2020-12-01 02:00:00,10.75,-86.0,0,0
2020-12-01 02:00:00,6.75,-87.0,0,0
2020-12-01 02:00:00,2.75,-88.0,0,0
2020-12-01 02:00:00,-1.5,-88.75,0,0
2020-12-01 02:00:00,-5.75,-90.0,0,0
2020-12-01 02:00:00,-10.0,-91.0,0,0
2020-12-01 03:00:00,-14.25,-92.5,0,0
2020-12-01 05:00:00,78.0,-114.5,2,0
2020-12-01 05:00:00,73.5,-117.75,2,0
2020-12-01 05:00:00,69.25,-120.0,2,0
2020-12-01 05:00:00,62.75,-124.25,2,0
2020-12-01 05:00:00,59.0,-125.25,2,0
2020-12-01 05:00:00,55.5,-126.0,2,0
2020-12-01 05:00:00,52.0,-126.5,2,0
2020-12-01 05:00:00,48.25,-126.75,1,0
2020-12-01 05:00:00,44.5,-127.5,1,0
2020-12-01 05:00:00,40.5,-128.25,1,0
2020-12-01 06:00:00,36.25,-129.25,1,0
2020-12-01 06:00:00,32.25,-130.0,1,0
2020-12-01 06:00:00,28.25,-130.75,1,0
2020-12-01 06:00:00,24.0,-131.5,1,0
2020-12-01 06:00:00,20.0,-132.5,1,0
2020-12-01 06:00:00,16.0,-133.25,1,0
2020-12-01 06:00:00,12.0,-134.25,1,0
2020-12-01 06:00:00,7.75,-135.0,1,0
2020-12-01 06:00:00,3.75,-136.0,1,0
2020-12-01 06:00:00,-0.5,-137.0,1,0
2020-12-01 06:00:00,-4.75,-138.0,1,0
2020-12-01 06:00:00,-9.0,-139.0,1,0
2020-12-01 06:00:00,-13.25,-140.25,1,0
2020-12-01 06:00:00,-17.75,-141.75,1,0
2020-12-01 07:00:00,80.5,-135.5,2,0
2020-12-01 07:00:00,76.25,-139.75,2,0
2020-12-01 07:00:00,72.0,-142.75,2,0
2020-12-01 07:00:00,67.75,-144.75,2,0
2020-12-01 07:00:00,63.5,-146.5,2,0
2020-12-01 07:00:00,59.25,-147.75,2,0
2020-12-01 07:00:00,55.0,-149.0,1,0
2020-12-01 07:00:00,51.0,-149.75,1,0
2020-12-01 07:00:00,47.0,-151.0,1,0
2020-12-01 07:00:00,43.0,-152.0,1,0
2020-12-01 07:00:00,38.75,-152.75,1,0
2020-12-01 07:00:00,34.75,-153.5,1,0
2020-12-01 07:00:00,30.75,-154.5,1,0
2020-12-01 07:00:00,22.75,-156.0,1,0
2020-12-01 09:00:00,79.0,-161.75,2,0
2020-12-01 09:00:00,74.75,-165.5,2,0
2020-12-01 09:00:00,67.75,-170.75,2,0
2020-12-01 09:00:00,64.25,-172.0,2,0
2020-12-01 09:00:00,60.5,-173.25,1,0
2020-12-01 09:00:00,57.0,-173.75,1,0
2020-12-01 09:00:00,53.25,-174.0,1,0
2020-12-01 09:00:00,49.5,-174.5,1,0
2020-12-01 09:00:00,45.5,-175.5,1,0
2020-12-01 09:00:00,41.5,-176.5,1,0
2020-12-01 09:00:00,37.5,-177.5,1,0
2020-12-01 09:00:00,33.5,-178.25,1,0
2020-12-01 09:00:00,25.25,-179.75,1,0
2020-12-01 10:00:00,77.25,172.5,2,0
2020-12-01 10:00:00,73.0,169.5,2,0
2020-12-01 10:00:00,68.75,167.25,2,0
2020-12-01 10:00:00,64.5,165.75,2,0
2020-12-01 10:00:00,60.25,164.25,1,0
2020-12-01 10:00:00,56.25,163.0,1,0
2020-12-01 10:00:00,52.0,162.0,1,0
2020-12-01 10:00:00,48.0,161.0,1,0
2020-12-01 10:00:00,44.0,160.0,1,0
2020-12-01 10:00:00,40.0,159.0,1,0
2020-12-01 10:00:00,35.75,158.25,1,0
2020-12-01 10:00:00,31.75,157.5,1,0
2020-12-01 10:00:00,27.75,156.5,1,0
2020-12-01 10:00:00,23.75,155.75,1,0
2020-12-01 10:00:00,19.5,155.0,1,0
2020-12-01 10:00:00,15.5,154.0,1,0
2020-12-01 10:00:00,11.5,153.25,1,0
2020-12-01 10:00:00,7.25,152.5,1,0
2020-12-01 10:00:00,3.25,151.5,1,0
2020-12-01 10:00:00,-1.0,150.5,1,0
2020-12-01 11:00:00,-5.25,149.5,1,0
2020-12-01 11:00:00,-9.5,148.25,1,0
2020-12-01 11:00:00,-13.75,147.0,1,0
2020-12-01 12:00:00,80.0,151.25,2,0
2020-12-01 12:00:00,75.75,147.25,2,0
2020-12-01 12:00:00,71.5,144.25,2,0
2020-12-01 12:00:00,67.25,142.5,2,0
2020-12-01 12:00:00,63.0,141.0,2,0
2020-12-01 12:00:00,58.75,139.5,2,0
2020-12-01 12:00:00,52.5,137.75,1,0
2020-12-01 12:00:00,48.75,136.5,1,0
2020-12-01 12:00:00,45.0,135.25,1,0
2020-12-01 12:00:00,41.25,134.5,1,0
2020-12-01 12:00:00,37.5,134.0,1,0
2020-12-01 12:00:00,34.0,133.5,1,0
2020-12-01 12:00:00,30.25,132.75,1,0
2020-12-01 12:00:00,26.25,132.0,1,0
2020-12-01 12:00:00,14.25,129.25,1,0
2020-12-01 17:00:00,79.5,78.25,2,0
2020-12-01 17:00:00,75.25,74.0,2,0
2020-12-01 17:00:00,70.75,71.75,2,0
2020-12-01 17:00:00,66.5,69.75,2,0
2020-12-01 17:00:00,62.25,68.25,2,0
2020-12-01 17:00:00,58.25,67.0,2,0
2020-12-01 17:00:00,54.25,66.0,2,0
2020-12-01 17:00:00,50.0,64.75,3,0
2020-12-01 17:00:00,46.0,63.75,3,0
2020-12-01 17:00:00,41.75,63.0,3,0
2020-12-01 17:00:00,37.75,62.25,3,0
2020-12-01 17:00:00,33.75,61.25,3,0
2020-12-01 17:00:00,30.25,60.75,3,0
2020-12-01 17:00:00,25.75,59.5,3,0
2020-12-01 17:00:00,21.5,58.75,3,0
2020-12-01 17:00:00,17.75,58.0,3,0
2020-12-01 17:00:00,13.5,57.0,3,0
2020-12-01 17:00:00,9.5,56.25,3,0
2020-12-01 17:00:00,4.75,54.25,3,0
2020-12-01 17:00:00,1.25,54.5,3,0
2020-12-01 17:00:00,-3.0,53.25,3,0
2020-12-01 17:00:00,-7.25,52.0,3,0
2020-12-01 17:00:00,-11.5,51.0,3,0
2020-12-01 17:00:00,-15.5,50.0,3,0
2020-12-01 18:00:00,78.0,52.25,2,0
2020-12-01 18:00:00,73.5,49.0,2,0
2020-12-01 18:00:00,69.25,46.75,2,0
2020-12-01 18:00:00,65.0,45.0,2,0
2020-12-01 18:00:00,60.75,43.75,2,0
2020-12-01 18:00:00,56.75,42.5,2,0
2020-12-01 18:00:00,52.5,41.25,3,0
2020-12-01 18:00:00,48.5,40.5,3,0
2020-12-01 18:00:00,44.5,39.25,3,0
2020-12-01 18:00:00,40.5,38.5,3,0
2020-12-01 18:00:00,36.25,37.75,3,0
2020-12-01 18:00:00,32.25,36.75,3,0
2020-12-01 18:00:00,28.25,35.75,3,0
2020-12-01 18:00:00,24.25,35.0,3,0
2020-12-01 18:00:00,20.0,34.25,3,0
2020-12-01 18:00:00,16.0,33.5,3,0
2020-12-01 19:00:00,12.0,32.5,3,0
2020-12-01 19:00:00,7.75,31.75,3,0
2020-12-01 19:00:00,3.75,30.75,3,0
2020-12-01 19:00:00,-4.75,28.75,3,0
2020-12-01 19:00:00,-13.25,26.5,3,0
2020-12-01 19:00:00,-17.75,25.0,3,0
2020-12-01 20:00:00,80.75,31.25,2,0
2020-12-01 20:00:00,76.25,26.75,2,0
2020-12-01 20:00:00,72.0,23.75,2,0
2020-12-01 20:00:00,67.75,22.0,2,0
2020-12-01 20:00:00,63.5,20.25,2,0
2020-12-01 20:00:00,59.25,19.0,2,0
2020-12-01 20:00:00,55.0,17.75,2,0
2020-12-01 20:00:00,51.0,17.0,2,0
2020-12-01 20:00:00,47.0,16.0,3,0
2020-12-01 20:00:00,43.0,14.75,3,0
2020-12-01 20:00:00,39.0,14.0,3,0
2020-12-01 20:00:00,34.75,13.0,3,0
2020-12-01 20:00:00,30.75,12.25,3,0
2020-12-01 20:00:00,26.75,11.5,3,0
2020-12-01 20:00:00,22.75,10.5,3,0
2020-12-01 20:00:00,18.5,9.75,3,0
2020-12-01 20:00:00,14.5,8.75,3,0
2020-12-01 20:00:00,10.5,8.0,3,0
2020-12-01 20:00:00,6.25,7.25,3,0
2020-12-01 20:00:00,2.25,6.25,3,0
2020-12-01 20:00:00,-2.0,5.25,3,0
2020-12-01 20:00:00,-6.25,4.0,3,0
2020-12-01 20:00:00,-10.5,3.0,3,0
2020-12-01 20:00:00,-15.0,1.75,3,0
2020-12-01 21:00:00,79.0,5.0,2,0
2020-12-01 21:00:00,74.75,1.5,2,0
2020-12-01 21:00:00,70.25,-1.0,2,0
2020-12-01 21:00:00,66.0,-3.0,2,0
2020-12-01 22:00:00,62.0,-4.25,2,0
2020-12-01 22:00:00,57.75,-5.75,2,0
2020-12-01 22:00:00,53.75,-6.75,2,0
2020-12-01 22:00:00,49.5,-7.75,2,0
2020-12-01 22:00:00,45.5,-8.5,2,0
2020-12-01 22:00:00,41.5,-9.5,0,0
2020-12-01 22:00:00,37.25,-10.5,0,0
2020-12-01 22:00:00,33.25,-11.5,0,0
2020-12-01 22:00:00,29.25,-12.25,0,0
2020-12-01 22:00:00,25.25,-13.0,0,0
2020-12-01 22:00:00,21.0,-13.75,0,0
2020-12-01 22:00:00,17.0,-14.75,0,0
2020-12-01 22:00:00,13.0,-15.5,0,0
2020-12-01 22:00:00,8.75,-16.5,0,0
2020-12-01 22:00:00,4.75,-17.25,0,0
2020-12-01 22:00:00,0.5,-18.25,0,0
2020-12-01 22:00:00,-3.5,-19.25,0,0
2020-12-01 22:00:00,-7.75,-20.25,0,0
2020-12-01 22:00:00,-12.25,-21.5,0,0
2020-12-01 22:00:00,-16.5,-23.0,0,0
2020-12-01 23:00:00,77.25,-20.75,2,1
2020-12-01 23:00:00,73.0,-23.75,2,1
2020-12-01 23:00:00,68.75,-26.0,2,1
2020-12-01 23:00:00,64.5,-27.5,2,1
2020-12-01 23:00:00,60.25,-29.0,2,1
2020-12-01 23:00:00,56.25,-30.25,2,1
2020-12-01 23:00:00,52.25,-31.5,0,1
2020-12-01 23:00:00,48.0,-32.25,0,1
2020-12-01 23:00:00,44.0,-33.25,0,1
2020-12-01 23:00:00,40.0,-34.0,0,1
2020-12-01 23:00:00,35.75,-35.0,0,1
2020-12-01 23:00:00,31.75,-35.75,0,1
2020-12-01 23:00:00,27.75,-36.75,0,1
2020-12-01 23:00:00,23.75,-37.75,0,1
2020-12-01 23:00:00,19.5,-38.5,0,1
2020-12-01 23:00:00,15.5,-39.25,0,1
2020-12-01 23:00:00,11.5,-40.0,0,1
2020-12-01 23:00:00,7.25,-41.0,0,1
2020-12-01 23:00:00,3.25,-41.75,0,1
2020-12-01 23:00:00,-1.0,-42.75,0,1
2020-12-01 23:00:00,-5.25,-43.75,0,1
2020-12-01 23:00:00,-9.5,-45.0,0,1
2020-12-01 23:00:00,-13.75,-46.25,0,1
2020-12-02 01:00:00,80.0,-41.75,2,1
2020-12-02 01:00:00,75.75,-46.25,2,1
2020-12-02 01:00:00,71.5,-48.75,2,1
2020-12-02 01:00:00,67.25,-50.75,2,1
2020-12-02 01:00:00,63.0,-52.25,2,1
2020-12-02 01:00:00,58.75,-53.75,2,1
2020-12-02 01:00:00,54.5,-55.0,0,1
2020-12-02 01:00:00,50.5,-55.75,0,1
2020-12-02 01:00:00,46.5,-56.75,0,1
2020-12-02 01:00:00,42.5,-57.5,0,1
2020-12-02 01:00:00,38.25,-58.75,0,1
2020-12-02 01:00:00,34.25,-59.5,0,1
2020-12-02 01:00:00,30.25,-60.25,0,1
2020-12-02 01:00:00,26.25,-61.0,0,1
2020-12-02 01:00:00,22.25,-62.0,0,1
2020-12-02 01:00:00,18.0,-62.75,0,1
2020-12-02 01:00:00,14.0,-63.75,0,1
2020-12-02 01:00:00,10.0,-64.5,0,1
2020-12-02 01:00:00,5.75,-65.5,0,1
2020-12-02 01:00:00,1.75,-66.5,0,1
2020-12-02 01:00:00,-2.5,-67.25,0,1
2020-12-02 01:00:00,-6.75,-68.5,0,1
2020-12-02 02:00:00,78.5,-68.25,2,1
2020-12-02 02:00:00,74.0,-71.5,2,1
2020-12-02 02:00:00,69.75,-73.75,2,1
2020-12-02 02:00:00,65.5,-75.75,2,1
2020-12-02 02:00:00,61.25,-77.0,2,1
2020-12-02 02:00:00,57.25,-78.0,0,1
2020-12-02 02:00:00,53.25,-79.25,0,1
2020-12-02 02:00:00,49.0,-80.5,0,1
2020-12-02 02:00:00,45.0,-81.25,0,1
2020-12-02 02:00:00,40.75,-82.0,0,1
2020-12-02 02:00:00,36.75,-83.0,0,1
2020-12-02 02:00:00,32.75,-84.0,0,1
2020-12-02 02:00:00,28.75,-84.75,0,1
2020-12-02 02:00:00,24.75,-85.5,0,1
2020-12-02 03:00:00,20.75,-86.5,0,1
2020-12-02 03:00:00,16.5,-87.25,0,1
2020-12-02 03:00:00,12.5,-88.0,0,1
2020-12-02 03:00:00,8.25,-89.0,0,1
2020-12-02 03:00:00,4.25,-90.0,0,1
2020-12-02 03:00:00,0.0,-91.0,0,1
2020-12-02 03:00:00,-4.0,-92.0,0,1
2020-12-02 03:00:00,-8.25,-93.0,0,1
2020-12-02 03:00:00,-12.75,-94.25,0,1
2020-12-02 03:00:00,-17.0,-95.5,0,1
2020-12-02 04:00:00,81.25,-88.75,2,1
2020-12-02 04:00:00,76.75,-93.75,2,1
2020-12-02 04:00:00,72.5,-96.75,2,1
2020-12-02 04:00:00,68.25,-98.75,2,1
2020-12-02 04:00:00,64.0,-100.25,2,1
2020-12-02 04:00:00,59.75,-101.75,2,1
2020-12-02 04:00:00,55.75,-102.75,2,1
2020-12-02 04:00:00,51.5,-104.0,0,1
2020-12-02 04:00:00,47.5,-105.0,0,1
2020-12-02 04:00:00,43.5,-105.75,0,1
2020-12-02 04:00:00,39.5,-106.75,0,1
2020-12-02 04:00:00,35.25,-107.5,0,1
2020-12-02 04:00:00,31.25,-108.5,0,1
2020-12-02 04:00:00,27.25,-109.25,0,1
2020-12-02 04:00:00,23.0,-110.0,0,1
2020-12-02 04:00:00,19.0,-111.0,0,1
2020-12-02 04:00:00,15.0,-111.75,0,1
2020-12-02 04:00:00,11.0,-112.5,0,1
2020-12-02 04:00:00,6.75,-113.5,0,1
2020-12-02 04:00:00,2.75,-114.5,0,1
2020-12-02 04:00:00,-1.5,-115.25,0,1
2020-12-02 04:00:00,-5.75,-116.5,0,1
2020-12-02 04:00:00,-10.0,-117.5,0,1
2020-12-02 04:00:00,-14.25,-119.0,0,1
2020-12-02 05:00:00,79.5,-115.25,2,1
2020-12-02 06:00:00,75.25,-119.25,2,1
2020-12-02 06:00:00,70.75,-121.5,2,1
2020-12-02 06:00:00,66.75,-123.5,2,1
2020-12-02 06:00:00,62.25,-125.0,2,1
2020-12-02 06:00:00,58.25,-126.25,2,1
2020-12-02 06:00:00,54.25,-127.25,2,1
2020-12-02 06:00:00,50.0,-128.5,1,1
2020-12-02 06:00:00,46.0,-129.25,1,1
2020-12-02 06:00:00,42.0,-130.25,1,1
2020-12-02 06:00:00,38.0,-131.25,1,1
2020-12-02 06:00:00,33.75,-132.0,1,1
2020-12-02 06:00:00,29.75,-133.0,1,1
2020-12-02 06:00:00,25.75,-133.75,1,1
2020-12-02 06:00:00,21.75,-134.5,1,1
2020-12-02 06:00:00,17.5,-135.5,1,1
2020-12-02 06:00:00,13.5,-136.25,1,1
2020-12-02 06:00:00,9.5,-137.0,1,1
2020-12-02 06:00:00,1.0,-139.0,1,1
2020-12-02 06:00:00,-11.75,-142.25,1,1
2020-12-02 06:00:00,-16.0,-143.5,1,1
2020-12-02 07:00:00,78.0,-141.0,2,1
2020-12-02 07:00:00,73.5,-144.25,2,1
2020-12-02 07:00:00,69.25,-146.5,2,1
2020-12-02 07:00:00,65.0,-148.25,2,1
2020-12-02 07:00:00,61.0,-149.5,2,1
2020-12-02 07:00:00,56.75,-151.0,1,1
2020-12-02 07:00:00,52.5,-152.0,1,1
2020-12-02 07:00:00,48.5,-153.0,1,1
2020-12-02 07:00:00,44.5,-153.75,1,1
2020-12-02 07:00:00,40.5,-155.0,1,1
2020-12-02 07:00:00,36.5,-155.75,1,1
2020-12-02 07:00:00,32.25,-156.5,1,1
2020-12-02 07:00:00,28.25,-157.25,1,1
2020-12-02 07:00:00,24.25,-158.25,1,1
2020-12-02 07:00:00,20.0,-159.0,1,1
2020-12-02 07:00:00,16.0,-159.75,1,1
2020-12-02 07:00:00,12.0,-160.75,1,1
2020-12-02 07:00:00,7.75,-161.5,1,1
2020-12-02 07:00:00,3.75,-162.5,1,1
2020-12-02 07:00:00,-0.5,-163.5,1,1
2020-12-02 07:00:00,-4.75,-164.5,1,1
2020-12-02 07:00:00,-9.0,-165.75,1,1
2020-12-02 07:00:00,-13.25,-166.75,1,1
2020-12-02 07:00:00,-17.75,-168.25,1,1
2020-12-02 09:00:00,80.75,-162.0,2,1
2020-12-02 09:00:00,76.25,-166.5,2,1
2020-12-02 09:00:00,72.0,-169.25,2,1
2020-12-02 09:00:00,67.75,-171.25,2,1
2020-12-02 09:00:00,63.25,-173.0,2,1
2020-12-02 09:00:00,59.25,-174.5,1,1
2020-12-02 09:00:00,55.25,-175.25,1,1
2020-12-02 09:00:00,51.25,-176.5,1,1
2020-12-02 09:00:00,47.0,-177.5,1,1
2020-12-02 09:00:00,43.0,-178.5,1,1
2020-12-02 09:00:00,39.0,-179.25,1,1
2020-12-02 09:00:00,35.0,179.75,1,1
2020-12-02 09:00:00,30.75,179.0,1,1
2020-12-02 09:00:00,26.75,178.25,1,1
2020-12-02 09:00:00,22.75,177.25,1,1
2020-12-02 09:00:00,19.0,176.75,1,1
2020-12-02 09:00:00,14.5,175.75,1,1
2020-12-02 09:00:00,-6.25,170.75,1,1
2020-12-02 09:00:00,-10.5,169.5,1,1
2020-12-02 10:00:00,79.0,171.75,2,1
2020-12-02 10:00:00,74.75,168.0,2,1
2020-12-02 10:00:00,70.25,165.75,2,1
2020-12-02 10:00:00,66.0,163.75,2,1
2020-12-02 10:00:00,61.75,162.25,2,1
2020-12-02 10:00:00,57.75,161.0,1,1
2020-12-02 10:00:00,53.75,160.0,1,1
2020-12-02 10:00:00,49.5,159.0,1,1
2020-12-02 10:00:00,45.5,158.0,1,1
2020-12-02 10:00:00,41.5,157.25,1,1
2020-12-02 11:00:00,37.5,156.25,1,1
2020-12-02 11:00:00,33.25,155.25,1,1
2020-12-02 11:00:00,29.25,154.5,1,1
2020-12-02 11:00:00,25.25,153.75,1,1
2020-12-02 11:00:00,21.0,153.0,1,1
2020-12-02 11:00:00,17.0,152.0,1,1
2020-12-02 11:00:00,0.5,148.25,1,1
2020-12-02 11:00:00,-7.75,146.25,1,1
2020-12-02 11:00:00,-12.25,145.0,1,1
2020-12-02 11:00:00,-16.75,143.5,1,1
2020-12-02 12:00:00,77.25,146.0,2,1
2020-12-02 12:00:00,73.0,143.0,2,1
2020-12-02 12:00:00,68.75,140.75,2,1
2020-12-02 12:00:00,64.5,139.25,2,1
2020-12-02 12:00:00,60.25,137.75,2,1
2020-12-02 12:00:00,56.0,136.5,2,1
2020-12-02 12:00:00,52.0,135.5,1,1
2020-12-02 12:00:00,48.0,134.5,1,1
2020-12-02 12:00:00,44.0,133.5,1,1
2020-12-02 12:00:00,40.0,132.5,1,1
2020-12-02 12:00:00,35.75,131.75,1,1
2020-12-02 12:00:00,31.75,130.75,1,1
2020-12-02 12:00:00,27.75,130.0,1,1
2020-12-02 12:00:00,23.75,129.25,1,1
2020-12-02 12:00:00,19.5,128.25,1,1
2020-12-02 14:00:00,80.5,123.75,2,1
2020-12-02 14:00:00,75.75,120.25,2,1
2020-12-02 14:00:00,71.25,117.75,2,1
2020-12-02 14:00:00,67.0,116.0,2,1
2020-12-02 14:00:00,63.0,114.25,2,1
2020-12-02 14:00:00,58.75,113.25,2,1
2020-12-02 14:00:00,54.75,112.25,2,1
2020-12-02 14:00:00,50.5,111.0,2,1
2020-12-02 14:00:00,46.5,110.0,2,1
2020-12-02 14:00:00,40.75,109.25,2,1
2020-12-02 14:00:00,36.75,107.75,2,1
2020-12-02 14:00:00,33.0,106.75,3,1
2020-12-02 14:00:00,29.25,106.0,3,1
2020-12-02 14:00:00,25.5,105.0,3,1
2020-12-02 15:00:00,78.5,98.75,2,1
2020-12-02 15:00:00,74.25,95.5,2,1
2020-12-02 15:00:00,69.75,92.75,2,1
2020-12-02 15:00:00,65.5,91.25,2,1
2020-12-02 15:00:00,61.5,89.75,2,1
2020-12-02 15:00:00,57.25,88.5,2,1
2020-12-02 15:00:00,53.25,87.5,2,1
2020-12-02 15:00:00,49.0,86.5,2,1
2020-12-02 15:00:00,45.0,85.25,3,1
2020-12-02 15:00:00,41.0,84.25,3,1
2020-12-02 15:00:00,36.75,83.75,3,1
2020-12-02 15:00:00,32.75,82.75,3,1
2020-12-02 15:00:00,28.75,82.0,3,1
2020-12-02 15:00:00,24.75,81.25,3,1
2020-12-02 15:00:00,20.75,80.25,3,1
2020-12-02 15:00:00,16.5,79.5,3,1
2020-12-02 15:00:00,12.5,78.5,3,1
2020-12-02 15:00:00,8.5,77.75,3,1
2020-12-02 15:00:00,4.25,76.75,3,1
2020-12-02 15:00:00,0.0,75.75,3,1
2020-12-02 16:00:00,-4.25,74.75,3,1
2020-12-02 16:00:00,-8.25,73.75,3,1
2020-12-02 16:00:00,-12.75,72.5,3,1
2020-12-02 16:00:00,-17.0,71.25,3,1
2020-12-02 17:00:00,81.25,78.0,2,2
2020-12-02 17:00:00,76.75,73.0,2,2
2020-12-02 17:00:00,72.5,70.0,2,2
2020-12-02 17:00:00,68.25,68.0,2,2
2020-12-02 17:00:00,64.0,66.5,2,2
2020-12-02 17:00:00,60.0,65.0,2,2
2020-12-02 17:00:00,55.75,64.0,2,2
2020-12-02 17:00:00,51.75,62.75,3,2
2020-12-02 17:00:00,47.5,61.75,3,2
2020-12-02 17:00:00,23.25,56.75,3,2
2020-12-02 17:00:00,19.0,55.75,3,2
2020-12-02 17:00:00,15.0,55.0,3,2
2020-12-02 17:00:00,11.0,54.0,3,2
2020-12-02 17:00:00,6.75,53.25,3,2
2020-12-02 17:00:00,2.75,52.25,3,2
2020-12-02 17:00:00,-1.5,51.25,3,2
2020-12-02 17:00:00,-5.75,50.25,3,2
2020-12-02 17:00:00,-10.0,49.25,3,2
2020-12-02 17:00:00,-14.25,47.75,3,2
2020-12-02 20:00:00,78.0,25.75,2,2
2020-12-02 20:00:00,73.5,22.5,2,2
2020-12-02 20:00:00,69.25,20.25,2,2
2020-12-02 20:00:00,65.0,18.5,2,2
2020-12-02 20:00:00,61.0,17.0,2,2
2020-12-02 20:00:00,54.5,14.75,2,2
2020-12-02 20:00:00,50.75,13.25,2,2
2020-12-02 20:00:00,47.0,12.5,3,2
2020-12-02 20:00:00,43.25,11.5,3,2
2020-12-02 20:00:00,39.75,11.25,3,2
2020-12-02 20:00:00,36.25,10.75,3,2
2020-12-02 20:00:00,32.5,10.25,3,2
2020-12-02 20:00:00,28.5,9.25,3,2
2020-12-02 20:00:00,24.5,8.25,3,2
2020-12-02 20:00:00,-17.5,-1.5,3,2
2020-12-02 22:00:00,80.75,4.75,2,2
2020-12-02 22:00:00,76.25,0.25,2,2
2020-12-02 22:00:00,72.0,-2.75,2,2
2020-12-02 22:00:00,67.75,-4.5,2,2
2020-12-02 22:00:00,63.5,-6.25,2,2
2020-12-02 22:00:00,59.25,-7.5,2,2
2020-12-02 22:00:00,55.25,-8.75,2,2
2020-12-02 22:00:00,51.0,-9.75,2,2
2020-12-02 22:00:00,47.0,-10.75,2,2
2020-12-02 22:00:00,43.0,-11.75,0,2
2020-12-02 22:00:00,39.0,-12.5,0,2
2020-12-02 22:00:00,34.75,-13.5,0,2
2020-12-02 22:00:00,30.75,-14.25,0,2
2020-12-02 22:00:00,26.75,-15.0,0,2
2020-12-02 22:00:00,22.75,-16.0,0,2
2020-12-02 22:00:00,18.5,-16.75,0,2
2020-12-02 22:00:00,14.5,-17.75,0,2
2020-12-02 22:00:00,10.5,-18.5,0,2
2020-12-02 22:00:00,6.25,-19.25,0,2
2020-12-02 22:00:00,2.25,-20.25,0,2
2020-12-02 22:00:00,-2.0,-21.25,0,2
2020-12-02 22:00:00,-6.25,-22.5,0,2
2020-12-02 22:00:00,-10.5,-23.75,0,2
2020-12-02 22:00:00,-15.0,-25.0,0,2
2020-12-02 23:00:00,79.0,-21.5,2,2
2020-12-02 23:00:00,74.75,-25.25,2,2
2020-12-02 23:00:00,70.25,-27.5,2,2
2020-12-02 23:00:00,66.25,-29.5,2,2
2020-12-02 23:00:00,62.0,-31.0,2,2
2020-12-02 23:00:00,57.75,-32.25,2,2
2020-12-02 23:00:00,53.75,-33.25,0,2
2020-12-02 23:00:00,49.5,-34.25,0,2
2020-12-02 23:00:00,45.5,-35.25,0,2
2020-12-02 23:00:00,41.5,-36.25,0,2
2020-12-02 23:00:00,37.5,-37.25,0,2
2020-12-02 23:00:00,33.25,-37.75,0,2
2020-12-02 23:00:00,29.25,-38.75,0,2
2020-12-02 23:00:00,25.25,-39.5,0,2
2020-12-02 23:00:00,21.25,-40.25,0,2
2020-12-02 23:00:00,17.0,-41.25,0,2
2020-12-02 23:00:00,13.0,-42.0,0,2
2020-12-02 23:00:00,9.0,-43.0,0,2
2020-12-03 14:00:00,77.25,119.25,2,2
2020-12-03 14:00:00,73.0,116.25,2,2
2020-12-03 14:00:00,68.75,114.25,2,2
2020-12-03 14:00:00,64.5,112.75,2,2
2020-12-03 14:00:00,60.5,111.25,2,2
2020-12-03 14:00:00,56.25,109.75,2,2
2020-12-03 14:00:00,52.0,109.0,2,2
2020-12-03 14:00:00,48.0,108.0,2,2
2020-12-03 14:00:00,44.0,107.0,2,2
2020-12-03 14:00:00,40.0,106.0,2,2
2020-12-03 14:00:00,35.75,105.25,3,2
2020-12-03 14:00:00,31.75,104.25,3,2
2020-12-03 14:00:00,27.75,103.5,3,2
2020-12-03 14:00:00,23.75,102.75,3,2
2020-12-03 15:00:00,80.0,98.5,2,2
2020-12-03 15:00:00,75.75,94.0,2,2
2020-12-03 15:00:00,71.5,91.5,2,2
2020-12-03 15:00:00,67.25,89.5,2,2
2020-12-03 15:00:00,63.0,87.75,2,2
2020-12-03 15:00:00,58.75,86.5,2,2
2020-12-03 15:00:00,54.5,85.5,2,2
2020-12-03 15:00:00,50.5,84.25,2,2
2020-12-03 15:00:00,46.5,83.25,3,2
2020-12-03 15:00:00,42.5,82.5,3,2
2020-12-03 15:00:00,38.5,81.5,3,2
2020-12-03 15:00:00,34.25,80.75,3,2
2020-12-03 16:00:00,30.25,79.75,3,2
2020-12-03 16:00:00,26.25,79.0,3,2
2020-12-03 16:00:00,22.25,78.25,3,2
2020-12-03 16:00:00,14.0,76.5,3,2
2020-12-03 17:00:00,78.5,72.25,2,2
2020-12-03 17:00:00,74.0,68.5,2,2
2020-12-03 17:00:00,69.75,66.5,2,2
2020-12-03 17:00:00,65.5,64.75,2,2
2020-12-03 17:00:00,61.25,63.0,2,2
2020-12-03 17:00:00,57.25,61.75,2,2
2020-12-03 17:00:00,53.0,60.75,2,2
2020-12-03 17:00:00,49.25,60.0,3,2
2020-12-03 17:00:00,45.0,58.75,3,2
2020-12-03 17:00:00,41.0,58.0,3,2
2020-12-03 17:00:00,36.75,57.25,3,2
2020-12-03 17:00:00,32.75,56.25,3,2
2020-12-03 17:00:00,28.5,54.75,3,2
2020-12-03 17:00:00,25.0,54.5,3,2
2020-12-03 17:00:00,20.5,53.75,3,2
2020-12-03 17:00:00,16.5,53.0,3,2
2020-12-03 19:00:00,81.25,51.75,2,2
2020-12-03 19:00:00,76.75,46.25,2,2
2020-12-03 19:00:00,72.5,43.75,2,2
2020-12-03 19:00:00,68.25,41.5,2,2
2020-12-03 19:00:00,64.0,40.0,2,2
2020-12-03 19:00:00,60.0,38.5,2,2
2020-12-03 19:00:00,55.75,37.25,2,2
2020-12-03 19:00:00,51.5,36.25,3,2
2020-12-03 19:00:00,47.5,35.25,3,2
2020-12-03 19:00:00,43.5,34.5,3,2
2020-12-03 19:00:00,39.5,33.5,3,2
2020-12-03 19:00:00,35.5,32.75,3,2
2020-12-03 19:00:00,31.25,31.75,3,2
2020-12-03 19:00:00,27.25,31.0,3,2
2020-12-03 19:00:00,23.25,30.0,3,2
2020-12-03 19:00:00,19.25,29.25,3,2
2020-12-03 19:00:00,15.0,28.5,3,2
2020-12-03 19:00:00,11.0,27.5,3,2
2020-12-03 19:00:00,6.75,26.75,3,2
2020-12-03 19:00:00,2.75,25.75,3,2
2020-12-03 19:00:00,-1.5,24.75,3,2
2020-12-03 19:00:00,-5.75,23.75,3,2
2020-12-03 19:00:00,-10.0,22.5,3,2
2020-12-03 19:00:00,-14.25,21.25,3,2
2020-12-03 20:00:00,79.5,25.25,2,2
2020-12-03 20:00:00,75.25,21.0,2,2
2020-12-03 20:00:00,70.75,18.75,2,2
2020-12-03 20:00:00,66.75,16.75,2,2
2020-12-03 20:00:00,60.5,16.25,2,2
2020-12-03 20:00:00,58.25,13.75,2,2
2020-12-03 20:00:00,54.25,12.75,2,2
2020-12-03 20:00:00,50.0,11.75,2,2
2020-12-03 20:00:00,46.0,11.0,3,2
2020-12-03 20:00:00,42.0,9.75,3,2
2020-12-03 20:00:00,38.0,9.0,3,2
2020-12-03 20:00:00,34.25,8.0,3,2
2020-12-03 20:00:00,30.25,7.0,3,2
2020-12-03 20:00:00,26.0,6.25,3,2
2020-12-03 20:00:00,22.0,5.5,3,2
2020-12-03 20:00:00,-7.25,-1.0,3,2
2020-12-03 21:00:00,-11.5,-2.25,3,2
2020-12-03 22:00:00,78.0,-1.5,2,2
2020-12-03 22:00:00,73.5,-4.25,2,2
2020-12-03 22:00:00,69.25,-6.25,2,2
2020-12-03 22:00:00,65.0,-8.25,2,2
2020-12-03 22:00:00,60.75,-9.5,2,2
2020-12-03 22:00:00,56.75,-10.5,2,2
2020-12-03 22:00:00,52.75,-11.75,2,2
2020-12-03 22:00:00,48.5,-12.75,2,2
2020-12-03 22:00:00,44.5,-13.75,0,2
2020-12-03 22:00:00,40.5,-14.5,0,2
2020-12-03 22:00:00,36.5,-15.5,0,2
2020-12-03 22:00:00,32.75,-16.5,0,2
2020-12-03 22:00:00,28.75,-17.5,0,2
2020-12-03 22:00:00,-13.5,-26.25,0,2
2020-12-03 23:00:00,80.75,-21.5,2,2
2020-12-03 23:00:00,76.5,-25.75,2,2
2020-12-03 23:00:00,71.75,-28.5,2,2
2020-12-03 23:00:00,67.5,-31.0,2,2
2020-12-03 23:00:00,63.25,-32.75,2,2
2020-12-03 23:00:00,59.25,-34.0,2,2
2020-12-03 23:00:00,55.25,-35.25,0,2
2020-12-03 23:00:00,51.25,-36.25,0,2
2020-12-04 00:00:00,47.0,-37.25,0,2
2020-12-04 00:00:00,43.25,-38.5,0,2
2020-12-04 00:00:00,39.0,-39.5,0,2
2020-12-04 00:00:00,35.0,-40.25,0,2
2020-12-04 00:00:00,31.0,-41.25,0,2
2020-12-04 00:00:00,10.5,-45.25,0,2
2020-12-04 00:00:00,6.25,-46.0,0,2
2020-12-04 00:00:00,2.25,-47.0,0,2
2020-12-04 00:00:00,-2.0,-48.0,0,2
2020-12-04 00:00:00,-6.25,-49.25,0,2
2020-12-04 00:00:00,-10.5,-50.25,0,2
2020-12-04 00:00:00,-15.0,-51.5,0,2
2020-12-04 01:00:00,79.0,-48.0,2,2
2020-12-04 01:00:00,74.75,-51.75,2,2
2020-12-04 01:00:00,70.25,-54.5,2,2
2020-12-04 01:00:00,66.0,-56.25,2,2
2020-12-04 01:00:00,62.0,-57.5,2,2
2020-12-04 01:00:00,57.75,-58.5,0,2
2020-12-04 01:00:00,53.75,-59.75,0,2
2020-12-04 01:00:00,49.5,-60.75,0,2
2020-12-04 01:00:00,45.5,-61.75,0,2
2020-12-04 01:00:00,41.5,-62.75,0,2
2020-12-04 01:00:00,37.5,-63.5,0,2
2020-12-04 01:00:00,33.25,-64.5,0,2
2020-12-04 01:00:00,29.25,-65.25,0,2
2020-12-04 01:00:00,25.25,-66.25,0,2
2020-12-04 01:00:00,21.25,-67.0,0,2
2020-12-04 01:00:00,17.0,-67.75,0,2
2020-12-04 01:00:00,13.0,-68.75,0,2
2020-12-04 01:00:00,9.0,-69.5,0,2
2020-12-04 03:00:00,77.25,-73.75,2,3
2020-12-04 03:00:00,73.0,-77.0,2,3
2020-12-04 03:00:00,68.75,-79.0,2,3
2020-12-04 03:00:00,64.5,-80.75,2,3
2020-12-04 03:00:00,60.25,-82.0,2,3
2020-12-04 03:00:00,56.25,-83.25,0,3
2020-12-04 03:00:00,52.25,-84.25,0,3
2020-12-04 03:00:00,48.25,-85.5,0,3
2020-12-04 03:00:00,44.25,-86.5,0,3
2020-12-04 03:00:00,40.0,-87.25,0,3
2020-12-04 03:00:00,36.0,-88.25,0,3
2020-12-04 03:00:00,32.0,-88.75,0,3
2020-12-04 03:00:00,27.75,-89.75,0,3
2020-12-04 03:00:00,23.75,-90.5,0,3
2020-12-04 03:00:00,19.5,-91.5,0,3
2020-12-04 03:00:00,15.5,-92.25,0,3
2020-12-04 03:00:00,11.5,-93.0,0,3
2020-12-04 03:00:00,7.5,-94.0,0,3
2020-12-04 03:00:00,3.25,-95.0,0,3
2020-12-04 03:00:00,-1.0,-96.0,0,3
2020-12-04 03:00:00,-5.0,-97.0,0,3
2020-12-04 03:00:00,-9.25,-98.0,0,3
2020-12-04 03:00:00,-13.75,-99.5,0,3
2020-12-04 08:00:00,39.5,-160.0,1,3
2020-12-04 08:00:00,35.25,-160.5,1,3
2020-12-04 08:00:00,31.25,-161.5,1,3
2020-12-04 08:00:00,27.25,-162.25,1,3
2020-12-04 08:00:00,23.25,-163.25,1,3
2020-12-04 08:00:00,19.25,-164.0,1,3
2020-12-04 08:00:00,15.0,-164.75,1,3
2020-12-04 08:00:00,11.0,-165.75,1,3
2020-12-04 08:00:00,6.75,-166.5,1,3
2020-12-04 08:00:00,2.75,-167.5,1,3
2020-12-04 08:00:00,-1.5,-168.5,1,3
2020-12-04 08:00:00,-5.75,-169.5,1,3
2020-12-04 08:00:00,-10.0,-170.75,1,3
2020-12-04 08:00:00,-14.25,-172.0,1,3
2020-12-04 09:00:00,79.5,-168.0,2,3
2020-12-04 09:00:00,75.25,-172.25,2,3
2020-12-04 09:00:00,71.0,-174.5,2,3
2020-12-04 09:00:00,66.5,-176.5,2,3
2020-12-04 09:00:00,62.5,-178.0,2,3
2020-12-04 09:00:00,58.25,-179.25,1,3
2020-12-04 09:00:00,54.25,179.5,1,3
2020-12-04 09:00:00,50.0,178.5,1,3
2020-12-04 09:00:00,46.0,177.5,1,3
2020-12-04 09:00:00,42.0,176.75,1,3
2020-12-04 09:00:00,38.0,175.75,1,3
2020-12-04 09:00:00,33.75,175.0,1,3
2020-12-04 09:00:00,29.75,174.0,1,3
2020-12-04 09:00:00,25.75,173.25,1,3
2020-12-04 09:00:00,21.75,172.5,1,3
2020-12-04 09:00:00,17.5,171.5,1,3
2020-12-04 09:00:00,13.5,170.75,1,3
2020-12-04 09:00:00,9.5,169.75,1,3
2020-12-04 09:00:00,-3.0,167.0,1,3
2020-12-04 09:00:00,-11.75,164.5,1,3
2020-12-04 09:00:00,-16.25,163.0,1,3
2020-12-04 11:00:00,78.0,166.0,2,3
2020-12-04 11:00:00,73.5,162.5,2,3
2020-12-04 11:00:00,69.25,160.25,2,3
2020-12-04 11:00:00,65.0,158.75,2,3
2020-12-04 11:00:00,60.75,157.25,2,3
2020-12-04 11:00:00,56.75,156.0,1,3
2020-12-04 11:00:00,52.5,155.0,1,3
2020-12-04 11:00:00,48.75,154.0,1,3
2020-12-04 11:00:00,44.5,153.0,1,3
2020-12-04 11:00:00,40.5,152.25,1,3
2020-12-04 11:00:00,36.5,151.25,1,3
2020-12-04 11:00:00,32.5,150.5,1,3
2020-12-04 11:00:00,28.25,149.5,1,3
2020-12-04 11:00:00,24.25,148.75,1,3
2020-12-04 11:00:00,20.25,148.0,1,3
2020-12-04 11:00:00,14.0,142.5,1,3
2020-12-04 11:00:00,12.25,146.25,1,3
2020-12-04 11:00:00,7.75,145.25,1,3
2020-12-04 11:00:00,3.75,144.25,1,3
2020-12-04 11:00:00,-0.5,143.5,1,3
2020-12-04 11:00:00,-4.75,142.25,1,3
2020-12-04 11:00:00,-9.0,141.25,1,3
2020-12-04 11:00:00,-13.25,140.0,1,3
2020-12-04 12:00:00,80.75,145.25,2,3
2020-12-04 12:00:00,76.25,140.5,2,3
2020-12-04 12:00:00,72.0,137.5,2,3
2020-12-04 12:00:00,67.75,135.5,2,3
2020-12-04 12:00:00,63.5,134.0,2,3
2020-12-04 12:00:00,59.25,132.75,2,3
2020-12-04 12:00:00,55.25,131.5,2,3
2020-12-04 12:00:00,51.0,130.5,2,3
2020-12-04 12:00:00,47.0,129.5,1,3
2020-12-04 12:00:00,43.0,128.5,1,3
2020-12-04 12:00:00,38.75,120.25,1,3
2020-12-04 12:00:00,34.75,121.75,1,3
2020-12-04 12:00:00,30.25,122.25,1,3
2020-12-04 12:00:00,26.5,122.5,1,3
2020-12-04 12:00:00,22.5,123.0,1,3
2020-12-04 12:00:00,18.5,123.25,1,3
2020-12-04 13:00:00,14.5,122.5,1,3
2020-12-04 13:00:00,10.5,121.75,1,3
2020-12-04 13:00:00,6.25,120.75,1,3
2020-12-04 13:00:00,2.25,120.0,1,3
2020-12-04 13:00:00,-2.0,119.0,1,3
2020-12-04 13:00:00,-6.25,118.0,1,3
2020-12-04 13:00:00,-10.5,116.75,1,3
2020-12-04 13:00:00,-15.0,115.25,1,3
2020-12-04 14:00:00,79.0,119.0,2,3
2020-12-04 14:00:00,74.75,115.0,2,3
2020-12-04 14:00:00,70.25,112.5,2,3
2020-12-04 14:00:00,63.5,108.5,2,3
2020-12-04 14:00:00,60.0,107.0,2,3
2020-12-04 14:00:00,56.25,106.0,2,3
2020-12-04 14:00:00,52.5,105.5,2,3
2020-12-04 14:00:00,49.0,105.25,2,3
2020-12-04 14:00:00,45.5,104.5,2,3
2020-12-04 14:00:00,41.5,104.0,2,3
2020-12-04 14:00:00,37.5,103.0,3,3
2020-12-04 14:00:00,33.75,102.0,3,3
2020-12-04 14:00:00,29.5,101.25,3,3
2020-12-04 14:00:00,25.25,100.5,3,3
2020-12-04 14:00:00,21.25,99.75,3,3
2020-12-04 14:00:00,0.5,95.25,3,3
2020-12-04 14:00:00,-16.5,90.5,3,3
2020-12-04 15:00:00,81.75,98.5,2,3
2020-12-04 15:00:00,77.25,93.0,2,3
2020-12-04 15:00:00,73.0,90.0,2,3
2020-12-04 16:00:00,68.75,87.75,2,3
2020-12-04 16:00:00,64.5,86.0,2,3
2020-12-04 16:00:00,60.5,84.75,2,3
2020-12-04 16:00:00,56.25,83.5,2,3
2020-12-04 16:00:00,52.25,82.25,2,3
2020-12-04 16:00:00,48.0,81.25,3,3
2020-12-04 16:00:00,44.0,80.25,3,3
2020-12-04 16:00:00,40.0,79.25,3,3
2020-12-04 16:00:00,36.0,78.75,3,3
2020-12-04 16:00:00,31.75,77.75,3,3
2020-12-04 16:00:00,27.75,77.0,3,3
2020-12-04 16:00:00,23.75,76.25,3,3
2020-12-04 16:00:00,19.75,75.25,3,3
2020-12-04 16:00:00,15.5,74.5,3,3
2020-12-04 16:00:00,11.5,73.75,3,3
2020-12-04 16:00:00,7.5,72.75,3,3
2020-12-04 16:00:00,3.25,71.75,3,3
2020-12-04 16:00:00,-1.0,70.75,3,3
2020-12-04 16:00:00,-5.25,69.75,3,3
2020-12-04 16:00:00,-9.5,68.75,3,3
2020-12-04 16:00:00,-13.75,67.5,3,3
2020-12-04 17:00:00,80.0,71.75,2,3
2020-12-04 17:00:00,75.75,67.5,2,3
2020-12-04 17:00:00,71.5,64.75,2,3
2020-12-04 17:00:00,67.25,62.75,2,3
2020-12-04 17:00:00,63.0,61.5,2,3
2020-12-04 17:00:00,59.0,60.0,2,3
2020-12-04 17:00:00,54.75,58.75,2,3
2020-12-04 17:00:00,50.5,58.0,3,3
2020-12-04 17:00:00,46.5,56.75,3,3
2020-12-04 17:00:00,42.5,55.75,3,3
2020-12-04 17:00:00,38.5,55.0,3,3
2020-12-04 17:00:00,33.0,50.75,3,3
2020-12-04 17:00:00,30.75,53.5,3,3
2020-12-04 17:00:00,26.25,52.5,3,3
2020-12-04 17:00:00,22.25,51.75,3,3
2020-12-04 17:00:00,18.0,50.75,3,3
2020-12-04 17:00:00,14.0,50.0,3,3
2020-12-04 17:00:00,10.0,49.25,3,3
2020-12-04 17:00:00,5.75,48.25,3,3
2020-12-04 17:00:00,1.75,47.5,3,3
2020-12-04 17:00:00,-2.5,46.25,3,3
2020-12-04 17:00:00,-6.75,45.25,3,3
2020-12-04 17:00:00,-11.0,44.0,3,3
2020-12-04 17:00:00,-15.5,42.5,3,3
2020-12-04 19:00:00,78.5,45.5,2,3
2020-12-04 19:00:00,74.0,42.25,2,3
2020-12-04 19:00:00,69.75,40.0,2,3
2020-12-04 19:00:00,65.5,38.0,2,3
2020-12-04 19:00:00,61.5,36.75,2,3
2020-12-04 19:00:00,57.25,35.5,2,3
2020-12-04 19:00:00,53.25,34.5,2,3
2020-12-04 19:00:00,49.25,33.25,3,3
2020-12-04 19:00:00,45.0,32.5,3,3
2020-12-04 19:00:00,41.0,31.25,3,3
2020-12-04 19:00:00,37.0,30.5,3,3
2020-12-04 19:00:00,33.0,29.75,3,3
2020-12-04 19:00:00,28.75,29.0,3,3
2020-12-04 19:00:00,24.75,28.0,3,3
2020-12-04 19:00:00,20.75,27.25,3,3
2020-12-04 19:00:00,-8.5,20.5,3,3
2020-12-04 19:00:00,-12.75,19.25,3,3
2020-12-04 20:00:00,81.25,25.0,2,3
2020-12-04 20:00:00,76.75,20.0,2,3
2020-12-04 20:00:00,72.5,17.25,2,3
2020-12-04 20:00:00,68.25,15.0,2,3
2020-12-04 20:00:00,64.0,13.5,2,3
2020-12-04 20:00:00,59.75,12.0,2,3
2020-12-04 20:00:00,55.75,10.75,2,3
2020-12-04 20:00:00,49.75,10.5,2,3
2020-12-04 20:00:00,46.25,9.25,3,3
2020-12-04 20:00:00,42.5,8.25,3,3
2020-12-04 20:00:00,38.75,7.0,3,3
2020-12-04 20:00:00,35.25,6.0,3,3
2020-12-04 21:00:00,31.25,5.25,3,3
2020-12-04 22:00:00,79.5,-1.5,2,3
2020-12-04 22:00:00,75.25,-5.25,2,3
2020-12-04 22:00:00,71.0,-8.0,2,3
2020-12-04 22:00:00,66.5,-9.75,2,3
2020-12-04 22:00:00,62.5,-11.25,2,3
2020-12-04 22:00:00,58.25,-12.5,2,3
2020-12-04 22:00:00,54.25,-13.75,2,3
2020-12-04 22:00:00,50.0,-14.75,2,3
2020-12-04 22:00:00,46.0,-15.75,0,3
2020-12-04 22:00:00,42.0,-16.75,0,3
2020-12-04 22:00:00,38.0,-17.5,0,3
2020-12-04 22:00:00,34.0,-18.5,0,3
2020-12-04 22:00:00,29.75,-19.25,0,3
2020-12-04 22:00:00,25.75,-20.0,0,3
2020-12-04 22:00:00,21.75,-21.0,0,3
2020-12-04 22:00:00,17.75,-21.75,0,3
2020-12-04 22:00:00,13.5,-22.5,0,3
2020-12-04 22:00:00,9.5,-23.5,0,3
2020-12-04 22:00:00,5.25,-24.5,0,3
2020-12-04 22:00:00,1.25,-25.25,0,3
2020-12-04 22:00:00,-3.0,-26.25,0,3
2020-12-04 22:00:00,-7.25,-27.5,0,3
2020-12-04 22:00:00,-11.5,-28.75,0,3
2020-12-04 22:00:00,-15.75,-30.0,0,3
