fold_id,space_fold,time_fold,n_train,n_test,feature,impurity_importance,feature_group
space0_time0,0,0,506,33,era5_swvl1,0.049725050098726506,Atmospheric
space0_time0,0,0,506,33,era5_stl1,0.04292277589874284,Atmospheric
space0_time0,0,0,506,33,era5_cl,0.0022613923149637366,Atmospheric
space0_time0,0,0,506,33,era5_cvl,0.0036724668078680764,Atmospheric
space0_time0,0,0,506,33,era5_cvh,0.001986212795134243,Atmospheric
space0_time0,0,0,506,33,era5_siconc,0.00019324890218975238,Atmospheric
space0_time0,0,0,506,33,era5_asn,0.0010735362638226134,Atmospheric
space0_time0,0,0,506,33,era5_sst,0.021441317306904597,Atmospheric
space0_time0,0,0,506,33,era5_lai_lv,0.004964011858457783,Atmospheric
space0_time0,0,0,506,33,era5_lai_hv,0.005944591953798599,Atmospheric
space0_time0,0,0,506,33,era5_sp,0.03647375179980305,Atmospheric
space0_time0,0,0,506,33,era5_tcw,0.04194400579303803,Atmospheric
space0_time0,0,0,506,33,era5_tcwv,0.038293687871415155,Atmospheric
space0_time0,0,0,506,33,era5_msl,0.02345894155358203,Atmospheric
space0_time0,0,0,506,33,era5_t2m,0.04024114702002098,Atmospheric
space0_time0,0,0,506,33,era5_lsm,0.010287564722607126,Atmospheric
space0_time0,0,0,506,33,era5_lcc,0.015270638783238605,Atmospheric
space0_time0,0,0,506,33,era5_mcc,0.01182266551626367,Atmospheric
space0_time0,0,0,506,33,era5_hcc,0.012455968401840895,Atmospheric
space0_time0,0,0,506,33,era5_tco3,0.03503257212570247,Atmospheric
space0_time0,0,0,506,33,era5_skt,0.038164078967276194,Atmospheric
space0_time0,0,0,506,33,era5_tsn,0.032033640124257565,Atmospheric
space0_time0,0,0,506,33,era5_fal,0.02007562182641305,Atmospheric
space0_time0,0,0,506,33,era5_lmlt,0.044172650033125385,Atmospheric
space0_time0,0,0,506,33,era5_lict,0.0633384034857498,Atmospheric
space0_time0,0,0,506,33,era5_deg0l,0.05433914728902938,Atmospheric
space0_time0,0,0,506,33,era5_avg_sdlwrf,0.037609992713273394,Atmospheric
space0_time0,0,0,506,33,era5_avg_snlwrf,0.021603566998742493,Atmospheric
space0_time0,0,0,506,33,era5_avg_snlwrfcs,0.026205108867735284,Atmospheric
space0_time0,0,0,506,33,local_time,0.042619222824141385,Time
space0_time0,0,0,506,33,hour,0.026400395097933144,Time
space0_time0,0,0,506,33,latitude,0.1157387514155794,Space
space0_time0,0,0,506,33,longitude,0.0674007468156515,Space
space0_time0,0,0,506,33,era5_tvl_0.0,0.0004889270516576634,Atmospheric
space0_time0,0,0,506,33,era5_tvl_1.0,0.0005186839926530167,Atmospheric
space0_time0,0,0,506,33,era5_tvl_2.0,0.0002987630361290853,Atmospheric
space0_time0,0,0,506,33,era5_tvl_7.0,0.0022643579753612725,Atmospheric
space0_time0,0,0,506,33,era5_tvl_9.0,5.8593826979913395e-05,Atmospheric
space0_time0,0,0,506,33,era5_tvl_10.0,5.132909913467995e-05,Atmospheric
space0_time0,0,0,506,33,era5_tvl_11.0,6.421342304944238e-05,Atmospheric
space0_time0,0,0,506,33,era5_tvl_13.0,2.521358041987531e-06,Atmospheric
space0_time0,0,0,506,33,era5_tvl_16.0,0.0006916368647053227,Atmospheric
space0_time0,0,0,506,33,era5_tvl_17.0,0.0,Atmospheric
space0_time0,0,0,506,33,era5_tvh_0.0,0.0006289549985525394,Atmospheric
space0_time0,0,0,506,33,era5_tvh_3.0,6.465179696134392e-06,Atmospheric
space0_time0,0,0,506,33,era5_tvh_4.0,2.1750643888512035e-06,Atmospheric
space0_time0,0,0,506,33,era5_tvh_5.0,3.6852907584981695e-05,Atmospheric
space0_time0,0,0,506,33,era5_tvh_6.0,8.447881958519516e-05,Atmospheric
space0_time0,0,0,506,33,era5_tvh_18.0,0.00017675724446714506,Atmospheric
space0_time0,0,0,506,33,era5_tvh_19.0,0.00030523394042145883,Atmospheric
space0_time0,0,0,506,33,era5_slt_0.0,0.0008214189034275868,Atmospheric
space0_time0,0,0,506,33,era5_slt_1.0,5.908901057094489e-05,Atmospheric
space0_time0,0,0,506,33,era5_slt_2.0,0.0008608812121697946,Atmospheric
space0_time0,0,0,506,33,era5_slt_3.0,0.0016337235323441324,Atmospheric
space0_time0,0,0,506,33,era5_slt_4.0,0.0017780683120500718,Atmospheric
space0_time0,0,0,506,33,era5_slt_5.0,0.0,Atmospheric
space0_time0,0,0,506,33,era5_slt_6.0,0.0,Atmospheric
space0_time1,0,1,519,69,era5_swvl1,0.030566256068839684,Atmospheric
space0_time1,0,1,519,69,era5_stl1,0.039750187915930796,Atmospheric
space0_time1,0,1,519,69,era5_cl,0.002542030891551357,Atmospheric
space0_time1,0,1,519,69,era5_cvl,0.00605397223953811,Atmospheric
space0_time1,0,1,519,69,era5_cvh,0.007407905277787305,Atmospheric
space0_time1,0,1,519,69,era5_siconc,0.00022405578525668863,Atmospheric
space0_time1,0,1,519,69,era5_asn,0.0006239626345911853,Atmospheric
space0_time1,0,1,519,69,era5_sst,0.01964966208408476,Atmospheric
space0_time1,0,1,519,69,era5_lai_lv,0.008046275980703024,Atmospheric
space0_time1,0,1,519,69,era5_lai_hv,0.009527774557447822,Atmospheric
space0_time1,0,1,519,69,era5_sp,0.05371598944928137,Atmospheric
space0_time1,0,1,519,69,era5_tcw,0.037555078730084256,Atmospheric
space0_time1,0,1,519,69,era5_tcwv,0.033797509922819956,Atmospheric
space0_time1,0,1,519,69,era5_msl,0.024688236526293903,Atmospheric
space0_time1,0,1,519,69,era5_t2m,0.04708537148367022,Atmospheric
space0_time1,0,1,519,69,era5_lsm,0.01004297936084713,Atmospheric
space0_time1,0,1,519,69,era5_lcc,0.01726971455369436,Atmospheric
space0_time1,0,1,519,69,era5_mcc,0.018281914627137182,Atmospheric
space0_time1,0,1,519,69,era5_hcc,0.02011282163520893,Atmospheric
space0_time1,0,1,519,69,era5_tco3,0.03342087945077594,Atmospheric
space0_time1,0,1,519,69,era5_skt,0.03792592317960763,Atmospheric
space0_time1,0,1,519,69,era5_tsn,0.03790831541289995,Atmospheric
space0_time1,0,1,519,69,era5_fal,0.024377315892736423,Atmospheric
space0_time1,0,1,519,69,era5_lmlt,0.04837702511182379,Atmospheric
space0_time1,0,1,519,69,era5_lict,0.03796108252085616,Atmospheric
space0_time1,0,1,519,69,era5_deg0l,0.05148195570412044,Atmospheric
space0_time1,0,1,519,69,era5_avg_sdlwrf,0.039494563775757885,Atmospheric
space0_time1,0,1,519,69,era5_avg_snlwrf,0.021067152496444863,Atmospheric
space0_time1,0,1,519,69,era5_avg_snlwrfcs,0.01773585951245612,Atmospheric
space0_time1,0,1,519,69,local_time,0.06279979888612403,Time
space0_time1,0,1,519,69,hour,0.024524984700448667,Time
space0_time1,0,1,519,69,latitude,0.10015551908481564,Space
space0_time1,0,1,519,69,longitude,0.053272089007718,Space
space0_time1,0,1,519,69,era5_tvl_0.0,0.0009963341665722642,Atmospheric
space0_time1,0,1,519,69,era5_tvl_1.0,0.0004310625899642765,Atmospheric
space0_time1,0,1,519,69,era5_tvl_2.0,0.0003567306230225072,Atmospheric
space0_time1,0,1,519,69,era5_tvl_7.0,0.005186549593774834,Atmospheric
space0_time1,0,1,519,69,era5_tvl_9.0,6.934915001574203e-05,Atmospheric
space0_time1,0,1,519,69,era5_tvl_10.0,0.0003120610440983384,Atmospheric
space0_time1,0,1,519,69,era5_tvl_11.0,0.0004289216552138141,Atmospheric
space0_time1,0,1,519,69,era5_tvl_13.0,9.694109744442872e-07,Atmospheric
space0_time1,0,1,519,69,era5_tvl_16.0,0.0,Atmospheric
space0_time1,0,1,519,69,era5_tvl_17.0,0.0,Atmospheric
space0_time1,0,1,519,69,era5_tvh_0.0,0.0015057601989817814,Atmospheric
space0_time1,0,1,519,69,era5_tvh_3.0,9.021306898080564e-06,Atmospheric
space0_time1,0,1,519,69,era5_tvh_4.0,5.90609484700219e-06,Atmospheric
space0_time1,0,1,519,69,era5_tvh_5.0,0.0017871754595219173,Atmospheric
space0_time1,0,1,519,69,era5_tvh_6.0,0.0002725927669670825,Atmospheric
space0_time1,0,1,519,69,era5_tvh_18.0,0.0016124954353873256,Atmospheric
space0_time1,0,1,519,69,era5_tvh_19.0,0.0006331159577592083,Atmospheric
space0_time1,0,1,519,69,era5_slt_0.0,0.0012949109368215021,Atmospheric
space0_time1,0,1,519,69,era5_slt_1.0,0.00021147409787274822,Atmospheric
space0_time1,0,1,519,69,era5_slt_2.0,0.0010128156872821839,Atmospheric
space0_time1,0,1,519,69,era5_slt_3.0,0.003548022671684625,Atmospheric
space0_time1,0,1,519,69,era5_slt_4.0,0.0028805666909868122,Atmospheric
space0_time1,0,1,519,69,era5_slt_5.0,0.0,Atmospheric
space0_time1,0,1,519,69,era5_slt_6.0,0.0,Atmospheric
space0_time1,0,1,519,69,era5_slt_7.0,0.0,Atmospheric
space0_time2,0,2,525,60,era5_swvl1,0.04027621862300899,Atmospheric
space0_time2,0,2,525,60,era5_stl1,0.037600723028495986,Atmospheric
space0_time2,0,2,525,60,era5_cl,0.0018875335113061797,Atmospheric
space0_time2,0,2,525,60,era5_cvl,0.0032386729281919276,Atmospheric
space0_time2,0,2,525,60,era5_cvh,0.006603864416284598,Atmospheric
space0_time2,0,2,525,60,era5_siconc,0.0005243560684079458,Atmospheric
space0_time2,0,2,525,60,era5_asn,0.0016243225103007197,Atmospheric
space0_time2,0,2,525,60,era5_sst,0.027393747332866786,Atmospheric
space0_time2,0,2,525,60,era5_lai_lv,0.005521831937771874,Atmospheric
space0_time2,0,2,525,60,era5_lai_hv,0.018092262336984032,Atmospheric
space0_time2,0,2,525,60,era5_sp,0.03125576305795343,Atmospheric
space0_time2,0,2,525,60,era5_tcw,0.036166603644231195,Atmospheric
space0_time2,0,2,525,60,era5_tcwv,0.04339217636435995,Atmospheric
space0_time2,0,2,525,60,era5_msl,0.02224040726668638,Atmospheric
space0_time2,0,2,525,60,era5_t2m,0.038766848006803196,Atmospheric
space0_time2,0,2,525,60,era5_lsm,0.008820533537946712,Atmospheric
space0_time2,0,2,525,60,era5_lcc,0.018777789798162487,Atmospheric
space0_time2,0,2,525,60,era5_mcc,0.014367218343821564,Atmospheric
space0_time2,0,2,525,60,era5_hcc,0.014553945589332713,Atmospheric
space0_time2,0,2,525,60,era5_tco3,0.048529314459375195,Atmospheric
space0_time2,0,2,525,60,era5_skt,0.03845444976619204,Atmospheric
space0_time2,0,2,525,60,era5_tsn,0.03510260554440698,Atmospheric
space0_time2,0,2,525,60,era5_fal,0.025990936817651272,Atmospheric
space0_time2,0,2,525,60,era5_lmlt,0.036444989140143845,Atmospheric
space0_time2,0,2,525,60,era5_lict,0.0625661420568581,Atmospheric
space0_time2,0,2,525,60,era5_deg0l,0.05346736632852583,Atmospheric
space0_time2,0,2,525,60,era5_avg_sdlwrf,0.03850517912342959,Atmospheric
space0_time2,0,2,525,60,era5_avg_snlwrf,0.019648715717806662,Atmospheric
space0_time2,0,2,525,60,era5_avg_snlwrfcs,0.022499210491131943,Atmospheric
space0_time2,0,2,525,60,local_time,0.03065061461796273,Time
space0_time2,0,2,525,60,hour,0.029364925526346713,Time
space0_time2,0,2,525,60,latitude,0.08532396722369542,Space
space0_time2,0,2,525,60,longitude,0.0740133337721814,Space
space0_time2,0,2,525,60,era5_tvl_0.0,0.0004106438950674445,Atmospheric
space0_time2,0,2,525,60,era5_tvl_1.0,0.0003261414830547924,Atmospheric
space0_time2,0,2,525,60,era5_tvl_2.0,3.230150579448421e-05,Atmospheric
space0_time2,0,2,525,60,era5_tvl_7.0,0.012526471960814366,Atmospheric
space0_time2,0,2,525,60,era5_tvl_9.0,8.448029683176731e-05,Atmospheric
space0_time2,0,2,525,60,era5_tvl_10.0,0.0009026175927520108,Atmospheric
space0_time2,0,2,525,60,era5_tvl_11.0,0.00034075077102220416,Atmospheric
space0_time2,0,2,525,60,era5_tvl_13.0,0.0,Atmospheric
space0_time2,0,2,525,60,era5_tvl_16.0,0.0,Atmospheric
space0_time2,0,2,525,60,era5_tvl_17.0,0.0,Atmospheric
space0_time2,0,2,525,60,era5_tvh_0.0,0.0010209563136123366,Atmospheric
space0_time2,0,2,525,60,era5_tvh_3.0,1.555318900597278e-05,Atmospheric
space0_time2,0,2,525,60,era5_tvh_4.0,4.008783212713714e-06,Atmospheric
space0_time2,0,2,525,60,era5_tvh_5.0,0.0007059679413644854,Atmospheric
space0_time2,0,2,525,60,era5_tvh_6.0,0.00014647357278874343,Atmospheric
space0_time2,0,2,525,60,era5_tvh_18.0,0.0006028903291256919,Atmospheric
space0_time2,0,2,525,60,era5_tvh_19.0,0.00017784924042538592,Atmospheric
space0_time2,0,2,525,60,era5_slt_0.0,0.0005186701891156278,Atmospheric
space0_time2,0,2,525,60,era5_slt_1.0,0.0002958242149644881,Atmospheric
space0_time2,0,2,525,60,era5_slt_2.0,0.00013760855145533599,Atmospheric
space0_time2,0,2,525,60,era5_slt_3.0,0.00040869341066211186,Atmospheric
space0_time2,0,2,525,60,era5_slt_4.0,0.009675527870305614,Atmospheric
space0_time2,0,2,525,60,era5_slt_5.0,0.0,Atmospheric
space0_time2,0,2,525,60,era5_slt_6.0,0.0,Atmospheric
space0_time2,0,2,525,60,era5_slt_7.0,0.0,Atmospheric
space0_time3,0,3,490,34,era5_swvl1,0.030526051918172693,Atmospheric
space0_time3,0,3,490,34,era5_stl1,0.05405770089655127,Atmospheric
space0_time3,0,3,490,34,era5_cl,0.0022217413623517755,Atmospheric
space0_time3,0,3,490,34,era5_cvl,0.006526116890277062,Atmospheric
space0_time3,0,3,490,34,era5_cvh,0.002300204594985095,Atmospheric
space0_time3,0,3,490,34,era5_siconc,0.00023690875743333876,Atmospheric
space0_time3,0,3,490,34,era5_asn,0.0004608804807886063,Atmospheric
space0_time3,0,3,490,34,era5_sst,0.029830459511335422,Atmospheric
space0_time3,0,3,490,34,era5_lai_lv,0.003360287111477138,Atmospheric
space0_time3,0,3,490,34,era5_lai_hv,0.005064258726951946,Atmospheric
space0_time3,0,3,490,34,era5_sp,0.0355496190682615,Atmospheric
space0_time3,0,3,490,34,era5_tcw,0.046023768580920256,Atmospheric
space0_time3,0,3,490,34,era5_tcwv,0.0431448165232219,Atmospheric
space0_time3,0,3,490,34,era5_msl,0.018912477771663497,Atmospheric
space0_time3,0,3,490,34,era5_t2m,0.060232862534076524,Atmospheric
space0_time3,0,3,490,34,era5_lsm,0.009106928868134872,Atmospheric
space0_time3,0,3,490,34,era5_lcc,0.021382838102401627,Atmospheric
space0_time3,0,3,490,34,era5_mcc,0.020645877881339075,Atmospheric
space0_time3,0,3,490,34,era5_hcc,0.012619296136224497,Atmospheric
space0_time3,0,3,490,34,era5_tco3,0.04019397111358447,Atmospheric
space0_time3,0,3,490,34,era5_skt,0.041271990393325825,Atmospheric
space0_time3,0,3,490,34,era5_tsn,0.035631341014522075,Atmospheric
space0_time3,0,3,490,34,era5_fal,0.01624042745560521,Atmospheric
space0_time3,0,3,490,34,era5_lmlt,0.04625839231247692,Atmospheric
space0_time3,0,3,490,34,era5_lict,0.0365797098292583,Atmospheric
space0_time3,0,3,490,34,era5_deg0l,0.05225055909205885,Atmospheric
space0_time3,0,3,490,34,era5_avg_sdlwrf,0.04610888411507501,Atmospheric
space0_time3,0,3,490,34,era5_avg_snlwrf,0.020664293294648813,Atmospheric
space0_time3,0,3,490,34,era5_avg_snlwrfcs,0.02204272311816965,Atmospheric
space0_time3,0,3,490,34,local_time,0.03865402823608827,Time
space0_time3,0,3,490,34,hour,0.03767808598422413,Time
space0_time3,0,3,490,34,latitude,0.08498186160256366,Space
space0_time3,0,3,490,34,longitude,0.06600967263788102,Space
space0_time3,0,3,490,34,era5_tvl_0.0,0.0010870586306370575,Atmospheric
space0_time3,0,3,490,34,era5_tvl_1.0,0.00020954773033359192,Atmospheric
space0_time3,0,3,490,34,era5_tvl_2.0,6.480918624688958e-05,Atmospheric
space0_time3,0,3,490,34,era5_tvl_7.0,0.0012647891887932398,Atmospheric
space0_time3,0,3,490,34,era5_tvl_9.0,0.00019267197505645555,Atmospheric
space0_time3,0,3,490,34,era5_tvl_10.0,0.001810766948792119,Atmospheric
space0_time3,0,3,490,34,era5_tvl_11.0,0.00026359571529235403,Atmospheric
space0_time3,0,3,490,34,era5_tvl_13.0,7.163035529935232e-07,Atmospheric
space0_time3,0,3,490,34,era5_tvl_16.0,0.0,Atmospheric
space0_time3,0,3,490,34,era5_tvl_17.0,0.0,Atmospheric
space0_time3,0,3,490,34,era5_tvh_0.0,0.0012347194746991708,Atmospheric
space0_time3,0,3,490,34,era5_tvh_3.0,4.627448044835639e-06,Atmospheric
space0_time3,0,3,490,34,era5_tvh_4.0,2.545584875151607e-06,Atmospheric
space0_time3,0,3,490,34,era5_tvh_5.0,3.714912588736161e-05,Atmospheric
space0_time3,0,3,490,34,era5_tvh_6.0,0.00017032325834155003,Atmospheric
space0_time3,0,3,490,34,era5_tvh_18.0,5.6635159530490335e-05,Atmospheric
space0_time3,0,3,490,34,era5_tvh_19.0,0.0008565706999849352,Atmospheric
space0_time3,0,3,490,34,era5_slt_0.0,0.0006863012105118775,Atmospheric
space0_time3,0,3,490,34,era5_slt_1.0,9.385581847537927e-05,Atmospheric
space0_time3,0,3,490,34,era5_slt_2.0,0.0002455003052740574,Atmospheric
space0_time3,0,3,490,34,era5_slt_3.0,0.00166019880914506,Atmospheric
space0_time3,0,3,490,34,era5_slt_4.0,0.003288581510475191,Atmospheric
space0_time3,0,3,490,34,era5_slt_6.0,0.0,Atmospheric
space0_time3,0,3,490,34,era5_slt_7.0,0.0,Atmospheric
space1_time0,1,0,534,62,era5_swvl1,0.04239877387698373,Atmospheric
space1_time0,1,0,534,62,era5_stl1,0.029616051485202324,Atmospheric
space1_time0,1,0,534,62,era5_cl,0.004098572930037833,Atmospheric
space1_time0,1,0,534,62,era5_cvl,0.011190749159023438,Atmospheric
space1_time0,1,0,534,62,era5_cvh,0.009097332829180961,Atmospheric
space1_time0,1,0,534,62,era5_siconc,0.00027508171598444024,Atmospheric
space1_time0,1,0,534,62,era5_asn,0.0023170082240803677,Atmospheric
space1_time0,1,0,534,62,era5_sst,0.021604056875968412,Atmospheric
space1_time0,1,0,534,62,era5_lai_lv,0.009943821635709947,Atmospheric
space1_time0,1,0,534,62,era5_lai_hv,0.026373652832619752,Atmospheric
space1_time0,1,0,534,62,era5_sp,0.042339048455573555,Atmospheric
space1_time0,1,0,534,62,era5_tcw,0.0417163300573577,Atmospheric
space1_time0,1,0,534,62,era5_tcwv,0.04325532682524721,Atmospheric
space1_time0,1,0,534,62,era5_msl,0.020746383538650336,Atmospheric
space1_time0,1,0,534,62,era5_t2m,0.04009138157693189,Atmospheric
space1_time0,1,0,534,62,era5_lsm,0.018459247062891374,Atmospheric
space1_time0,1,0,534,62,era5_lcc,0.01601502111476582,Atmospheric
space1_time0,1,0,534,62,era5_mcc,0.013291347017656142,Atmospheric
space1_time0,1,0,534,62,era5_hcc,0.010997800550318524,Atmospheric
space1_time0,1,0,534,62,era5_tco3,0.03119401104649047,Atmospheric
space1_time0,1,0,534,62,era5_skt,0.03795994190429143,Atmospheric
space1_time0,1,0,534,62,era5_tsn,0.03464198627863495,Atmospheric
space1_time0,1,0,534,62,era5_fal,0.02894813172205234,Atmospheric
space1_time0,1,0,534,62,era5_lmlt,0.04072622217092801,Atmospheric
space1_time0,1,0,534,62,era5_lict,0.0685306993649534,Atmospheric
space1_time0,1,0,534,62,era5_deg0l,0.03911549485355879,Atmospheric
space1_time0,1,0,534,62,era5_avg_sdlwrf,0.0399942932671718,Atmospheric
space1_time0,1,0,534,62,era5_avg_snlwrf,0.019904980740424755,Atmospheric
space1_time0,1,0,534,62,era5_avg_snlwrfcs,0.0274715659251401,Atmospheric
space1_time0,1,0,534,62,local_time,0.04046772447349383,Time
space1_time0,1,0,534,62,hour,0.031611412143235575,Time
space1_time0,1,0,534,62,latitude,0.07691879057577632,Space
space1_time0,1,0,534,62,longitude,0.03871433088757058,Space
space1_time0,1,0,534,62,era5_tvl_0.0,0.0011058905757487985,Atmospheric
space1_time0,1,0,534,62,era5_tvl_1.0,0.0004851087579464064,Atmospheric
space1_time0,1,0,534,62,era5_tvl_2.0,0.00030991009753104486,Atmospheric
space1_time0,1,0,534,62,era5_tvl_7.0,0.009222352159491168,Atmospheric
space1_time0,1,0,534,62,era5_tvl_9.0,8.491984181745146e-05,Atmospheric
space1_time0,1,0,534,62,era5_tvl_10.0,0.0007960813369901456,Atmospheric
space1_time0,1,0,534,62,era5_tvl_11.0,0.00022280242798407147,Atmospheric
space1_time0,1,0,534,62,era5_tvl_13.0,0.0,Atmospheric
space1_time0,1,0,534,62,era5_tvl_16.0,0.00042357945458697217,Atmospheric
space1_time0,1,0,534,62,era5_tvl_17.0,0.0,Atmospheric
space1_time0,1,0,534,62,era5_tvh_0.0,0.001072900119093434,Atmospheric
space1_time0,1,0,534,62,era5_tvh_3.0,3.8151409057348635e-06,Atmospheric
space1_time0,1,0,534,62,era5_tvh_4.0,1.0268856360017596e-05,Atmospheric
space1_time0,1,0,534,62,era5_tvh_5.0,9.442769904549111e-05,Atmospheric
space1_time0,1,0,534,62,era5_tvh_6.0,0.01038710536806555,Atmospheric
space1_time0,1,0,534,62,era5_tvh_18.0,0.0006998661827305697,Atmospheric
space1_time0,1,0,534,62,era5_tvh_19.0,0.0003788160141576585,Atmospheric
space1_time0,1,0,534,62,era5_slt_0.0,0.0019530839755044506,Atmospheric
space1_time0,1,0,534,62,era5_slt_1.0,0.00018702942583004529,Atmospheric
space1_time0,1,0,534,62,era5_slt_2.0,0.003053810747885348,Atmospheric
space1_time0,1,0,534,62,era5_slt_3.0,0.004863718338173594,Atmospheric
space1_time0,1,0,534,62,era5_slt_4.0,0.00461404839592104,Atmospheric
space1_time0,1,0,534,62,era5_slt_6.0,3.8919663249464174e-06,Atmospheric
space1_time1,1,1,520,71,era5_swvl1,0.025326855438434076,Atmospheric
space1_time1,1,1,520,71,era5_stl1,0.03826013990377404,Atmospheric
space1_time1,1,1,520,71,era5_cl,0.005325405482440076,Atmospheric
space1_time1,1,1,520,71,era5_cvl,0.010285619952205968,Atmospheric
space1_time1,1,1,520,71,era5_cvh,0.006302716345257755,Atmospheric
space1_time1,1,1,520,71,era5_siconc,0.0002730764229967754,Atmospheric
space1_time1,1,1,520,71,era5_asn,0.0009248331591346433,Atmospheric
space1_time1,1,1,520,71,era5_sst,0.013929190642325515,Atmospheric
space1_time1,1,1,520,71,era5_lai_lv,0.009381724792943195,Atmospheric
space1_time1,1,1,520,71,era5_lai_hv,0.009884477130144266,Atmospheric
space1_time1,1,1,520,71,era5_sp,0.06881053338065826,Atmospheric
space1_time1,1,1,520,71,era5_tcw,0.042585188352128156,Atmospheric
space1_time1,1,1,520,71,era5_tcwv,0.038894770204940386,Atmospheric
space1_time1,1,1,520,71,era5_msl,0.028978432154009224,Atmospheric
space1_time1,1,1,520,71,era5_t2m,0.04234185365650569,Atmospheric
space1_time1,1,1,520,71,era5_lsm,0.017843062065762957,Atmospheric
space1_time1,1,1,520,71,era5_lcc,0.020339865527814083,Atmospheric
space1_time1,1,1,520,71,era5_mcc,0.01667211103004758,Atmospheric
space1_time1,1,1,520,71,era5_hcc,0.014897046869796702,Atmospheric
space1_time1,1,1,520,71,era5_tco3,0.03169403627031847,Atmospheric
space1_time1,1,1,520,71,era5_skt,0.03151150980097979,Atmospheric
space1_time1,1,1,520,71,era5_tsn,0.03565703745336975,Atmospheric
space1_time1,1,1,520,71,era5_fal,0.021019178074212757,Atmospheric
space1_time1,1,1,520,71,era5_lmlt,0.04275620184335825,Atmospheric
space1_time1,1,1,520,71,era5_lict,0.05666298551870182,Atmospheric
space1_time1,1,1,520,71,era5_deg0l,0.04463999494393172,Atmospheric
space1_time1,1,1,520,71,era5_avg_sdlwrf,0.04618875402156919,Atmospheric
space1_time1,1,1,520,71,era5_avg_snlwrf,0.022612841668383225,Atmospheric
space1_time1,1,1,520,71,era5_avg_snlwrfcs,0.023542339087418162,Atmospheric
space1_time1,1,1,520,71,local_time,0.0399030011188909,Time
space1_time1,1,1,520,71,hour,0.030636509274450198,Time
space1_time1,1,1,520,71,latitude,0.08955520145339145,Space
space1_time1,1,1,520,71,longitude,0.04595411952904621,Space
space1_time1,1,1,520,71,era5_tvl_0.0,0.0021860116003711494,Atmospheric
space1_time1,1,1,520,71,era5_tvl_1.0,0.0007154407045606081,Atmospheric
space1_time1,1,1,520,71,era5_tvl_2.0,0.0010562462598833627,Atmospheric
space1_time1,1,1,520,71,era5_tvl_7.0,0.006319522026712742,Atmospheric
space1_time1,1,1,520,71,era5_tvl_9.0,0.00011311912571292142,Atmospheric
space1_time1,1,1,520,71,era5_tvl_10.0,0.0,Atmospheric
space1_time1,1,1,520,71,era5_tvl_11.0,0.0004239744346710421,Atmospheric
space1_time1,1,1,520,71,era5_tvl_13.0,7.811176227340108e-06,Atmospheric
space1_time1,1,1,520,71,era5_tvl_16.0,0.0,Atmospheric
space1_time1,1,1,520,71,era5_tvl_17.0,0.0,Atmospheric
space1_time1,1,1,520,71,era5_tvh_0.0,0.0014879782907177956,Atmospheric
space1_time1,1,1,520,71,era5_tvh_3.0,1.056564393688437e-05,Atmospheric
space1_time1,1,1,520,71,era5_tvh_4.0,1.3926490978321717e-06,Atmospheric
space1_time1,1,1,520,71,era5_tvh_5.0,0.0011394081044391,Atmospheric
space1_time1,1,1,520,71,era5_tvh_6.0,0.0002268710152428589,Atmospheric
space1_time1,1,1,520,71,era5_tvh_18.0,0.0008919696180275192,Atmospheric
space1_time1,1,1,520,71,era5_tvh_19.0,0.0012566207973610927,Atmospheric
space1_time1,1,1,520,71,era5_slt_0.0,0.0015380818779842924,Atmospheric
space1_time1,1,1,520,71,era5_slt_1.0,0.0002497360592265108,Atmospheric
space1_time1,1,1,520,71,era5_slt_2.0,0.0009504856876192694,Atmospheric
space1_time1,1,1,520,71,era5_slt_3.0,0.006466890592949549,Atmospheric
space1_time1,1,1,520,71,era5_slt_4.0,0.0013661071744225106,Atmospheric
space1_time1,1,1,520,71,era5_slt_6.0,1.1545914943873403e-06,Atmospheric
space1_time1,1,1,520,71,era5_slt_7.0,0.0,Atmospheric
space1_time3,1,3,519,64,era5_swvl1,0.037573811385248256,Atmospheric
space1_time3,1,3,519,64,era5_stl1,0.03897346272332769,Atmospheric
space1_time3,1,3,519,64,era5_cl,0.005190280128470925,Atmospheric
space1_time3,1,3,519,64,era5_cvl,0.01222218264294444,Atmospheric
space1_time3,1,3,519,64,era5_cvh,0.017088141448853393,Atmospheric
space1_time3,1,3,519,64,era5_siconc,0.00035279848736984157,Atmospheric
space1_time3,1,3,519,64,era5_asn,0.0014008183009177953,Atmospheric
space1_time3,1,3,519,64,era5_sst,0.022678517151480664,Atmospheric
space1_time3,1,3,519,64,era5_lai_lv,0.00753815695781609,Atmospheric
space1_time3,1,3,519,64,era5_lai_hv,0.012383154109936446,Atmospheric
space1_time3,1,3,519,64,era5_sp,0.04116605120367299,Atmospheric
space1_time3,1,3,519,64,era5_tcw,0.06119313736545325,Atmospheric
space1_time3,1,3,519,64,era5_tcwv,0.05937885484512619,Atmospheric
space1_time3,1,3,519,64,era5_msl,0.019944004981820848,Atmospheric
space1_time3,1,3,519,64,era5_t2m,0.036694182370105057,Atmospheric
space1_time3,1,3,519,64,era5_lsm,0.013992092104297338,Atmospheric
space1_time3,1,3,519,64,era5_lcc,0.014496639841284865,Atmospheric
space1_time3,1,3,519,64,era5_mcc,0.013789629969752774,Atmospheric
space1_time3,1,3,519,64,era5_hcc,0.009430305027911624,Atmospheric
space1_time3,1,3,519,64,era5_tco3,0.02691651209889508,Atmospheric
space1_time3,1,3,519,64,era5_skt,0.033502659228421196,Atmospheric
space1_time3,1,3,519,64,era5_tsn,0.04135062641538988,Atmospheric
space1_time3,1,3,519,64,era5_fal,0.02684349715308366,Atmospheric
space1_time3,1,3,519,64,era5_lmlt,0.0387696320120023,Atmospheric
space1_time3,1,3,519,64,era5_lict,0.03585799950838583,Atmospheric
space1_time3,1,3,519,64,era5_deg0l,0.04372977044277037,Atmospheric
space1_time3,1,3,519,64,era5_avg_sdlwrf,0.0359941459675784,Atmospheric
space1_time3,1,3,519,64,era5_avg_snlwrf,0.018857133114063205,Atmospheric
space1_time3,1,3,519,64,era5_avg_snlwrfcs,0.030914408317054814,Atmospheric
space1_time3,1,3,519,64,local_time,0.03698515750785474,Time
space1_time3,1,3,519,64,hour,0.04903815677879013,Time
space1_time3,1,3,519,64,latitude,0.07755063733648719,Space
space1_time3,1,3,519,64,longitude,0.03913748124986324,Space
space1_time3,1,3,519,64,era5_tvl_0.0,0.0017438180419573268,Atmospheric
space1_time3,1,3,519,64,era5_tvl_1.0,0.00033852227157138057,Atmospheric
space1_time3,1,3,519,64,era5_tvl_2.0,0.0004274449349433092,Atmospheric
space1_time3,1,3,519,64,era5_tvl_7.0,0.014592481143437377,Atmospheric
space1_time3,1,3,519,64,era5_tvl_9.0,0.00015109585747208028,Atmospheric
space1_time3,1,3,519,64,era5_tvl_10.0,0.0013751499514504447,Atmospheric
space1_time3,1,3,519,64,era5_tvl_11.0,0.0003478086814964368,Atmospheric
space1_time3,1,3,519,64,era5_tvl_13.0,1.0816784289052155e-06,Atmospheric
space1_time3,1,3,519,64,era5_tvl_16.0,0.0,Atmospheric
space1_time3,1,3,519,64,era5_tvl_17.0,0.0,Atmospheric
space1_time3,1,3,519,64,era5_tvh_0.0,0.0011614250801859844,Atmospheric
space1_time3,1,3,519,64,era5_tvh_3.0,1.0751579729579669e-05,Atmospheric
space1_time3,1,3,519,64,era5_tvh_4.0,1.3120829501686444e-06,Atmospheric
space1_time3,1,3,519,64,era5_tvh_5.0,5.8637191993373336e-05,Atmospheric
space1_time3,1,3,519,64,era5_tvh_6.0,0.00293110868528863,Atmospheric
space1_time3,1,3,519,64,era5_tvh_18.0,0.0,Atmospheric
space1_time3,1,3,519,64,era5_tvh_19.0,0.0020580133696065967,Atmospheric
space1_time3,1,3,519,64,era5_slt_0.0,0.0014365237503601643,Atmospheric
space1_time3,1,3,519,64,era5_slt_1.0,0.00011749717715238024,Atmospheric
space1_time3,1,3,519,64,era5_slt_2.0,0.0003699554026563593,Atmospheric
space1_time3,1,3,519,64,era5_slt_3.0,0.004117919354446517,Atmospheric
space1_time3,1,3,519,64,era5_slt_4.0,0.007819161279620233,Atmospheric
space1_time3,1,3,519,64,era5_slt_6.0,6.254308822405885e-06,Atmospheric
space1_time3,1,3,519,64,era5_slt_7.0,0.0,Atmospheric
space2_time0,2,0,439,63,era5_swvl1,0.050381708639284095,Atmospheric
space2_time0,2,0,439,63,era5_stl1,0.03297961700260897,Atmospheric
space2_time0,2,0,439,63,era5_cl,0.0024557675490253323,Atmospheric
space2_time0,2,0,439,63,era5_cvl,0.009204174595156862,Atmospheric
space2_time0,2,0,439,63,era5_cvh,0.009407598090037562,Atmospheric
space2_time0,2,0,439,63,era5_siconc,0.0,Atmospheric
space2_time0,2,0,439,63,era5_asn,0.00032665724691175336,Atmospheric
space2_time0,2,0,439,63,era5_sst,0.021560435255707316,Atmospheric
space2_time0,2,0,439,63,era5_lai_lv,0.0053940362311716535,Atmospheric
space2_time0,2,0,439,63,era5_lai_hv,0.014777750934714706,Atmospheric
space2_time0,2,0,439,63,era5_sp,0.03308993867458465,Atmospheric
space2_time0,2,0,439,63,era5_tcw,0.030356937045550786,Atmospheric
space2_time0,2,0,439,63,era5_tcwv,0.03089669547504514,Atmospheric
space2_time0,2,0,439,63,era5_msl,0.023954196598634812,Atmospheric
space2_time0,2,0,439,63,era5_t2m,0.03290966210340579,Atmospheric
space2_time0,2,0,439,63,era5_lsm,0.011658624988167512,Atmospheric
space2_time0,2,0,439,63,era5_lcc,0.021723698235198017,Atmospheric
space2_time0,2,0,439,63,era5_mcc,0.016043309989930723,Atmospheric
space2_time0,2,0,439,63,era5_hcc,0.010261972339371903,Atmospheric
space2_time0,2,0,439,63,era5_tco3,0.029554828586210922,Atmospheric
space2_time0,2,0,439,63,era5_skt,0.03591938063690736,Atmospheric
space2_time0,2,0,439,63,era5_tsn,0.03267927413492377,Atmospheric
space2_time0,2,0,439,63,era5_fal,0.022145343940520843,Atmospheric
space2_time0,2,0,439,63,era5_lmlt,0.038633507243585115,Atmospheric
space2_time0,2,0,439,63,era5_lict,0.06762572925395817,Atmospheric
space2_time0,2,0,439,63,era5_deg0l,0.04492825573539056,Atmospheric
space2_time0,2,0,439,63,era5_avg_sdlwrf,0.026036208151455846,Atmospheric
space2_time0,2,0,439,63,era5_avg_snlwrf,0.021163272310584354,Atmospheric
space2_time0,2,0,439,63,era5_avg_snlwrfcs,0.03668581974318144,Atmospheric
space2_time0,2,0,439,63,local_time,0.04924296770503669,Time
space2_time0,2,0,439,63,hour,0.027551890619799367,Time
space2_time0,2,0,439,63,latitude,0.09213742394821241,Space
space2_time0,2,0,439,63,longitude,0.09395961402062361,Space
space2_time0,2,0,439,63,era5_tvl_0.0,0.00047752300803336297,Atmospheric
space2_time0,2,0,439,63,era5_tvl_1.0,8.896000536742508e-05,Atmospheric
space2_time0,2,0,439,63,era5_tvl_2.0,3.105966796409955e-05,Atmospheric
space2_time0,2,0,439,63,era5_tvl_7.0,0.005950938832647596,Atmospheric
space2_time0,2,0,439,63,era5_tvl_9.0,0.0,Atmospheric
space2_time0,2,0,439,63,era5_tvl_10.0,0.00023352304710399875,Atmospheric
space2_time0,2,0,439,63,era5_tvl_11.0,6.002995373454873e-05,Atmospheric
space2_time0,2,0,439,63,era5_tvl_13.0,0.0,Atmospheric
space2_time0,2,0,439,63,era5_tvl_16.0,0.00047112759067024666,Atmospheric
space2_time0,2,0,439,63,era5_tvl_17.0,0.0,Atmospheric
space2_time0,2,0,439,63,era5_tvh_0.0,0.0008390154752558775,Atmospheric
space2_time0,2,0,439,63,era5_tvh_3.0,0.0,Atmospheric
space2_time0,2,0,439,63,era5_tvh_4.0,0.0,Atmospheric
space2_time0,2,0,439,63,era5_tvh_5.0,3.444923853779196e-05,Atmospheric
space2_time0,2,0,439,63,era5_tvh_6.0,0.004238914119401571,Atmospheric
space2_time0,2,0,439,63,era5_tvh_18.0,0.0002728380253504096,Atmospheric
space2_time0,2,0,439,63,era5_tvh_19.0,0.0012465179685923792,Atmospheric
space2_time0,2,0,439,63,era5_slt_0.0,0.002172610114436825,Atmospheric
space2_time0,2,0,439,63,era5_slt_1.0,2.8743563780606305e-05,Atmospheric
space2_time0,2,0,439,63,era5_slt_2.0,0.0010647872732700906,Atmospheric
space2_time0,2,0,439,63,era5_slt_3.0,0.003945623568665153,Atmospheric
space2_time0,2,0,439,63,era5_slt_4.0,0.003197041522289897,Atmospheric
space2_time0,2,0,439,63,era5_slt_5.0,0.0,Atmospheric
space2_time0,2,0,439,63,era5_slt_6.0,0.0,Atmospheric
space2_time1,2,1,424,71,era5_swvl1,0.03703656740900347,Atmospheric
space2_time1,2,1,424,71,era5_stl1,0.03254375735219582,Atmospheric
space2_time1,2,1,424,71,era5_cl,0.003717411717393923,Atmospheric
space2_time1,2,1,424,71,era5_cvl,0.010336721181690059,Atmospheric
space2_time1,2,1,424,71,era5_cvh,0.012275617737034394,Atmospheric
space2_time1,2,1,424,71,era5_siconc,0.0,Atmospheric
space2_time1,2,1,424,71,era5_asn,0.0004002240124421987,Atmospheric
space2_time1,2,1,424,71,era5_sst,0.018463280697885515,Atmospheric
space2_time1,2,1,424,71,era5_lai_lv,0.007486862004077741,Atmospheric
space2_time1,2,1,424,71,era5_lai_hv,0.009296701053000317,Atmospheric
space2_time1,2,1,424,71,era5_sp,0.06659937488433335,Atmospheric
space2_time1,2,1,424,71,era5_tcw,0.030499628938466382,Atmospheric
space2_time1,2,1,424,71,era5_tcwv,0.030564836834046386,Atmospheric
space2_time1,2,1,424,71,era5_msl,0.02968120902434893,Atmospheric
space2_time1,2,1,424,71,era5_t2m,0.03927024218016216,Atmospheric
space2_time1,2,1,424,71,era5_lsm,0.013597057320370021,Atmospheric
space2_time1,2,1,424,71,era5_lcc,0.021219712653594378,Atmospheric
space2_time1,2,1,424,71,era5_mcc,0.02262232603788144,Atmospheric
space2_time1,2,1,424,71,era5_hcc,0.014228925127100531,Atmospheric
space2_time1,2,1,424,71,era5_tco3,0.03460689403906828,Atmospheric
space2_time1,2,1,424,71,era5_skt,0.02913170846116332,Atmospheric
space2_time1,2,1,424,71,era5_tsn,0.03205845118435314,Atmospheric
space2_time1,2,1,424,71,era5_fal,0.025325560327273212,Atmospheric
space2_time1,2,1,424,71,era5_lmlt,0.03101268536136351,Atmospheric
space2_time1,2,1,424,71,era5_lict,0.05045388507583521,Atmospheric
space2_time1,2,1,424,71,era5_deg0l,0.04611952748695037,Atmospheric
space2_time1,2,1,424,71,era5_avg_sdlwrf,0.033105169648503026,Atmospheric
space2_time1,2,1,424,71,era5_avg_snlwrf,0.029148522229990915,Atmospheric
space2_time1,2,1,424,71,era5_avg_snlwrfcs,0.02731889049708964,Atmospheric
space2_time1,2,1,424,71,local_time,0.05291310962226948,Time
space2_time1,2,1,424,71,hour,0.0386355809157049,Time
space2_time1,2,1,424,71,latitude,0.08527120723154753,Space
space2_time1,2,1,424,71,longitude,0.06621589134692091,Space
space2_time1,2,1,424,71,era5_tvl_0.0,0.000704677603756341,Atmospheric
space2_time1,2,1,424,71,era5_tvl_1.0,0.0004199065446454542,Atmospheric
space2_time1,2,1,424,71,era5_tvl_2.0,0.0003972605834518201,Atmospheric
space2_time1,2,1,424,71,era5_tvl_7.0,0.004688990026439478,Atmospheric
space2_time1,2,1,424,71,era5_tvl_9.0,0.0,Atmospheric
space2_time1,2,1,424,71,era5_tvl_10.0,0.00011641234041079963,Atmospheric
space2_time1,2,1,424,71,era5_tvl_11.0,0.0003424502276176655,Atmospheric
space2_time1,2,1,424,71,era5_tvl_16.0,0.0,Atmospheric
space2_time1,2,1,424,71,era5_tvl_17.0,0.0,Atmospheric
space2_time1,2,1,424,71,era5_tvh_0.0,0.0011602289602229855,Atmospheric
space2_time1,2,1,424,71,era5_tvh_3.0,0.0,Atmospheric
space2_time1,2,1,424,71,era5_tvh_4.0,0.0,Atmospheric
space2_time1,2,1,424,71,era5_tvh_5.0,0.0018946078858170683,Atmospheric
space2_time1,2,1,424,71,era5_tvh_6.0,0.0004175069202945951,Atmospheric
space2_time1,2,1,424,71,era5_tvh_18.0,0.0016505408900505006,Atmospheric
space2_time1,2,1,424,71,era5_tvh_19.0,0.0013702904471870855,Atmospheric
space2_time1,2,1,424,71,era5_slt_0.0,0.0018539223969853847,Atmospheric
space2_time1,2,1,424,71,era5_slt_1.0,0.00027808036577605473,Atmospheric
space2_time1,2,1,424,71,era5_slt_2.0,0.0006301293793118054,Atmospheric
space2_time1,2,1,424,71,era5_slt_3.0,0.0024081356304244557,Atmospheric
space2_time1,2,1,424,71,era5_slt_4.0,0.0005093202045481373,Atmospheric
space2_time1,2,1,424,71,era5_slt_5.0,0.0,Atmospheric
space2_time1,2,1,424,71,era5_slt_6.0,0.0,Atmospheric
space2_time1,2,1,424,71,era5_slt_7.0,0.0,Atmospheric
space2_time2,2,2,456,88,era5_swvl1,0.04538737119931104,Atmospheric
space2_time2,2,2,456,88,era5_stl1,0.0327993728031027,Atmospheric
space2_time2,2,2,456,88,era5_cl,0.0032299259559551287,Atmospheric
space2_time2,2,2,456,88,era5_cvl,0.006101174350965876,Atmospheric
space2_time2,2,2,456,88,era5_cvh,0.02171695641018686,Atmospheric
space2_time2,2,2,456,88,era5_siconc,0.0,Atmospheric
space2_time2,2,2,456,88,era5_asn,0.0007078857416936647,Atmospheric
space2_time2,2,2,456,88,era5_sst,0.024075964083627714,Atmospheric
space2_time2,2,2,456,88,era5_lai_lv,0.008106049604405223,Atmospheric
space2_time2,2,2,456,88,era5_lai_hv,0.025683647022607864,Atmospheric
space2_time2,2,2,456,88,era5_sp,0.033209702036536726,Atmospheric
space2_time2,2,2,456,88,era5_tcw,0.03576998352486627,Atmospheric
space2_time2,2,2,456,88,era5_tcwv,0.036372214220925174,Atmospheric
space2_time2,2,2,456,88,era5_msl,0.023767198116931353,Atmospheric
space2_time2,2,2,456,88,era5_t2m,0.03250807749695236,Atmospheric
space2_time2,2,2,456,88,era5_lsm,0.005290929047157113,Atmospheric
space2_time2,2,2,456,88,era5_lcc,0.017354018701109947,Atmospheric
space2_time2,2,2,456,88,era5_mcc,0.014519904990635414,Atmospheric
space2_time2,2,2,456,88,era5_hcc,0.02180690935719495,Atmospheric
space2_time2,2,2,456,88,era5_tco3,0.03175146488773402,Atmospheric
space2_time2,2,2,456,88,era5_skt,0.03494747418841535,Atmospheric
space2_time2,2,2,456,88,era5_tsn,0.031876480004113666,Atmospheric
space2_time2,2,2,456,88,era5_fal,0.016057888203290103,Atmospheric
space2_time2,2,2,456,88,era5_lmlt,0.03349636488978507,Atmospheric
space2_time2,2,2,456,88,era5_lict,0.06177327305726107,Atmospheric
space2_time2,2,2,456,88,era5_deg0l,0.046250026155030134,Atmospheric
space2_time2,2,2,456,88,era5_avg_sdlwrf,0.030311744771541485,Atmospheric
space2_time2,2,2,456,88,era5_avg_snlwrf,0.021384438351826542,Atmospheric
space2_time2,2,2,456,88,era5_avg_snlwrfcs,0.04663110383380003,Atmospheric
space2_time2,2,2,456,88,local_time,0.04408387398185011,Time
space2_time2,2,2,456,88,hour,0.0316872648286068,Time
space2_time2,2,2,456,88,latitude,0.07095237340086306,Space
space2_time2,2,2,456,88,longitude,0.0750622262727528,Space
space2_time2,2,2,456,88,era5_tvl_0.0,0.0005679798330567922,Atmospheric
space2_time2,2,2,456,88,era5_tvl_1.0,0.0004048174791219095,Atmospheric
space2_time2,2,2,456,88,era5_tvl_2.0,3.336423255700935e-05,Atmospheric
space2_time2,2,2,456,88,era5_tvl_7.0,0.019506411318685846,Atmospheric
space2_time2,2,2,456,88,era5_tvl_9.0,0.0,Atmospheric
space2_time2,2,2,456,88,era5_tvl_10.0,0.0007752469128168463,Atmospheric
space2_time2,2,2,456,88,era5_tvl_11.0,0.000468045678562258,Atmospheric
space2_time2,2,2,456,88,era5_tvl_13.0,0.0,Atmospheric
space2_time2,2,2,456,88,era5_tvl_16.0,0.00031868095750454864,Atmospheric
space2_time2,2,2,456,88,era5_tvl_17.0,0.0,Atmospheric
space2_time2,2,2,456,88,era5_tvh_0.0,0.0017216124026145977,Atmospheric
space2_time2,2,2,456,88,era5_tvh_3.0,5.129200768456636e-05,Atmospheric
space2_time2,2,2,456,88,era5_tvh_4.0,0.0,Atmospheric
space2_time2,2,2,456,88,era5_tvh_5.0,0.00041511778071161564,Atmospheric
space2_time2,2,2,456,88,era5_tvh_6.0,0.0034423155157312403,Atmospheric
space2_time2,2,2,456,88,era5_tvh_18.0,0.001152872859465043,Atmospheric
space2_time2,2,2,456,88,era5_tvh_19.0,0.0003792019679303384,Atmospheric
space2_time2,2,2,456,88,era5_slt_0.0,0.0007358405077068541,Atmospheric
space2_time2,2,2,456,88,era5_slt_1.0,0.0003376644638975839,Atmospheric
space2_time2,2,2,456,88,era5_slt_2.0,0.0003175113060177967,Atmospheric
space2_time2,2,2,456,88,era5_slt_3.0,0.00032889790273826866,Atmospheric
space2_time2,2,2,456,88,era5_slt_4.0,0.004369845382161338,Atmospheric
space2_time2,2,2,456,88,era5_slt_5.0,0.0,Atmospheric
space2_time2,2,2,456,88,era5_slt_6.0,0.0,Atmospheric
space2_time2,2,2,456,88,era5_slt_7.0,0.0,Atmospheric
space2_time3,2,3,430,71,era5_swvl1,0.042788902884031574,Atmospheric
space2_time3,2,3,430,71,era5_stl1,0.037276384370707676,Atmospheric
space2_time3,2,3,430,71,era5_cl,0.004903411809552756,Atmospheric
space2_time3,2,3,430,71,era5_cvl,0.006221036307115468,Atmospheric
space2_time3,2,3,430,71,era5_cvh,0.00896617640223048,Atmospheric
space2_time3,2,3,430,71,era5_siconc,0.0,Atmospheric
space2_time3,2,3,430,71,era5_asn,0.00020378964645004303,Atmospheric
space2_time3,2,3,430,71,era5_sst,0.024268112789944323,Atmospheric
space2_time3,2,3,430,71,era5_lai_lv,0.004624297453590262,Atmospheric
space2_time3,2,3,430,71,era5_lai_hv,0.0088646162402016,Atmospheric
space2_time3,2,3,430,71,era5_sp,0.0334509282220635,Atmospheric
space2_time3,2,3,430,71,era5_tcw,0.045414138682017734,Atmospheric
space2_time3,2,3,430,71,era5_tcwv,0.04526838297189895,Atmospheric
space2_time3,2,3,430,71,era5_msl,0.02584035968225306,Atmospheric
space2_time3,2,3,430,71,era5_t2m,0.03409615258687781,Atmospheric
space2_time3,2,3,430,71,era5_lsm,0.006936417909536751,Atmospheric
space2_time3,2,3,430,71,era5_lcc,0.02172954109033563,Atmospheric
space2_time3,2,3,430,71,era5_mcc,0.019694386558601285,Atmospheric
space2_time3,2,3,430,71,era5_hcc,0.014881951902847586,Atmospheric
space2_time3,2,3,430,71,era5_tco3,0.026577526107483037,Atmospheric
space2_time3,2,3,430,71,era5_skt,0.03512652410273666,Atmospheric
space2_time3,2,3,430,71,era5_tsn,0.03127420401331764,Atmospheric
space2_time3,2,3,430,71,era5_fal,0.014845326749499002,Atmospheric
space2_time3,2,3,430,71,era5_lmlt,0.03765068511172742,Atmospheric
space2_time3,2,3,430,71,era5_lict,0.03965101029257384,Atmospheric
space2_time3,2,3,430,71,era5_deg0l,0.04270183058527364,Atmospheric
space2_time3,2,3,430,71,era5_avg_sdlwrf,0.034524134298736374,Atmospheric
space2_time3,2,3,430,71,era5_avg_snlwrf,0.022245769192665705,Atmospheric
space2_time3,2,3,430,71,era5_avg_snlwrfcs,0.05579024834919955,Atmospheric
space2_time3,2,3,430,71,local_time,0.045560904453077006,Time
space2_time3,2,3,430,71,hour,0.0607850754949456,Time
space2_time3,2,3,430,71,latitude,0.05560611590506539,Space
space2_time3,2,3,430,71,longitude,0.09185850401644563,Space
space2_time3,2,3,430,71,era5_tvl_0.0,0.001511477087897601,Atmospheric
space2_time3,2,3,430,71,era5_tvl_1.0,0.00010861929539793163,Atmospheric
space2_time3,2,3,430,71,era5_tvl_2.0,0.0002547900198369687,Atmospheric
space2_time3,2,3,430,71,era5_tvl_7.0,0.0075347738568130995,Atmospheric
space2_time3,2,3,430,71,era5_tvl_9.0,0.0,Atmospheric
space2_time3,2,3,430,71,era5_tvl_10.0,0.0006607525384656756,Atmospheric
space2_time3,2,3,430,71,era5_tvl_11.0,4.930594299794024e-05,Atmospheric
space2_time3,2,3,430,71,era5_tvl_13.0,0.0,Atmospheric
space2_time3,2,3,430,71,era5_tvl_16.0,0.0,Atmospheric
space2_time3,2,3,430,71,era5_tvl_17.0,0.0,Atmospheric
space2_time3,2,3,430,71,era5_tvh_0.0,0.0008830012313260879,Atmospheric
space2_time3,2,3,430,71,era5_tvh_3.0,0.0,Atmospheric
space2_time3,2,3,430,71,era5_tvh_4.0,0.0,Atmospheric
space2_time3,2,3,430,71,era5_tvh_5.0,2.3785396320262067e-06,Atmospheric
space2_time3,2,3,430,71,era5_tvh_6.0,0.0009254207442977445,Atmospheric
space2_time3,2,3,430,71,era5_tvh_18.0,3.636913351204191e-05,Atmospheric
space2_time3,2,3,430,71,era5_tvh_19.0,0.0019822316875724626,Atmospheric
space2_time3,2,3,430,71,era5_slt_0.0,0.0005248931461637029,Atmospheric
space2_time3,2,3,430,71,era5_slt_1.0,2.6268110197834113e-06,Atmospheric
space2_time3,2,3,430,71,era5_slt_2.0,0.0002676891367941247,Atmospheric
space2_time3,2,3,430,71,era5_slt_3.0,0.0022094507410590097,Atmospheric
space2_time3,2,3,430,71,era5_slt_4.0,0.0034193739042108606,Atmospheric
space2_time3,2,3,430,71,era5_slt_6.0,0.0,Atmospheric
space2_time3,2,3,430,71,era5_slt_7.0,0.0,Atmospheric
space3_time0,3,0,528,49,era5_swvl1,0.042015614578966944,Atmospheric
space3_time0,3,0,528,49,era5_stl1,0.05720807489801558,Atmospheric
space3_time0,3,0,528,49,era5_cl,0.0005127359454201033,Atmospheric
space3_time0,3,0,528,49,era5_cvl,0.0008798363400932241,Atmospheric
space3_time0,3,0,528,49,era5_cvh,0.004631731758093431,Atmospheric
space3_time0,3,0,528,49,era5_siconc,0.00022470765414141613,Atmospheric
space3_time0,3,0,528,49,era5_asn,0.0003146811890259477,Atmospheric
space3_time0,3,0,528,49,era5_sst,0.03592782559683185,Atmospheric
space3_time0,3,0,528,49,era5_lai_lv,0.0012230607633357225,Atmospheric
space3_time0,3,0,528,49,era5_lai_hv,0.01430287367070791,Atmospheric
space3_time0,3,0,528,49,era5_sp,0.017834232483155375,Atmospheric
space3_time0,3,0,528,49,era5_tcw,0.04298003726728428,Atmospheric
space3_time0,3,0,528,49,era5_tcwv,0.03774885867176359,Atmospheric
space3_time0,3,0,528,49,era5_msl,0.017737268387695418,Atmospheric
space3_time0,3,0,528,49,era5_t2m,0.05711185086486205,Atmospheric
space3_time0,3,0,528,49,era5_lsm,0.004028571756850934,Atmospheric
space3_time0,3,0,528,49,era5_lcc,0.018008384179628956,Atmospheric
space3_time0,3,0,528,49,era5_mcc,0.010866845360441624,Atmospheric
space3_time0,3,0,528,49,era5_hcc,0.010637481788097073,Atmospheric
space3_time0,3,0,528,49,era5_tco3,0.028048503373672068,Atmospheric
space3_time0,3,0,528,49,era5_skt,0.04835207772320391,Atmospheric
space3_time0,3,0,528,49,era5_tsn,0.0477737328080742,Atmospheric
space3_time0,3,0,528,49,era5_fal,0.015578161508911875,Atmospheric
space3_time0,3,0,528,49,era5_lmlt,0.05552448316306528,Atmospheric
space3_time0,3,0,528,49,era5_lict,0.04745808935864355,Atmospheric
space3_time0,3,0,528,49,era5_deg0l,0.04640974887465415,Atmospheric
space3_time0,3,0,528,49,era5_avg_sdlwrf,0.03614968900757523,Atmospheric
space3_time0,3,0,528,49,era5_avg_snlwrf,0.023055746553622018,Atmospheric
space3_time0,3,0,528,49,era5_avg_snlwrfcs,0.0315709590106885,Atmospheric
space3_time0,3,0,528,49,local_time,0.02237349347752008,Time
space3_time0,3,0,528,49,hour,0.03152915813997603,Time
space3_time0,3,0,528,49,latitude,0.06841718030991414,Space
space3_time0,3,0,528,49,longitude,0.10236346568628378,Space
space3_time0,3,0,528,49,era5_tvl_0.0,0.0005877932202791471,Atmospheric
space3_time0,3,0,528,49,era5_tvl_1.0,7.60664617502051e-05,Atmospheric
space3_time0,3,0,528,49,era5_tvl_2.0,1.2758515960238165e-05,Atmospheric
space3_time0,3,0,528,49,era5_tvl_7.0,0.00804482959054512,Atmospheric
space3_time0,3,0,528,49,era5_tvl_9.0,6.373470597546932e-05,Atmospheric
space3_time0,3,0,528,49,era5_tvl_10.0,0.0,Atmospheric
space3_time0,3,0,528,49,era5_tvl_11.0,1.4941360110607493e-06,Atmospheric
space3_time0,3,0,528,49,era5_tvl_13.0,0.0,Atmospheric
space3_time0,3,0,528,49,era5_tvl_16.0,0.0,Atmospheric
space3_time0,3,0,528,49,era5_tvl_17.0,0.0,Atmospheric
space3_time0,3,0,528,49,era5_tvh_0.0,0.000619790236145022,Atmospheric
space3_time0,3,0,528,49,era5_tvh_3.0,1.196689353486321e-05,Atmospheric
space3_time0,3,0,528,49,era5_tvh_4.0,4.102340144634454e-06,Atmospheric
space3_time0,3,0,528,49,era5_tvh_5.0,2.0423763369657428e-06,Atmospheric
space3_time0,3,0,528,49,era5_tvh_6.0,0.008046288241391572,Atmospheric
space3_time0,3,0,528,49,era5_tvh_18.0,7.331116685788759e-06,Atmospheric
space3_time0,3,0,528,49,era5_tvh_19.0,0.0004972066572793875,Atmospheric
space3_time0,3,0,528,49,era5_slt_0.0,0.0018795510259370634,Atmospheric
space3_time0,3,0,528,49,era5_slt_1.0,1.7817289212888873e-05,Atmospheric
space3_time0,3,0,528,49,era5_slt_2.0,7.870352564015819e-05,Atmospheric
space3_time0,3,0,528,49,era5_slt_3.0,0.00034006758454671544,Atmospheric
space3_time0,3,0,528,49,era5_slt_4.0,0.0009092939324075207,Atmospheric
space3_time0,3,0,528,49,era5_slt_5.0,0.0,Atmospheric
space3_time0,3,0,528,49,era5_slt_6.0,0.0,Atmospheric
space3_time1,3,1,475,19,era5_swvl1,0.04175121638837596,Atmospheric
space3_time1,3,1,475,19,era5_stl1,0.04762904033854626,Atmospheric
space3_time1,3,1,475,19,era5_cl,0.0019365828094412576,Atmospheric
space3_time1,3,1,475,19,era5_cvl,0.001395172743449849,Atmospheric
space3_time1,3,1,475,19,era5_cvh,0.0013307368275820809,Atmospheric
space3_time1,3,1,475,19,era5_siconc,0.00035141326296788625,Atmospheric
space3_time1,3,1,475,19,era5_asn,0.00047755565500310493,Atmospheric
space3_time1,3,1,475,19,era5_sst,0.05510790793238325,Atmospheric
space3_time1,3,1,475,19,era5_lai_lv,0.0021224694907696923,Atmospheric
space3_time1,3,1,475,19,era5_lai_hv,0.0012000341354277233,Atmospheric
space3_time1,3,1,475,19,era5_sp,0.024095410982621225,Atmospheric
space3_time1,3,1,475,19,era5_tcw,0.043238105750088456,Atmospheric
space3_time1,3,1,475,19,era5_tcwv,0.04129620688213079,Atmospheric
space3_time1,3,1,475,19,era5_msl,0.025979699164545164,Atmospheric
space3_time1,3,1,475,19,era5_t2m,0.053670807384098185,Atmospheric
space3_time1,3,1,475,19,era5_lsm,0.0019395628385393676,Atmospheric
space3_time1,3,1,475,19,era5_lcc,0.017283292196864617,Atmospheric
space3_time1,3,1,475,19,era5_mcc,0.019439392555904773,Atmospheric
space3_time1,3,1,475,19,era5_hcc,0.016854109621244277,Atmospheric
space3_time1,3,1,475,19,era5_tco3,0.0376322651379328,Atmospheric
space3_time1,3,1,475,19,era5_skt,0.04773788373108945,Atmospheric
space3_time1,3,1,475,19,era5_tsn,0.04965810328458028,Atmospheric
space3_time1,3,1,475,19,era5_fal,0.03236587940960225,Atmospheric
space3_time1,3,1,475,19,era5_lmlt,0.053102669234678206,Atmospheric
space3_time1,3,1,475,19,era5_lict,0.03878513089030011,Atmospheric
space3_time1,3,1,475,19,era5_deg0l,0.07889446728675599,Atmospheric
space3_time1,3,1,475,19,era5_avg_sdlwrf,0.03620681843985938,Atmospheric
space3_time1,3,1,475,19,era5_avg_snlwrf,0.024293692166920337,Atmospheric
space3_time1,3,1,475,19,era5_avg_snlwrfcs,0.021864510613809066,Atmospheric
space3_time1,3,1,475,19,local_time,0.03748975392053613,Time
space3_time1,3,1,475,19,hour,0.03322427706837258,Time
space3_time1,3,1,475,19,latitude,0.05073325524444165,Space
space3_time1,3,1,475,19,longitude,0.05726041974834983,Space
space3_time1,3,1,475,19,era5_tvl_0.0,0.0003783789761344001,Atmospheric
space3_time1,3,1,475,19,era5_tvl_1.0,0.0009501341481086956,Atmospheric
space3_time1,3,1,475,19,era5_tvl_2.0,2.6729662029905043e-06,Atmospheric
space3_time1,3,1,475,19,era5_tvl_7.0,0.00018172540915512743,Atmospheric
space3_time1,3,1,475,19,era5_tvl_9.0,0.00017269697199895822,Atmospheric
space3_time1,3,1,475,19,era5_tvl_10.0,0.0,Atmospheric
space3_time1,3,1,475,19,era5_tvl_11.0,0.0,Atmospheric
space3_time1,3,1,475,19,era5_tvl_13.0,1.062395200037084e-05,Atmospheric
space3_time1,3,1,475,19,era5_tvl_17.0,0.0,Atmospheric
space3_time1,3,1,475,19,era5_tvh_0.0,0.0004880456080601228,Atmospheric
space3_time1,3,1,475,19,era5_tvh_3.0,8.633734838201548e-06,Atmospheric
space3_time1,3,1,475,19,era5_tvh_4.0,4.680958964623165e-06,Atmospheric
space3_time1,3,1,475,19,era5_tvh_5.0,2.8290552443849396e-06,Atmospheric
space3_time1,3,1,475,19,era5_tvh_6.0,0.0,Atmospheric
space3_time1,3,1,475,19,era5_tvh_18.0,0.0004058221066538372,Atmospheric
space3_time1,3,1,475,19,era5_tvh_19.0,0.00046242459673789436,Atmospheric
space3_time1,3,1,475,19,era5_slt_0.0,0.00021868044966333636,Atmospheric
space3_time1,3,1,475,19,era5_slt_1.0,3.127782955201513e-05,Atmospheric
space3_time1,3,1,475,19,era5_slt_2.0,0.00022559872295136593,Atmospheric
space3_time1,3,1,475,19,era5_slt_3.0,0.0,Atmospheric
space3_time1,3,1,475,19,era5_slt_4.0,0.00010361247454764288,Atmospheric
space3_time1,3,1,475,19,era5_slt_5.0,0.0,Atmospheric
space3_time1,3,1,475,19,era5_slt_6.0,4.318901974072496e-06,Atmospheric
space3_time2,3,2,538,67,era5_swvl1,0.03742334087964953,Atmospheric
space3_time2,3,2,538,67,era5_stl1,0.05506531433305477,Atmospheric
space3_time2,3,2,538,67,era5_cl,0.0023445803715224367,Atmospheric
space3_time2,3,2,538,67,era5_cvl,0.0012933647630534756,Atmospheric
space3_time2,3,2,538,67,era5_cvh,0.0029810704970739724,Atmospheric
space3_time2,3,2,538,67,era5_siconc,0.000619559342125152,Atmospheric
space3_time2,3,2,538,67,era5_asn,0.0003695100181210882,Atmospheric
space3_time2,3,2,538,67,era5_sst,0.03933186541952076,Atmospheric
space3_time2,3,2,538,67,era5_lai_lv,0.0006476079514465008,Atmospheric
space3_time2,3,2,538,67,era5_lai_hv,0.012869468115964598,Atmospheric
space3_time2,3,2,538,67,era5_sp,0.022928971523996172,Atmospheric
space3_time2,3,2,538,67,era5_tcw,0.03608532116272493,Atmospheric
space3_time2,3,2,538,67,era5_tcwv,0.030371885166493178,Atmospheric
space3_time2,3,2,538,67,era5_msl,0.02132221744490149,Atmospheric
space3_time2,3,2,538,67,era5_t2m,0.05312152174579755,Atmospheric
space3_time2,3,2,538,67,era5_lsm,0.003232667800247818,Atmospheric
space3_time2,3,2,538,67,era5_lcc,0.019751232305290398,Atmospheric
space3_time2,3,2,538,67,era5_mcc,0.011311124176660595,Atmospheric
space3_time2,3,2,538,67,era5_hcc,0.016694399467617235,Atmospheric
space3_time2,3,2,538,67,era5_tco3,0.035570060237895655,Atmospheric
space3_time2,3,2,538,67,era5_skt,0.04634197830603476,Atmospheric
space3_time2,3,2,538,67,era5_tsn,0.04253046159939113,Atmospheric
space3_time2,3,2,538,67,era5_fal,0.018135031777051877,Atmospheric
space3_time2,3,2,538,67,era5_lmlt,0.050279776643452324,Atmospheric
space3_time2,3,2,538,67,era5_lict,0.057786136178560266,Atmospheric
space3_time2,3,2,538,67,era5_deg0l,0.07716321891328527,Atmospheric
space3_time2,3,2,538,67,era5_avg_sdlwrf,0.03541190036963345,Atmospheric
space3_time2,3,2,538,67,era5_avg_snlwrf,0.017947387653185817,Atmospheric
space3_time2,3,2,538,67,era5_avg_snlwrfcs,0.03425037423030074,Atmospheric
space3_time2,3,2,538,67,local_time,0.030325937173821146,Time
space3_time2,3,2,538,67,hour,0.02926854330704664,Time
space3_time2,3,2,538,67,latitude,0.05898125863548301,Space
space3_time2,3,2,538,67,longitude,0.07772980270337011,Space
space3_time2,3,2,538,67,era5_tvl_0.0,0.0002483898434098856,Atmospheric
space3_time2,3,2,538,67,era5_tvl_1.0,0.00024128231565012602,Atmospheric
space3_time2,3,2,538,67,era5_tvl_2.0,3.9014952320296805e-07,Atmospheric
space3_time2,3,2,538,67,era5_tvl_7.0,0.008959713259953893,Atmospheric
space3_time2,3,2,538,67,era5_tvl_9.0,0.00034859013382417453,Atmospheric
space3_time2,3,2,538,67,era5_tvl_10.0,0.0,Atmospheric
space3_time2,3,2,538,67,era5_tvl_11.0,1.6232691991894092e-06,Atmospheric
space3_time2,3,2,538,67,era5_tvl_13.0,1.3705228482535683e-06,Atmospheric
space3_time2,3,2,538,67,era5_tvl_16.0,0.0,Atmospheric
space3_time2,3,2,538,67,era5_tvl_17.0,1.0928864115671365e-06,Atmospheric
space3_time2,3,2,538,67,era5_tvh_0.0,0.0002216670775509649,Atmospheric
space3_time2,3,2,538,67,era5_tvh_3.0,3.4159807166068986e-06,Atmospheric
space3_time2,3,2,538,67,era5_tvh_4.0,2.1462857650976523e-06,Atmospheric
space3_time2,3,2,538,67,era5_tvh_5.0,1.265292452692816e-05,Atmospheric
space3_time2,3,2,538,67,era5_tvh_6.0,0.008449266597719161,Atmospheric
space3_time2,3,2,538,67,era5_tvh_18.0,0.00013989671241589096,Atmospheric
space3_time2,3,2,538,67,era5_tvh_19.0,2.067151580644251e-05,Atmospheric
space3_time2,3,2,538,67,era5_slt_0.0,0.0006324677664992901,Atmospheric
space3_time2,3,2,538,67,era5_slt_1.0,5.3202056937365635e-06,Atmospheric
space3_time2,3,2,538,67,era5_slt_2.0,0.00040543130403185193,Atmospheric
space3_time2,3,2,538,67,era5_slt_3.0,0.0005874150266160843,Atmospheric
space3_time2,3,2,538,67,era5_slt_4.0,0.00022865501441937176,Atmospheric
space3_time2,3,2,538,67,era5_slt_5.0,0.0,Atmospheric
space3_time2,3,2,538,67,era5_slt_6.0,1.6509936444030606e-06,Atmospheric
space3_time3,3,3,517,55,era5_swvl1,0.03127999429522318,Atmospheric
space3_time3,3,3,517,55,era5_stl1,0.047628822281472194,Atmospheric
space3_time3,3,3,517,55,era5_cl,0.002120167067305942,Atmospheric
space3_time3,3,3,517,55,era5_cvl,0.000846993036919991,Atmospheric
space3_time3,3,3,517,55,era5_cvh,0.0028492775065026223,Atmospheric
space3_time3,3,3,517,55,era5_siconc,0.00024367499055068419,Atmospheric
space3_time3,3,3,517,55,era5_asn,0.0005452795221022062,Atmospheric
space3_time3,3,3,517,55,era5_sst,0.04200049632352708,Atmospheric
space3_time3,3,3,517,55,era5_lai_lv,0.0018093258157998828,Atmospheric
space3_time3,3,3,517,55,era5_lai_hv,0.020916017889760004,Atmospheric
space3_time3,3,3,517,55,era5_sp,0.019815730042862023,Atmospheric
space3_time3,3,3,517,55,era5_tcw,0.05742042423838768,Atmospheric
space3_time3,3,3,517,55,era5_tcwv,0.0446511223764137,Atmospheric
space3_time3,3,3,517,55,era5_msl,0.02791530171356887,Atmospheric
space3_time3,3,3,517,55,era5_t2m,0.06447378504763264,Atmospheric
space3_time3,3,3,517,55,era5_lsm,0.0013968583276588585,Atmospheric
space3_time3,3,3,517,55,era5_lcc,0.01829316222301904,Atmospheric
space3_time3,3,3,517,55,era5_mcc,0.01551966595686719,Atmospheric
space3_time3,3,3,517,55,era5_hcc,0.013028188944044191,Atmospheric
space3_time3,3,3,517,55,era5_tco3,0.027146581354870723,Atmospheric
space3_time3,3,3,517,55,era5_skt,0.054082203836772584,Atmospheric
space3_time3,3,3,517,55,era5_tsn,0.04931694031291778,Atmospheric
space3_time3,3,3,517,55,era5_fal,0.01293461998435325,Atmospheric
space3_time3,3,3,517,55,era5_lmlt,0.05763986092998425,Atmospheric
space3_time3,3,3,517,55,era5_lict,0.03422037700987172,Atmospheric
space3_time3,3,3,517,55,era5_deg0l,0.06789037253449486,Atmospheric
space3_time3,3,3,517,55,era5_avg_sdlwrf,0.040562315050553556,Atmospheric
space3_time3,3,3,517,55,era5_avg_snlwrf,0.016331649791421113,Atmospheric
space3_time3,3,3,517,55,era5_avg_snlwrfcs,0.03425161852969046,Atmospheric
space3_time3,3,3,517,55,local_time,0.022857359566438386,Time
space3_time3,3,3,517,55,hour,0.03818844503333199,Time
space3_time3,3,3,517,55,latitude,0.03657248978956013,Space
space3_time3,3,3,517,55,longitude,0.0760665750561445,Space
space3_time3,3,3,517,55,era5_tvl_0.0,8.712497858820374e-05,Atmospheric
space3_time3,3,3,517,55,era5_tvl_1.0,0.0006625165579956832,Atmospheric
space3_time3,3,3,517,55,era5_tvl_2.0,1.7042779439539347e-06,Atmospheric
space3_time3,3,3,517,55,era5_tvl_7.0,0.006688670578367844,Atmospheric
space3_time3,3,3,517,55,era5_tvl_9.0,7.339009619690468e-05,Atmospheric
space3_time3,3,3,517,55,era5_tvl_10.0,0.0,Atmospheric
space3_time3,3,3,517,55,era5_tvl_11.0,0.0,Atmospheric
space3_time3,3,3,517,55,era5_tvl_13.0,1.3765468761295904e-06,Atmospheric
space3_time3,3,3,517,55,era5_tvl_16.0,0.0,Atmospheric
space3_time3,3,3,517,55,era5_tvl_17.0,0.0,Atmospheric
space3_time3,3,3,517,55,era5_tvh_0.0,0.0004331839865070887,Atmospheric
space3_time3,3,3,517,55,era5_tvh_3.0,1.9841469020489505e-05,Atmospheric
space3_time3,3,3,517,55,era5_tvh_4.0,2.1045704763203354e-06,Atmospheric
space3_time3,3,3,517,55,era5_tvh_5.0,4.847921754216644e-06,Atmospheric
space3_time3,3,3,517,55,era5_tvh_6.0,0.00818508864099013,Atmospheric
space3_time3,3,3,517,55,era5_tvh_18.0,0.00025767154036774074,Atmospheric
space3_time3,3,3,517,55,era5_tvh_19.0,0.0001919126931330791,Atmospheric
space3_time3,3,3,517,55,era5_slt_0.0,0.0011046333709371265,Atmospheric
space3_time3,3,3,517,55,era5_slt_1.0,3.634359396948319e-05,Atmospheric
space3_time3,3,3,517,55,era5_slt_2.0,0.00010454357947151959,Atmospheric
space3_time3,3,3,517,55,era5_slt_3.0,0.0007545154623911713,Atmospheric
space3_time3,3,3,517,55,era5_slt_4.0,0.0005748337549896791,Atmospheric
space3_time3,3,3,517,55,era5_slt_6.0,0.0,Atmospheric
