feature,feature_group,mean_strength,median_strength,std_strength,max_strength,n_folds
latitude,Space,0.01195673615529056,0.009449100400266952,0.006390580777088992,0.02685939859102262,15
hour,Time,0.008634207701751181,0.006346079017481494,0.007024398409228749,0.02315764206399178,15
era5_stl1,Atmospheric,0.007072615280266028,0.006831278114915633,0.0030788771569439364,0.01313646489783669,15
era5_tco3,Atmospheric,0.007062547432485681,0.006324083682776952,0.0041534072335936995,0.016650322253733477,15
era5_sp,Atmospheric,0.005622511608578692,0.004328787618399893,0.003279103715752232,0.012877679598895738,15
longitude,Space,0.005465325550293497,0.004819543890021619,0.003036435940417714,0.012185734897006922,15
era5_lmlt,Atmospheric,0.0052897514666713835,0.004941173436761834,0.0024574389178155997,0.010663108968670662,15
era5_swvl1,Atmospheric,0.005284264495713232,0.004730130356901268,0.0020715234821581945,0.011253390697574367,15
era5_fal,Atmospheric,0.005259203897039459,0.004431560729138303,0.0025690339030917733,0.012153379902657906,15
era5_lsm,Atmospheric,0.005154123604237223,0.005202820199361793,0.0009928195214931957,0.006700266591323377,15
era5_msl,Atmospheric,0.005052276377318241,0.004850987585777763,0.0018332825253200174,0.009524765593076842,15
era5_avg_sdlwrf,Atmospheric,0.0049187547652119286,0.0043819445154166005,0.003189612720029249,0.013482160677182739,15
era5_lict,Atmospheric,0.004866983638053319,0.004012123304579637,0.0022360248105663316,0.010484327201846914,15
era5_t2m,Atmospheric,0.004564159202444637,0.004394119279526794,0.001501120039106643,0.008324199940152594,15
era5_hcc,Atmospheric,0.0045335630959890405,0.004214053405407953,0.0025111757967627496,0.011669135408884904,15
era5_skt,Atmospheric,0.004466182843465618,0.004162332474359537,0.0016114203185887794,0.007941119156131013,15
era5_lcc,Atmospheric,0.004246959979372112,0.004149991319243148,0.0014307104082065159,0.0074540785079577985,15
era5_lai_hv,Atmospheric,0.004022058756792479,0.0025480857520907923,0.0035452332093785666,0.01338826313165644,15
era5_tcwv,Atmospheric,0.003976981514767579,0.004318911407566425,0.0014082303886658594,0.005802758159308194,15
era5_tcw,Atmospheric,0.003908221016246273,0.004039311015829586,0.001400441514494503,0.005612150339595832,15
era5_tsn,Atmospheric,0.003892594201719396,0.004124030263263035,0.0007510400839316245,0.005416336044130227,15
local_time,Time,0.0037586620739701792,0.003669787005556403,0.0013567643866127209,0.0074289662043626175,15
era5_avg_snlwrfcs,Atmospheric,0.003729646835564229,0.003261251616083174,0.0012106755859986641,0.006593546055680464,15
era5_lai_lv,Atmospheric,0.0036863697538814075,0.0037217921051634897,0.0009656095237417695,0.005693433947645686,15
era5_mcc,Atmospheric,0.0032833033588861083,0.0025109182448564897,0.0024375886180958584,0.010158246096336355,15
era5_tvh_6.0,Atmospheric,0.00328129250565727,0.003482873582111059,0.0015656618365423103,0.006465762331100826,14
era5_cvl,Atmospheric,0.003107500527429579,0.002859698472658699,0.0013253688484157733,0.0069361169997837775,15
era5_deg0l,Atmospheric,0.0029943791022191825,0.0032008209844761972,0.0016507404311429954,0.006431868829177181,15
era5_tvl_1.0,Atmospheric,0.002886543426006485,0.002370416129282796,0.0012376056285854958,0.005411202036358891,15
era5_tvl_11.0,Atmospheric,0.0027877389967889262,0.002709400691120114,0.001011699802931469,0.005098962218685949,15
era5_asn,Atmospheric,0.0027754363853296914,0.0027883189796352203,0.001293552866714504,0.004906350728400137,15
era5_avg_snlwrf,Atmospheric,0.002737209124715717,0.002383929571846873,0.0015346246336375494,0.007097765001131394,15
era5_cl,Atmospheric,0.0027342794241582073,0.0027400849597580793,0.0006696150823923381,0.0041769365402941315,15
era5_tvl_2.0,Atmospheric,0.0026045518049337335,0.002163975790751055,0.0014004860022362449,0.0056640222606542286,15
era5_tvl_7.0,Atmospheric,0.0025534720573527365,0.002296786618196978,0.0010630207895449752,0.004268265870337083,11
era5_cvh,Atmospheric,0.0022532957262425537,0.0015988670317731452,0.0017071536436542062,0.00619316302855341,15
era5_slt_0.0,Atmospheric,0.002030390212710808,0.0023082246136191726,0.0009062987147949946,0.003088726156322028,15
era5_tvl_0.0,Atmospheric,0.0018756789425553623,0.002187911864713625,0.0008779292053398625,0.002863958519539155,15
era5_slt_7.0,Atmospheric,0.001784146278557344,0.001503413544598188,0.0009727810104243121,0.00398543835279144,11
era5_slt_3.0,Atmospheric,0.0016702122318422246,0.0012728291045502834,0.0012521549772141099,0.005068873700494213,15
era5_tvl_17.0,Atmospheric,0.0014123350414688694,0.0009856312727190544,0.0013561023543078024,0.0040600713890143894,15
era5_tvh_3.0,Atmospheric,0.0013561984602609364,0.0007053580590675208,0.0011955744459007061,0.003756396060132957,15
era5_tvh_19.0,Atmospheric,0.001249725637409694,0.0011809243852061381,0.0008230724173190099,0.0027156882548763743,15
era5_slt_4.0,Atmospheric,0.0012135281725414956,0.001135792318017812,0.0007737269368687516,0.0033656336410019163,15
era5_tvh_18.0,Atmospheric,0.0011640621088141907,0.0009435426780104232,0.000884734704291895,0.0031621044685731887,15
era5_slt_2.0,Atmospheric,0.0011271848250038491,0.0007123573396243237,0.0011101393742526584,0.0038851500414477254,15
era5_slt_5.0,Atmospheric,0.001082182204093756,0.0007385899698618712,0.0007547430018381984,0.0023287694761403304,11
era5_tvl_9.0,Atmospheric,0.000990135336431676,0.0009313656283343581,0.0006874356084611693,0.0023401234423790556,15
era5_tvl_16.0,Atmospheric,0.0009260055823121621,0.0008374862276431382,0.0007324008589255802,0.002151513129309053,15
era5_tvh_5.0,Atmospheric,0.0008992866754072002,0.0008822646573451505,0.0006529359134481842,0.00218696084889919,15
era5_tvh_0.0,Atmospheric,0.0008333977134716887,0.0006144304506236786,0.0006013199916695693,0.0022208008103687927,15
era5_tvl_13.0,Atmospheric,0.0008082175331352511,0.0006680694931297712,0.0007277701161235308,0.00204204952784123,15
era5_slt_6.0,Atmospheric,0.0007726939839000427,0.0005156327176648361,0.0006941907912587541,0.002153842333064626,15
era5_tvh_4.0,Atmospheric,0.0007533146313378987,0.0005211789703951117,0.000790838094919922,0.002664335077518099,15
era5_slt_1.0,Atmospheric,0.0006981568604054818,0.0006193379277268753,0.0005210521321706169,0.0015255110277655514,15
era5_tvl_10.0,Atmospheric,0.0003526157858177689,0.00030797794391360306,0.0002572267451895886,0.0009281371368545354,8
