term,term_strength,n_basis,feature,feature_group,fold_id,space_fold,time_fold,n_train,n_test,ridge_alpha
era5_asn,0.003061148198886689,7,era5_asn,Atmospheric,space0_time0,0,0,412,111,2551.4065200312925
era5_avg_sdlwrf,0.0025399182505331285,7,era5_avg_sdlwrf,Atmospheric,space0_time0,0,0,412,111,2551.4065200312925
era5_avg_snlwrf,0.002600039997980597,7,era5_avg_snlwrf,Atmospheric,space0_time0,0,0,412,111,2551.4065200312925
era5_avg_snlwrfcs,0.0040598787504607815,7,era5_avg_snlwrfcs,Atmospheric,space0_time0,0,0,412,111,2551.4065200312925
era5_cl,0.0035201018463600782,7,era5_cl,Atmospheric,space0_time0,0,0,412,111,2551.4065200312925
era5_cvh,0.0011462246507109536,7,era5_cvh,Atmospheric,space0_time0,0,0,412,111,2551.4065200312925
era5_cvl,0.0027515383047977127,7,era5_cvl,Atmospheric,space0_time0,0,0,412,111,2551.4065200312925
era5_deg0l,0.00299654914023125,7,era5_deg0l,Atmospheric,space0_time0,0,0,412,111,2551.4065200312925
era5_fal,0.003402704606793053,7,era5_fal,Atmospheric,space0_time0,0,0,412,111,2551.4065200312925
era5_hcc,0.004214053405407953,7,era5_hcc,Atmospheric,space0_time0,0,0,412,111,2551.4065200312925
era5_lai_hv,0.0032719580399594235,7,era5_lai_hv,Atmospheric,space0_time0,0,0,412,111,2551.4065200312925
era5_lai_lv,0.0028303812645798948,7,era5_lai_lv,Atmospheric,space0_time0,0,0,412,111,2551.4065200312925
era5_lcc,0.0032217776975393565,7,era5_lcc,Atmospheric,space0_time0,0,0,412,111,2551.4065200312925
era5_lict,0.004012123304579637,7,era5_lict,Atmospheric,space0_time0,0,0,412,111,2551.4065200312925
era5_lmlt,0.00420537449362482,7,era5_lmlt,Atmospheric,space0_time0,0,0,412,111,2551.4065200312925
era5_lsm,0.005920738281942294,7,era5_lsm,Atmospheric,space0_time0,0,0,412,111,2551.4065200312925
era5_mcc,0.0026032783647049963,7,era5_mcc,Atmospheric,space0_time0,0,0,412,111,2551.4065200312925
era5_msl,0.005822253299869639,7,era5_msl,Atmospheric,space0_time0,0,0,412,111,2551.4065200312925
era5_skt,0.003447614786698388,7,era5_skt,Atmospheric,space0_time0,0,0,412,111,2551.4065200312925
era5_slt_0.0,0.0015396250241211293,1,era5_slt_0.0,Atmospheric,space0_time0,0,0,412,111,2551.4065200312925
era5_slt_1.0,0.0012803446509743134,1,era5_slt_1.0,Atmospheric,space0_time0,0,0,412,111,2551.4065200312925
era5_slt_2.0,0.0001120882015908113,1,era5_slt_2.0,Atmospheric,space0_time0,0,0,412,111,2551.4065200312925
era5_slt_3.0,0.0014957258476714153,1,era5_slt_3.0,Atmospheric,space0_time0,0,0,412,111,2551.4065200312925
era5_slt_4.0,0.00048923522288703,1,era5_slt_4.0,Atmospheric,space0_time0,0,0,412,111,2551.4065200312925
era5_slt_6.0,0.0012493851941858909,1,era5_slt_6.0,Atmospheric,space0_time0,0,0,412,111,2551.4065200312925
era5_slt_7.0,0.001503413544598188,1,era5_slt_7.0,Atmospheric,space0_time0,0,0,412,111,2551.4065200312925
era5_sp,0.0035054168975116634,7,era5_sp,Atmospheric,space0_time0,0,0,412,111,2551.4065200312925
era5_stl1,0.003526939496696635,7,era5_stl1,Atmospheric,space0_time0,0,0,412,111,2551.4065200312925
era5_swvl1,0.0044501827617446236,7,era5_swvl1,Atmospheric,space0_time0,0,0,412,111,2551.4065200312925
era5_t2m,0.003981471065240608,7,era5_t2m,Atmospheric,space0_time0,0,0,412,111,2551.4065200312925
era5_tco3,0.00404720987109316,7,era5_tco3,Atmospheric,space0_time0,0,0,412,111,2551.4065200312925
era5_tcw,0.0035973336800051887,7,era5_tcw,Atmospheric,space0_time0,0,0,412,111,2551.4065200312925
era5_tcwv,0.0037384505904267656,7,era5_tcwv,Atmospheric,space0_time0,0,0,412,111,2551.4065200312925
era5_tsn,0.004342206563162921,7,era5_tsn,Atmospheric,space0_time0,0,0,412,111,2551.4065200312925
era5_tvh_0.0,0.0006144304506236786,1,era5_tvh_0.0,Atmospheric,space0_time0,0,0,412,111,2551.4065200312925
era5_tvh_18.0,0.0008813847306403393,1,era5_tvh_18.0,Atmospheric,space0_time0,0,0,412,111,2551.4065200312925
era5_tvh_19.0,0.0008825013462560262,1,era5_tvh_19.0,Atmospheric,space0_time0,0,0,412,111,2551.4065200312925
era5_tvh_3.0,0.0007532873800782996,1,era5_tvh_3.0,Atmospheric,space0_time0,0,0,412,111,2551.4065200312925
era5_tvh_4.0,0.0009468967297102252,1,era5_tvh_4.0,Atmospheric,space0_time0,0,0,412,111,2551.4065200312925
era5_tvh_5.0,0.0008822646573451505,1,era5_tvh_5.0,Atmospheric,space0_time0,0,0,412,111,2551.4065200312925
era5_tvh_6.0,0.003374272464471784,1,era5_tvh_6.0,Atmospheric,space0_time0,0,0,412,111,2551.4065200312925
era5_tvl_0.0,0.0022658298834025564,1,era5_tvl_0.0,Atmospheric,space0_time0,0,0,412,111,2551.4065200312925
era5_tvl_1.0,0.0024922896513457186,1,era5_tvl_1.0,Atmospheric,space0_time0,0,0,412,111,2551.4065200312925
era5_tvl_11.0,0.002522387078078948,1,era5_tvl_11.0,Atmospheric,space0_time0,0,0,412,111,2551.4065200312925
era5_tvl_13.0,0.00019719044284259384,1,era5_tvl_13.0,Atmospheric,space0_time0,0,0,412,111,2551.4065200312925
era5_tvl_16.0,0.00024877382329549914,1,era5_tvl_16.0,Atmospheric,space0_time0,0,0,412,111,2551.4065200312925
era5_tvl_17.0,0.0006702074646842478,1,era5_tvl_17.0,Atmospheric,space0_time0,0,0,412,111,2551.4065200312925
era5_tvl_2.0,0.0019523923324687332,1,era5_tvl_2.0,Atmospheric,space0_time0,0,0,412,111,2551.4065200312925
era5_tvl_7.0,0.0017842394808427677,1,era5_tvl_7.0,Atmospheric,space0_time0,0,0,412,111,2551.4065200312925
era5_tvl_9.0,0.0016642748905575312,1,era5_tvl_9.0,Atmospheric,space0_time0,0,0,412,111,2551.4065200312925
hour,0.0014442698832475144,7,hour,Time,space0_time0,0,0,412,111,2551.4065200312925
latitude,0.007736461172330318,7,latitude,Space,space0_time0,0,0,412,111,2551.4065200312925
local_time,0.003890737334918761,4,local_time,Time,space0_time0,0,0,412,111,2551.4065200312925
longitude,0.0025466532504726963,4,longitude,Space,space0_time0,0,0,412,111,2551.4065200312925
era5_asn,0.001854468883110227,7,era5_asn,Atmospheric,space0_time1,0,1,428,88,3625.117049988535
era5_avg_sdlwrf,0.002378589919834463,7,era5_avg_sdlwrf,Atmospheric,space0_time1,0,1,428,88,3625.117049988535
era5_avg_snlwrf,0.0019007316707663105,7,era5_avg_snlwrf,Atmospheric,space0_time1,0,1,428,88,3625.117049988535
era5_avg_snlwrfcs,0.002533088036279374,7,era5_avg_snlwrfcs,Atmospheric,space0_time1,0,1,428,88,3625.117049988535
era5_cl,0.0027400849597580793,7,era5_cl,Atmospheric,space0_time1,0,1,428,88,3625.117049988535
era5_cvh,0.0009855804001453327,7,era5_cvh,Atmospheric,space0_time1,0,1,428,88,3625.117049988535
era5_cvl,0.002897153038147214,7,era5_cvl,Atmospheric,space0_time1,0,1,428,88,3625.117049988535
era5_deg0l,0.0021311376974179723,7,era5_deg0l,Atmospheric,space0_time1,0,1,428,88,3625.117049988535
era5_fal,0.003339846250395896,7,era5_fal,Atmospheric,space0_time1,0,1,428,88,3625.117049988535
era5_hcc,0.0022545633643140817,7,era5_hcc,Atmospheric,space0_time1,0,1,428,88,3625.117049988535
era5_lai_hv,0.0011854338946835346,7,era5_lai_hv,Atmospheric,space0_time1,0,1,428,88,3625.117049988535
era5_lai_lv,0.004038495777136004,7,era5_lai_lv,Atmospheric,space0_time1,0,1,428,88,3625.117049988535
era5_lcc,0.003760885055893043,7,era5_lcc,Atmospheric,space0_time1,0,1,428,88,3625.117049988535
era5_lict,0.003341430646092817,7,era5_lict,Atmospheric,space0_time1,0,1,428,88,3625.117049988535
era5_lmlt,0.003033326804430057,7,era5_lmlt,Atmospheric,space0_time1,0,1,428,88,3625.117049988535
era5_lsm,0.004954365500375747,7,era5_lsm,Atmospheric,space0_time1,0,1,428,88,3625.117049988535
era5_mcc,0.001937172644147738,7,era5_mcc,Atmospheric,space0_time1,0,1,428,88,3625.117049988535
era5_msl,0.004865481867371563,7,era5_msl,Atmospheric,space0_time1,0,1,428,88,3625.117049988535
era5_skt,0.002610397694815593,7,era5_skt,Atmospheric,space0_time1,0,1,428,88,3625.117049988535
era5_slt_0.0,0.0025956696083997755,1,era5_slt_0.0,Atmospheric,space0_time1,0,1,428,88,3625.117049988535
era5_slt_1.0,0.0006193379277268753,1,era5_slt_1.0,Atmospheric,space0_time1,0,1,428,88,3625.117049988535
era5_slt_2.0,0.00037722677726530207,1,era5_slt_2.0,Atmospheric,space0_time1,0,1,428,88,3625.117049988535
era5_slt_3.0,0.001238941037715322,1,era5_slt_3.0,Atmospheric,space0_time1,0,1,428,88,3625.117049988535
era5_slt_4.0,0.0010068981976102385,1,era5_slt_4.0,Atmospheric,space0_time1,0,1,428,88,3625.117049988535
era5_slt_6.0,0.0005156327176648361,1,era5_slt_6.0,Atmospheric,space0_time1,0,1,428,88,3625.117049988535
era5_slt_7.0,0.0013447064086155494,1,era5_slt_7.0,Atmospheric,space0_time1,0,1,428,88,3625.117049988535
era5_sp,0.0027732530316955596,7,era5_sp,Atmospheric,space0_time1,0,1,428,88,3625.117049988535
era5_stl1,0.004279614452577486,7,era5_stl1,Atmospheric,space0_time1,0,1,428,88,3625.117049988535
era5_swvl1,0.0047500172025983865,7,era5_swvl1,Atmospheric,space0_time1,0,1,428,88,3625.117049988535
era5_t2m,0.003043008979999193,7,era5_t2m,Atmospheric,space0_time1,0,1,428,88,3625.117049988535
era5_tco3,0.005598538376132581,7,era5_tco3,Atmospheric,space0_time1,0,1,428,88,3625.117049988535
era5_tcw,0.001053230632375203,7,era5_tcw,Atmospheric,space0_time1,0,1,428,88,3625.117049988535
era5_tcwv,0.0010896843872595168,7,era5_tcwv,Atmospheric,space0_time1,0,1,428,88,3625.117049988535
era5_tsn,0.0027582749482713284,7,era5_tsn,Atmospheric,space0_time1,0,1,428,88,3625.117049988535
era5_tvh_0.0,0.0006121395213736861,1,era5_tvh_0.0,Atmospheric,space0_time1,0,1,428,88,3625.117049988535
era5_tvh_18.0,0.001735583441457834,1,era5_tvh_18.0,Atmospheric,space0_time1,0,1,428,88,3625.117049988535
era5_tvh_19.0,0.0021059097816288467,1,era5_tvh_19.0,Atmospheric,space0_time1,0,1,428,88,3625.117049988535
era5_tvh_3.0,0.00045646932147609177,1,era5_tvh_3.0,Atmospheric,space0_time1,0,1,428,88,3625.117049988535
era5_tvh_4.0,6.805538339977926e-05,1,era5_tvh_4.0,Atmospheric,space0_time1,0,1,428,88,3625.117049988535
era5_tvh_5.0,0.0003100657994281007,1,era5_tvh_5.0,Atmospheric,space0_time1,0,1,428,88,3625.117049988535
era5_tvh_6.0,0.0029690363982115314,1,era5_tvh_6.0,Atmospheric,space0_time1,0,1,428,88,3625.117049988535
era5_tvl_0.0,0.00267436362992816,1,era5_tvl_0.0,Atmospheric,space0_time1,0,1,428,88,3625.117049988535
era5_tvl_1.0,0.0022898376971476424,1,era5_tvl_1.0,Atmospheric,space0_time1,0,1,428,88,3625.117049988535
era5_tvl_10.0,0.0003183965876229344,1,era5_tvl_10.0,Atmospheric,space0_time1,0,1,428,88,3625.117049988535
era5_tvl_11.0,0.0029122059403750827,1,era5_tvl_11.0,Atmospheric,space0_time1,0,1,428,88,3625.117049988535
era5_tvl_13.0,7.77476905647784e-05,1,era5_tvl_13.0,Atmospheric,space0_time1,0,1,428,88,3625.117049988535
era5_tvl_16.0,0.0011379696229226763,1,era5_tvl_16.0,Atmospheric,space0_time1,0,1,428,88,3625.117049988535
era5_tvl_17.0,0.00021060066176267149,1,era5_tvl_17.0,Atmospheric,space0_time1,0,1,428,88,3625.117049988535
era5_tvl_2.0,0.002511757331627047,1,era5_tvl_2.0,Atmospheric,space0_time1,0,1,428,88,3625.117049988535
era5_tvl_7.0,0.003010617212370254,1,era5_tvl_7.0,Atmospheric,space0_time1,0,1,428,88,3625.117049988535
era5_tvl_9.0,0.0005814531972290265,1,era5_tvl_9.0,Atmospheric,space0_time1,0,1,428,88,3625.117049988535
hour,0.003299794774861729,7,hour,Time,space0_time1,0,1,428,88,3625.117049988535
latitude,0.006564614622268551,7,latitude,Space,space0_time1,0,1,428,88,3625.117049988535
local_time,0.003182061984162606,4,local_time,Time,space0_time1,0,1,428,88,3625.117049988535
longitude,0.002713176882894757,4,longitude,Space,space0_time1,0,1,428,88,3625.117049988535
era5_asn,0.00232253783534782,7,era5_asn,Atmospheric,space0_time2,0,2,476,70,2551.4065200312925
era5_avg_sdlwrf,0.001809210835661606,7,era5_avg_sdlwrf,Atmospheric,space0_time2,0,2,476,70,2551.4065200312925
era5_avg_snlwrf,0.002383929571846873,7,era5_avg_snlwrf,Atmospheric,space0_time2,0,2,476,70,2551.4065200312925
era5_avg_snlwrfcs,0.0022607825298598637,7,era5_avg_snlwrfcs,Atmospheric,space0_time2,0,2,476,70,2551.4065200312925
era5_cl,0.00223732164983257,7,era5_cl,Atmospheric,space0_time2,0,2,476,70,2551.4065200312925
era5_cvh,0.0017512455676414848,7,era5_cvh,Atmospheric,space0_time2,0,2,476,70,2551.4065200312925
era5_cvl,0.002327315657930249,7,era5_cvl,Atmospheric,space0_time2,0,2,476,70,2551.4065200312925
era5_deg0l,0.0005158354339356709,7,era5_deg0l,Atmospheric,space0_time2,0,2,476,70,2551.4065200312925
era5_fal,0.003924469716515018,7,era5_fal,Atmospheric,space0_time2,0,2,476,70,2551.4065200312925
era5_hcc,0.004499264903641611,7,era5_hcc,Atmospheric,space0_time2,0,2,476,70,2551.4065200312925
era5_lai_hv,0.001484548032994218,7,era5_lai_hv,Atmospheric,space0_time2,0,2,476,70,2551.4065200312925
era5_lai_lv,0.0034622620878838857,7,era5_lai_lv,Atmospheric,space0_time2,0,2,476,70,2551.4065200312925
era5_lcc,0.002664219700337234,7,era5_lcc,Atmospheric,space0_time2,0,2,476,70,2551.4065200312925
era5_lict,0.004249616721951737,7,era5_lict,Atmospheric,space0_time2,0,2,476,70,2551.4065200312925
era5_lmlt,0.002619784042875578,7,era5_lmlt,Atmospheric,space0_time2,0,2,476,70,2551.4065200312925
era5_lsm,0.003928238909323592,7,era5_lsm,Atmospheric,space0_time2,0,2,476,70,2551.4065200312925
era5_mcc,0.0015386228870988888,7,era5_mcc,Atmospheric,space0_time2,0,2,476,70,2551.4065200312925
era5_msl,0.006360115905682524,7,era5_msl,Atmospheric,space0_time2,0,2,476,70,2551.4065200312925
era5_skt,0.0038747813733917367,7,era5_skt,Atmospheric,space0_time2,0,2,476,70,2551.4065200312925
era5_slt_0.0,0.0012186136554368388,1,era5_slt_0.0,Atmospheric,space0_time2,0,2,476,70,2551.4065200312925
era5_slt_1.0,0.0012244253263012685,1,era5_slt_1.0,Atmospheric,space0_time2,0,2,476,70,2551.4065200312925
era5_slt_2.0,0.001205585598628501,1,era5_slt_2.0,Atmospheric,space0_time2,0,2,476,70,2551.4065200312925
era5_slt_3.0,0.003135630193658887,1,era5_slt_3.0,Atmospheric,space0_time2,0,2,476,70,2551.4065200312925
era5_slt_4.0,0.00047476356403192165,1,era5_slt_4.0,Atmospheric,space0_time2,0,2,476,70,2551.4065200312925
era5_slt_6.0,0.00021395201238853556,1,era5_slt_6.0,Atmospheric,space0_time2,0,2,476,70,2551.4065200312925
era5_slt_7.0,0.0008737780902679248,1,era5_slt_7.0,Atmospheric,space0_time2,0,2,476,70,2551.4065200312925
era5_sp,0.004984208537498119,7,era5_sp,Atmospheric,space0_time2,0,2,476,70,2551.4065200312925
era5_stl1,0.0043395777702487405,7,era5_stl1,Atmospheric,space0_time2,0,2,476,70,2551.4065200312925
era5_swvl1,0.004237147242444199,7,era5_swvl1,Atmospheric,space0_time2,0,2,476,70,2551.4065200312925
era5_t2m,0.0033781279842550775,7,era5_t2m,Atmospheric,space0_time2,0,2,476,70,2551.4065200312925
era5_tco3,0.006999967554080974,7,era5_tco3,Atmospheric,space0_time2,0,2,476,70,2551.4065200312925
era5_tcw,0.0030071262905033073,7,era5_tcw,Atmospheric,space0_time2,0,2,476,70,2551.4065200312925
era5_tcwv,0.003061549901698987,7,era5_tcwv,Atmospheric,space0_time2,0,2,476,70,2551.4065200312925
era5_tsn,0.003616954817966919,7,era5_tsn,Atmospheric,space0_time2,0,2,476,70,2551.4065200312925
era5_tvh_0.0,0.0005074188447641503,1,era5_tvh_0.0,Atmospheric,space0_time2,0,2,476,70,2551.4065200312925
era5_tvh_18.0,0.0009465457668963538,1,era5_tvh_18.0,Atmospheric,space0_time2,0,2,476,70,2551.4065200312925
era5_tvh_19.0,0.0013144988220359568,1,era5_tvh_19.0,Atmospheric,space0_time2,0,2,476,70,2551.4065200312925
era5_tvh_3.0,0.0012037361229573855,1,era5_tvh_3.0,Atmospheric,space0_time2,0,2,476,70,2551.4065200312925
era5_tvh_4.0,0.0003520940853349965,1,era5_tvh_4.0,Atmospheric,space0_time2,0,2,476,70,2551.4065200312925
era5_tvh_5.0,0.00020274030360066726,1,era5_tvh_5.0,Atmospheric,space0_time2,0,2,476,70,2551.4065200312925
era5_tvh_6.0,0.00509618449554248,1,era5_tvh_6.0,Atmospheric,space0_time2,0,2,476,70,2551.4065200312925
era5_tvl_0.0,0.0023934136606397747,1,era5_tvl_0.0,Atmospheric,space0_time2,0,2,476,70,2551.4065200312925
era5_tvl_1.0,0.0034196383696968725,1,era5_tvl_1.0,Atmospheric,space0_time2,0,2,476,70,2551.4065200312925
era5_tvl_10.0,0.0003122864064746555,1,era5_tvl_10.0,Atmospheric,space0_time2,0,2,476,70,2551.4065200312925
era5_tvl_11.0,0.0035566988628812773,1,era5_tvl_11.0,Atmospheric,space0_time2,0,2,476,70,2551.4065200312925
era5_tvl_13.0,0.0001476695495183796,1,era5_tvl_13.0,Atmospheric,space0_time2,0,2,476,70,2551.4065200312925
era5_tvl_16.0,0.0016660403003735031,1,era5_tvl_16.0,Atmospheric,space0_time2,0,2,476,70,2551.4065200312925
era5_tvl_17.0,0.00018511638936700002,1,era5_tvl_17.0,Atmospheric,space0_time2,0,2,476,70,2551.4065200312925
era5_tvl_2.0,0.002163975790751055,1,era5_tvl_2.0,Atmospheric,space0_time2,0,2,476,70,2551.4065200312925
era5_tvl_7.0,0.0007259084341478209,1,era5_tvl_7.0,Atmospheric,space0_time2,0,2,476,70,2551.4065200312925
era5_tvl_9.0,0.0012036009337831493,1,era5_tvl_9.0,Atmospheric,space0_time2,0,2,476,70,2551.4065200312925
hour,0.0033827798041632827,7,hour,Time,space0_time2,0,2,476,70,2551.4065200312925
latitude,0.00900766681779245,7,latitude,Space,space0_time2,0,2,476,70,2551.4065200312925
local_time,0.004446009838537451,4,local_time,Time,space0_time2,0,2,476,70,2551.4065200312925
longitude,0.004819543890021619,4,longitude,Space,space0_time2,0,2,476,70,2551.4065200312925
era5_asn,0.001146317715821512,7,era5_asn,Atmospheric,space0_time3,0,3,565,148,5150.678076168132
era5_avg_sdlwrf,0.0019173858485459533,7,era5_avg_sdlwrf,Atmospheric,space0_time3,0,3,565,148,5150.678076168132
era5_avg_snlwrf,0.0015964295806965318,7,era5_avg_snlwrf,Atmospheric,space0_time3,0,3,565,148,5150.678076168132
era5_avg_snlwrfcs,0.00243929259128531,7,era5_avg_snlwrfcs,Atmospheric,space0_time3,0,3,565,148,5150.678076168132
era5_cl,0.0017870672877446337,7,era5_cl,Atmospheric,space0_time3,0,3,565,148,5150.678076168132
era5_cvh,0.0009136932375988725,7,era5_cvh,Atmospheric,space0_time3,0,3,565,148,5150.678076168132
era5_cvl,0.001799978828647941,7,era5_cvl,Atmospheric,space0_time3,0,3,565,148,5150.678076168132
era5_deg0l,0.0013899953933150478,7,era5_deg0l,Atmospheric,space0_time3,0,3,565,148,5150.678076168132
era5_fal,0.003304271395156836,7,era5_fal,Atmospheric,space0_time3,0,3,565,148,5150.678076168132
era5_hcc,0.0029442028755595944,7,era5_hcc,Atmospheric,space0_time3,0,3,565,148,5150.678076168132
era5_lai_hv,0.0013970924547423913,7,era5_lai_hv,Atmospheric,space0_time3,0,3,565,148,5150.678076168132
era5_lai_lv,0.0030619125066336465,7,era5_lai_lv,Atmospheric,space0_time3,0,3,565,148,5150.678076168132
era5_lcc,0.0020590632049300775,7,era5_lcc,Atmospheric,space0_time3,0,3,565,148,5150.678076168132
era5_lict,0.003177978111534846,7,era5_lict,Atmospheric,space0_time3,0,3,565,148,5150.678076168132
era5_lmlt,0.002487718405785636,7,era5_lmlt,Atmospheric,space0_time3,0,3,565,148,5150.678076168132
era5_lsm,0.004233202232222694,7,era5_lsm,Atmospheric,space0_time3,0,3,565,148,5150.678076168132
era5_mcc,0.0016783398149565264,7,era5_mcc,Atmospheric,space0_time3,0,3,565,148,5150.678076168132
era5_msl,0.004850987585777763,7,era5_msl,Atmospheric,space0_time3,0,3,565,148,5150.678076168132
era5_skt,0.002485203235700492,7,era5_skt,Atmospheric,space0_time3,0,3,565,148,5150.678076168132
era5_slt_0.0,0.0022114824804809153,1,era5_slt_0.0,Atmospheric,space0_time3,0,3,565,148,5150.678076168132
era5_slt_1.0,3.018354984569429e-05,1,era5_slt_1.0,Atmospheric,space0_time3,0,3,565,148,5150.678076168132
era5_slt_2.0,0.000370860231494106,1,era5_slt_2.0,Atmospheric,space0_time3,0,3,565,148,5150.678076168132
era5_slt_3.0,0.0011716608287854209,1,era5_slt_3.0,Atmospheric,space0_time3,0,3,565,148,5150.678076168132
era5_slt_4.0,0.0006145311968566502,1,era5_slt_4.0,Atmospheric,space0_time3,0,3,565,148,5150.678076168132
era5_slt_6.0,0.0002262497565636163,1,era5_slt_6.0,Atmospheric,space0_time3,0,3,565,148,5150.678076168132
era5_slt_7.0,0.0009349234433546808,1,era5_slt_7.0,Atmospheric,space0_time3,0,3,565,148,5150.678076168132
era5_sp,0.002939844072284543,7,era5_sp,Atmospheric,space0_time3,0,3,565,148,5150.678076168132
era5_stl1,0.003878037496667832,7,era5_stl1,Atmospheric,space0_time3,0,3,565,148,5150.678076168132
era5_swvl1,0.0035742880719938645,7,era5_swvl1,Atmospheric,space0_time3,0,3,565,148,5150.678076168132
era5_t2m,0.002990101766976758,7,era5_t2m,Atmospheric,space0_time3,0,3,565,148,5150.678076168132
era5_tco3,0.003673776385778268,7,era5_tco3,Atmospheric,space0_time3,0,3,565,148,5150.678076168132
era5_tcw,0.001983194528575014,7,era5_tcw,Atmospheric,space0_time3,0,3,565,148,5150.678076168132
era5_tcwv,0.002050118568644497,7,era5_tcwv,Atmospheric,space0_time3,0,3,565,148,5150.678076168132
era5_tsn,0.0029000669291116095,7,era5_tsn,Atmospheric,space0_time3,0,3,565,148,5150.678076168132
era5_tvh_0.0,0.0004068458172571055,1,era5_tvh_0.0,Atmospheric,space0_time3,0,3,565,148,5150.678076168132
era5_tvh_18.0,0.0005346440690025187,1,era5_tvh_18.0,Atmospheric,space0_time3,0,3,565,148,5150.678076168132
era5_tvh_19.0,0.0011809243852061381,1,era5_tvh_19.0,Atmospheric,space0_time3,0,3,565,148,5150.678076168132
era5_tvh_3.0,0.0005380812869148074,1,era5_tvh_3.0,Atmospheric,space0_time3,0,3,565,148,5150.678076168132
era5_tvh_4.0,0.00028186691568065595,1,era5_tvh_4.0,Atmospheric,space0_time3,0,3,565,148,5150.678076168132
era5_tvh_5.0,0.00031870012966381516,1,era5_tvh_5.0,Atmospheric,space0_time3,0,3,565,148,5150.678076168132
era5_tvh_6.0,0.0008844010240292349,1,era5_tvh_6.0,Atmospheric,space0_time3,0,3,565,148,5150.678076168132
era5_tvl_0.0,0.002187911864713625,1,era5_tvl_0.0,Atmospheric,space0_time3,0,3,565,148,5150.678076168132
era5_tvl_1.0,0.0020111950184053067,1,era5_tvl_1.0,Atmospheric,space0_time3,0,3,565,148,5150.678076168132
era5_tvl_10.0,0.00021782138152613443,1,era5_tvl_10.0,Atmospheric,space0_time3,0,3,565,148,5150.678076168132
era5_tvl_11.0,0.002568065023116689,1,era5_tvl_11.0,Atmospheric,space0_time3,0,3,565,148,5150.678076168132
era5_tvl_13.0,7.883598268428022e-05,1,era5_tvl_13.0,Atmospheric,space0_time3,0,3,565,148,5150.678076168132
era5_tvl_16.0,0.0009216394399697864,1,era5_tvl_16.0,Atmospheric,space0_time3,0,3,565,148,5150.678076168132
era5_tvl_17.0,0.00013587770460505132,1,era5_tvl_17.0,Atmospheric,space0_time3,0,3,565,148,5150.678076168132
era5_tvl_2.0,0.0014962396658788066,1,era5_tvl_2.0,Atmospheric,space0_time3,0,3,565,148,5150.678076168132
era5_tvl_7.0,0.0019211774923655993,1,era5_tvl_7.0,Atmospheric,space0_time3,0,3,565,148,5150.678076168132
era5_tvl_9.0,0.0009313656283343581,1,era5_tvl_9.0,Atmospheric,space0_time3,0,3,565,148,5150.678076168132
hour,0.002158864977836411,7,hour,Time,space0_time3,0,3,565,148,5150.678076168132
latitude,0.006791547520486348,7,latitude,Space,space0_time3,0,3,565,148,5150.678076168132
local_time,0.002609983023445945,4,local_time,Time,space0_time3,0,3,565,148,5150.678076168132
longitude,0.002326082151095951,4,longitude,Space,space0_time3,0,3,565,148,5150.678076168132
era5_asn,0.004634360756266032,7,era5_asn,Atmospheric,space1_time0,1,0,475,58,1795.714494371641
era5_avg_sdlwrf,0.0032292615626896078,7,era5_avg_sdlwrf,Atmospheric,space1_time0,1,0,475,58,1795.714494371641
era5_avg_snlwrf,0.003033185955485152,7,era5_avg_snlwrf,Atmospheric,space1_time0,1,0,475,58,1795.714494371641
era5_avg_snlwrfcs,0.002843702973852609,7,era5_avg_snlwrfcs,Atmospheric,space1_time0,1,0,475,58,1795.714494371641
era5_cl,0.001513396506624877,7,era5_cl,Atmospheric,space1_time0,1,0,475,58,1795.714494371641
era5_cvh,0.0011593010117570718,7,era5_cvh,Atmospheric,space1_time0,1,0,475,58,1795.714494371641
era5_cvl,0.0018242689915249275,7,era5_cvl,Atmospheric,space1_time0,1,0,475,58,1795.714494371641
era5_deg0l,0.005398015564929008,7,era5_deg0l,Atmospheric,space1_time0,1,0,475,58,1795.714494371641
era5_fal,0.004270021134895106,7,era5_fal,Atmospheric,space1_time0,1,0,475,58,1795.714494371641
era5_hcc,0.005033229741980424,7,era5_hcc,Atmospheric,space1_time0,1,0,475,58,1795.714494371641
era5_lai_hv,0.002180407685643953,7,era5_lai_hv,Atmospheric,space1_time0,1,0,475,58,1795.714494371641
era5_lai_lv,0.002334594743736814,7,era5_lai_lv,Atmospheric,space1_time0,1,0,475,58,1795.714494371641
era5_lcc,0.005306625702533335,7,era5_lcc,Atmospheric,space1_time0,1,0,475,58,1795.714494371641
era5_lict,0.005563778915267176,7,era5_lict,Atmospheric,space1_time0,1,0,475,58,1795.714494371641
era5_lmlt,0.006310170249830704,7,era5_lmlt,Atmospheric,space1_time0,1,0,475,58,1795.714494371641
era5_lsm,0.004104959579480159,7,era5_lsm,Atmospheric,space1_time0,1,0,475,58,1795.714494371641
era5_mcc,0.002509964516165178,7,era5_mcc,Atmospheric,space1_time0,1,0,475,58,1795.714494371641
era5_msl,0.002328480300920189,7,era5_msl,Atmospheric,space1_time0,1,0,475,58,1795.714494371641
era5_skt,0.0044091221555662115,7,era5_skt,Atmospheric,space1_time0,1,0,475,58,1795.714494371641
era5_slt_0.0,0.0008863723765583078,1,era5_slt_0.0,Atmospheric,space1_time0,1,0,475,58,1795.714494371641
era5_slt_1.0,0.00021472211246487924,1,era5_slt_1.0,Atmospheric,space1_time0,1,0,475,58,1795.714494371641
era5_slt_2.0,0.0028071160143218936,1,era5_slt_2.0,Atmospheric,space1_time0,1,0,475,58,1795.714494371641
era5_slt_3.0,0.00243301513396944,1,era5_slt_3.0,Atmospheric,space1_time0,1,0,475,58,1795.714494371641
era5_slt_4.0,0.00013425761435197038,1,era5_slt_4.0,Atmospheric,space1_time0,1,0,475,58,1795.714494371641
era5_slt_5.0,0.0006239958459952144,1,era5_slt_5.0,Atmospheric,space1_time0,1,0,475,58,1795.714494371641
era5_slt_6.0,0.001735602543681217,1,era5_slt_6.0,Atmospheric,space1_time0,1,0,475,58,1795.714494371641
era5_sp,0.004159033994003408,7,era5_sp,Atmospheric,space1_time0,1,0,475,58,1795.714494371641
era5_stl1,0.005102645241763153,7,era5_stl1,Atmospheric,space1_time0,1,0,475,58,1795.714494371641
era5_swvl1,0.005814874828650807,7,era5_swvl1,Atmospheric,space1_time0,1,0,475,58,1795.714494371641
era5_t2m,0.004439111841944085,7,era5_t2m,Atmospheric,space1_time0,1,0,475,58,1795.714494371641
era5_tco3,0.004400651700614767,7,era5_tco3,Atmospheric,space1_time0,1,0,475,58,1795.714494371641
era5_tcw,0.005506251009666184,7,era5_tcw,Atmospheric,space1_time0,1,0,475,58,1795.714494371641
era5_tcwv,0.005476266757227149,7,era5_tcwv,Atmospheric,space1_time0,1,0,475,58,1795.714494371641
era5_tsn,0.005416336044130227,7,era5_tsn,Atmospheric,space1_time0,1,0,475,58,1795.714494371641
era5_tvh_0.0,0.0012580384585979107,1,era5_tvh_0.0,Atmospheric,space1_time0,1,0,475,58,1795.714494371641
era5_tvh_18.0,0.0002197472099419042,1,era5_tvh_18.0,Atmospheric,space1_time0,1,0,475,58,1795.714494371641
era5_tvh_19.0,0.0015257523973189048,1,era5_tvh_19.0,Atmospheric,space1_time0,1,0,475,58,1795.714494371641
era5_tvh_3.0,0.0005067162053501666,1,era5_tvh_3.0,Atmospheric,space1_time0,1,0,475,58,1795.714494371641
era5_tvh_4.0,0.0005116555360834634,1,era5_tvh_4.0,Atmospheric,space1_time0,1,0,475,58,1795.714494371641
era5_tvh_5.0,0.001555155788269739,1,era5_tvh_5.0,Atmospheric,space1_time0,1,0,475,58,1795.714494371641
era5_tvh_6.0,0.0045766501292880835,1,era5_tvh_6.0,Atmospheric,space1_time0,1,0,475,58,1795.714494371641
era5_tvl_0.0,0.0017003002584916138,1,era5_tvl_0.0,Atmospheric,space1_time0,1,0,475,58,1795.714494371641
era5_tvl_1.0,0.0017704548916164784,1,era5_tvl_1.0,Atmospheric,space1_time0,1,0,475,58,1795.714494371641
era5_tvl_11.0,0.002608630846265688,1,era5_tvl_11.0,Atmospheric,space1_time0,1,0,475,58,1795.714494371641
era5_tvl_13.0,0.001409376579533626,1,era5_tvl_13.0,Atmospheric,space1_time0,1,0,475,58,1795.714494371641
era5_tvl_16.0,0.0005824437007540205,1,era5_tvl_16.0,Atmospheric,space1_time0,1,0,475,58,1795.714494371641
era5_tvl_17.0,0.0026088492285965626,1,era5_tvl_17.0,Atmospheric,space1_time0,1,0,475,58,1795.714494371641
era5_tvl_2.0,0.0003251241110784717,1,era5_tvl_2.0,Atmospheric,space1_time0,1,0,475,58,1795.714494371641
era5_tvl_7.0,0.002746889815466543,1,era5_tvl_7.0,Atmospheric,space1_time0,1,0,475,58,1795.714494371641
era5_tvl_9.0,0.0007675314736033678,1,era5_tvl_9.0,Atmospheric,space1_time0,1,0,475,58,1795.714494371641
hour,0.007500481652484562,7,hour,Time,space1_time0,1,0,475,58,1795.714494371641
latitude,0.008619175970607192,7,latitude,Space,space1_time0,1,0,475,58,1795.714494371641
local_time,0.004011921619724086,4,local_time,Time,space1_time0,1,0,475,58,1795.714494371641
longitude,0.003420593845451455,4,longitude,Space,space1_time0,1,0,475,58,1795.714494371641
era5_asn,0.001832337183195541,7,era5_asn,Atmospheric,space1_time1,1,1,564,108,2551.4065200312925
era5_avg_sdlwrf,0.005318511282066821,7,era5_avg_sdlwrf,Atmospheric,space1_time1,1,1,564,108,2551.4065200312925
era5_avg_snlwrf,0.003592125178896196,7,era5_avg_snlwrf,Atmospheric,space1_time1,1,1,564,108,2551.4065200312925
era5_avg_snlwrfcs,0.005032089499712339,7,era5_avg_snlwrfcs,Atmospheric,space1_time1,1,1,564,108,2551.4065200312925
era5_cl,0.003224475635752405,7,era5_cl,Atmospheric,space1_time1,1,1,564,108,2551.4065200312925
era5_cvh,0.0015988670317731452,7,era5_cvh,Atmospheric,space1_time1,1,1,564,108,2551.4065200312925
era5_cvl,0.002974906282826651,7,era5_cvl,Atmospheric,space1_time1,1,1,564,108,2551.4065200312925
era5_deg0l,0.0034466381292314664,7,era5_deg0l,Atmospheric,space1_time1,1,1,564,108,2551.4065200312925
era5_fal,0.004133879250981435,7,era5_fal,Atmospheric,space1_time1,1,1,564,108,2551.4065200312925
era5_hcc,0.0023944910166487365,7,era5_hcc,Atmospheric,space1_time1,1,1,564,108,2551.4065200312925
era5_lai_hv,0.000992605406948419,7,era5_lai_hv,Atmospheric,space1_time1,1,1,564,108,2551.4065200312925
era5_lai_lv,0.0037217921051634897,7,era5_lai_lv,Atmospheric,space1_time1,1,1,564,108,2551.4065200312925
era5_lcc,0.0029310180301118606,7,era5_lcc,Atmospheric,space1_time1,1,1,564,108,2551.4065200312925
era5_lict,0.003639081630266516,7,era5_lict,Atmospheric,space1_time1,1,1,564,108,2551.4065200312925
era5_lmlt,0.004941173436761834,7,era5_lmlt,Atmospheric,space1_time1,1,1,564,108,2551.4065200312925
era5_lsm,0.005822788418341946,7,era5_lsm,Atmospheric,space1_time1,1,1,564,108,2551.4065200312925
era5_mcc,0.0025109182448564897,7,era5_mcc,Atmospheric,space1_time1,1,1,564,108,2551.4065200312925
era5_msl,0.003547387763570245,7,era5_msl,Atmospheric,space1_time1,1,1,564,108,2551.4065200312925
era5_skt,0.004691477169982724,7,era5_skt,Atmospheric,space1_time1,1,1,564,108,2551.4065200312925
era5_slt_0.0,0.0023082246136191726,1,era5_slt_0.0,Atmospheric,space1_time1,1,1,564,108,2551.4065200312925
era5_slt_1.0,0.000552716076198719,1,era5_slt_1.0,Atmospheric,space1_time1,1,1,564,108,2551.4065200312925
era5_slt_2.0,0.0015501863672056965,1,era5_slt_2.0,Atmospheric,space1_time1,1,1,564,108,2551.4065200312925
era5_slt_3.0,0.0006298774468968019,1,era5_slt_3.0,Atmospheric,space1_time1,1,1,564,108,2551.4065200312925
era5_slt_4.0,0.0015220815264577556,1,era5_slt_4.0,Atmospheric,space1_time1,1,1,564,108,2551.4065200312925
era5_slt_5.0,0.0002443046234109288,1,era5_slt_5.0,Atmospheric,space1_time1,1,1,564,108,2551.4065200312925
era5_slt_6.0,0.00013569401269687025,1,era5_slt_6.0,Atmospheric,space1_time1,1,1,564,108,2551.4065200312925
era5_sp,0.004391484384205861,7,era5_sp,Atmospheric,space1_time1,1,1,564,108,2551.4065200312925
era5_stl1,0.007601672819179146,7,era5_stl1,Atmospheric,space1_time1,1,1,564,108,2551.4065200312925
era5_swvl1,0.0027450217884080657,7,era5_swvl1,Atmospheric,space1_time1,1,1,564,108,2551.4065200312925
era5_t2m,0.004461270518357552,7,era5_t2m,Atmospheric,space1_time1,1,1,564,108,2551.4065200312925
era5_tco3,0.00821550997846985,7,era5_tco3,Atmospheric,space1_time1,1,1,564,108,2551.4065200312925
era5_tcw,0.004482374379198318,7,era5_tcw,Atmospheric,space1_time1,1,1,564,108,2551.4065200312925
era5_tcwv,0.0045018210898010455,7,era5_tcwv,Atmospheric,space1_time1,1,1,564,108,2551.4065200312925
era5_tsn,0.003956949812200277,7,era5_tsn,Atmospheric,space1_time1,1,1,564,108,2551.4065200312925
era5_tvh_0.0,0.0013155859260168968,1,era5_tvh_0.0,Atmospheric,space1_time1,1,1,564,108,2551.4065200312925
era5_tvh_18.0,0.00028876017668363777,1,era5_tvh_18.0,Atmospheric,space1_time1,1,1,564,108,2551.4065200312925
era5_tvh_19.0,0.002261673483245674,1,era5_tvh_19.0,Atmospheric,space1_time1,1,1,564,108,2551.4065200312925
era5_tvh_3.0,0.0005709306026598509,1,era5_tvh_3.0,Atmospheric,space1_time1,1,1,564,108,2551.4065200312925
era5_tvh_4.0,0.0006263754241975818,1,era5_tvh_4.0,Atmospheric,space1_time1,1,1,564,108,2551.4065200312925
era5_tvh_5.0,0.00045662446671782117,1,era5_tvh_5.0,Atmospheric,space1_time1,1,1,564,108,2551.4065200312925
era5_tvh_6.0,0.003591474699750334,1,era5_tvh_6.0,Atmospheric,space1_time1,1,1,564,108,2551.4065200312925
era5_tvl_0.0,0.002511997520374066,1,era5_tvl_0.0,Atmospheric,space1_time1,1,1,564,108,2551.4065200312925
era5_tvl_1.0,0.0015005239923445905,1,era5_tvl_1.0,Atmospheric,space1_time1,1,1,564,108,2551.4065200312925
era5_tvl_11.0,0.0018023896295158671,1,era5_tvl_11.0,Atmospheric,space1_time1,1,1,564,108,2551.4065200312925
era5_tvl_13.0,0.00010472140206543845,1,era5_tvl_13.0,Atmospheric,space1_time1,1,1,564,108,2551.4065200312925
era5_tvl_16.0,0.0003091529492047168,1,era5_tvl_16.0,Atmospheric,space1_time1,1,1,564,108,2551.4065200312925
era5_tvl_17.0,0.00023148607325705985,1,era5_tvl_17.0,Atmospheric,space1_time1,1,1,564,108,2551.4065200312925
era5_tvl_2.0,0.0016973835673710588,1,era5_tvl_2.0,Atmospheric,space1_time1,1,1,564,108,2551.4065200312925
era5_tvl_7.0,0.004268265870337083,1,era5_tvl_7.0,Atmospheric,space1_time1,1,1,564,108,2551.4065200312925
era5_tvl_9.0,0.000791319812740026,1,era5_tvl_9.0,Atmospheric,space1_time1,1,1,564,108,2551.4065200312925
hour,0.0074498718747469765,7,hour,Time,space1_time1,1,1,564,108,2551.4065200312925
latitude,0.009449100400266952,7,latitude,Space,space1_time1,1,1,564,108,2551.4065200312925
local_time,0.0016006362740295297,4,local_time,Time,space1_time1,1,1,564,108,2551.4065200312925
longitude,0.005404679631709474,4,longitude,Space,space1_time1,1,1,564,108,2551.4065200312925
era5_asn,0.0027883189796352203,7,era5_asn,Atmospheric,space1_time2,1,2,625,103,1795.714494371641
era5_avg_sdlwrf,0.004611737181913184,7,era5_avg_sdlwrf,Atmospheric,space1_time2,1,2,625,103,1795.714494371641
era5_avg_snlwrf,0.0013617723993741082,7,era5_avg_snlwrf,Atmospheric,space1_time2,1,2,625,103,1795.714494371641
era5_avg_snlwrfcs,0.003050049907419219,7,era5_avg_snlwrfcs,Atmospheric,space1_time2,1,2,625,103,1795.714494371641
era5_cl,0.0031101309478652433,7,era5_cl,Atmospheric,space1_time2,1,2,625,103,1795.714494371641
era5_cvh,0.0026879956605510348,7,era5_cvh,Atmospheric,space1_time2,1,2,625,103,1795.714494371641
era5_cvl,0.002925575493014983,7,era5_cvl,Atmospheric,space1_time2,1,2,625,103,1795.714494371641
era5_deg0l,0.00021723750750394456,7,era5_deg0l,Atmospheric,space1_time2,1,2,625,103,1795.714494371641
era5_fal,0.005989177528412253,7,era5_fal,Atmospheric,space1_time2,1,2,625,103,1795.714494371641
era5_hcc,0.003292632771690512,7,era5_hcc,Atmospheric,space1_time2,1,2,625,103,1795.714494371641
era5_lai_hv,0.003207201415240584,7,era5_lai_hv,Atmospheric,space1_time2,1,2,625,103,1795.714494371641
era5_lai_lv,0.0023162373221481906,7,era5_lai_lv,Atmospheric,space1_time2,1,2,625,103,1795.714494371641
era5_lcc,0.004149991319243148,7,era5_lcc,Atmospheric,space1_time2,1,2,625,103,1795.714494371641
era5_lict,0.002930664942099568,7,era5_lict,Atmospheric,space1_time2,1,2,625,103,1795.714494371641
era5_lmlt,0.003110516610080754,7,era5_lmlt,Atmospheric,space1_time2,1,2,625,103,1795.714494371641
era5_lsm,0.005202820199361793,7,era5_lsm,Atmospheric,space1_time2,1,2,625,103,1795.714494371641
era5_mcc,0.0024528562747288952,7,era5_mcc,Atmospheric,space1_time2,1,2,625,103,1795.714494371641
era5_msl,0.003025033525620043,7,era5_msl,Atmospheric,space1_time2,1,2,625,103,1795.714494371641
era5_skt,0.0029830656667689725,7,era5_skt,Atmospheric,space1_time2,1,2,625,103,1795.714494371641
era5_slt_0.0,0.0004365533504749339,1,era5_slt_0.0,Atmospheric,space1_time2,1,2,625,103,1795.714494371641
era5_slt_1.0,0.0007982230554574503,1,era5_slt_1.0,Atmospheric,space1_time2,1,2,625,103,1795.714494371641
era5_slt_2.0,0.0005942744731043234,1,era5_slt_2.0,Atmospheric,space1_time2,1,2,625,103,1795.714494371641
era5_slt_3.0,0.0018330694177121308,1,era5_slt_3.0,Atmospheric,space1_time2,1,2,625,103,1795.714494371641
era5_slt_4.0,0.0015190613306312487,1,era5_slt_4.0,Atmospheric,space1_time2,1,2,625,103,1795.714494371641
era5_slt_5.0,0.000985709237628333,1,era5_slt_5.0,Atmospheric,space1_time2,1,2,625,103,1795.714494371641
era5_slt_6.0,0.0003361970749051357,1,era5_slt_6.0,Atmospheric,space1_time2,1,2,625,103,1795.714494371641
era5_sp,0.004307091760781133,7,era5_sp,Atmospheric,space1_time2,1,2,625,103,1795.714494371641
era5_stl1,0.007684491645178372,7,era5_stl1,Atmospheric,space1_time2,1,2,625,103,1795.714494371641
era5_swvl1,0.004730130356901268,7,era5_swvl1,Atmospheric,space1_time2,1,2,625,103,1795.714494371641
era5_t2m,0.0031232825900893157,7,era5_t2m,Atmospheric,space1_time2,1,2,625,103,1795.714494371641
era5_tco3,0.010054269671831602,7,era5_tco3,Atmospheric,space1_time2,1,2,625,103,1795.714494371641
era5_tcw,0.005002275306142068,7,era5_tcw,Atmospheric,space1_time2,1,2,625,103,1795.714494371641
era5_tcwv,0.00497838137745302,7,era5_tcwv,Atmospheric,space1_time2,1,2,625,103,1795.714494371641
era5_tsn,0.004490194839588112,7,era5_tsn,Atmospheric,space1_time2,1,2,625,103,1795.714494371641
era5_tvh_0.0,0.00172576670541295,1,era5_tvh_0.0,Atmospheric,space1_time2,1,2,625,103,1795.714494371641
era5_tvh_18.0,0.0012289851127189676,1,era5_tvh_18.0,Atmospheric,space1_time2,1,2,625,103,1795.714494371641
era5_tvh_19.0,0.0027156882548763743,1,era5_tvh_19.0,Atmospheric,space1_time2,1,2,625,103,1795.714494371641
era5_tvh_3.0,0.0016794261135418842,1,era5_tvh_3.0,Atmospheric,space1_time2,1,2,625,103,1795.714494371641
era5_tvh_4.0,0.00020585691044939158,1,era5_tvh_4.0,Atmospheric,space1_time2,1,2,625,103,1795.714494371641
era5_tvh_5.0,0.00024078559151761037,1,era5_tvh_5.0,Atmospheric,space1_time2,1,2,625,103,1795.714494371641
era5_tvh_6.0,0.006465762331100826,1,era5_tvh_6.0,Atmospheric,space1_time2,1,2,625,103,1795.714494371641
era5_tvl_0.0,0.0019103109325921538,1,era5_tvl_0.0,Atmospheric,space1_time2,1,2,625,103,1795.714494371641
era5_tvl_1.0,0.0053583004284499325,1,era5_tvl_1.0,Atmospheric,space1_time2,1,2,625,103,1795.714494371641
era5_tvl_11.0,0.0006161661687486351,1,era5_tvl_11.0,Atmospheric,space1_time2,1,2,625,103,1795.714494371641
era5_tvl_13.0,0.0007222356057661429,1,era5_tvl_13.0,Atmospheric,space1_time2,1,2,625,103,1795.714494371641
era5_tvl_16.0,0.002151513129309053,1,era5_tvl_16.0,Atmospheric,space1_time2,1,2,625,103,1795.714494371641
era5_tvl_17.0,0.0003824162744826148,1,era5_tvl_17.0,Atmospheric,space1_time2,1,2,625,103,1795.714494371641
era5_tvl_2.0,0.004117846775874072,1,era5_tvl_2.0,Atmospheric,space1_time2,1,2,625,103,1795.714494371641
era5_tvl_7.0,0.0019068838630102443,1,era5_tvl_7.0,Atmospheric,space1_time2,1,2,625,103,1795.714494371641
era5_tvl_9.0,0.0020176155357444474,1,era5_tvl_9.0,Atmospheric,space1_time2,1,2,625,103,1795.714494371641
hour,0.0103561782879469,7,hour,Time,space1_time2,1,2,625,103,1795.714494371641
latitude,0.011239957673867946,7,latitude,Space,space1_time2,1,2,625,103,1795.714494371641
local_time,0.002287586474674577,4,local_time,Time,space1_time2,1,2,625,103,1795.714494371641
longitude,0.006322077300798091,4,longitude,Space,space1_time2,1,2,625,103,1795.714494371641
era5_asn,0.0016559429911634066,7,era5_asn,Atmospheric,space1_time3,1,3,565,32,2551.4065200312925
era5_avg_sdlwrf,0.004709945835644132,7,era5_avg_sdlwrf,Atmospheric,space1_time3,1,3,565,32,2551.4065200312925
era5_avg_snlwrf,0.003298251931828743,7,era5_avg_snlwrf,Atmospheric,space1_time3,1,3,565,32,2551.4065200312925
era5_avg_snlwrfcs,0.004334471699789738,7,era5_avg_snlwrfcs,Atmospheric,space1_time3,1,3,565,32,2551.4065200312925
era5_cl,0.0029796585008733277,7,era5_cl,Atmospheric,space1_time3,1,3,565,32,2551.4065200312925
era5_cvh,0.0026653785590233575,7,era5_cvh,Atmospheric,space1_time3,1,3,565,32,2551.4065200312925
era5_cvl,0.0025132287283761486,7,era5_cvl,Atmospheric,space1_time3,1,3,565,32,2551.4065200312925
era5_deg0l,0.0040775323008920535,7,era5_deg0l,Atmospheric,space1_time3,1,3,565,32,2551.4065200312925
era5_fal,0.005534165238755975,7,era5_fal,Atmospheric,space1_time3,1,3,565,32,2551.4065200312925
era5_hcc,0.004735938914216084,7,era5_hcc,Atmospheric,space1_time3,1,3,565,32,2551.4065200312925
era5_lai_hv,0.0017566752315192019,7,era5_lai_hv,Atmospheric,space1_time3,1,3,565,32,2551.4065200312925
era5_lai_lv,0.0030689633111088883,7,era5_lai_lv,Atmospheric,space1_time3,1,3,565,32,2551.4065200312925
era5_lcc,0.0033468994783285556,7,era5_lcc,Atmospheric,space1_time3,1,3,565,32,2551.4065200312925
era5_lict,0.0037632072478352816,7,era5_lict,Atmospheric,space1_time3,1,3,565,32,2551.4065200312925
era5_lmlt,0.004588835541224171,7,era5_lmlt,Atmospheric,space1_time3,1,3,565,32,2551.4065200312925
era5_lsm,0.006276865904550895,7,era5_lsm,Atmospheric,space1_time3,1,3,565,32,2551.4065200312925
era5_mcc,0.0017530769481609297,7,era5_mcc,Atmospheric,space1_time3,1,3,565,32,2551.4065200312925
era5_msl,0.004404587039023116,7,era5_msl,Atmospheric,space1_time3,1,3,565,32,2551.4065200312925
era5_skt,0.004448011822078088,7,era5_skt,Atmospheric,space1_time3,1,3,565,32,2551.4065200312925
era5_slt_0.0,0.0024857827600705583,1,era5_slt_0.0,Atmospheric,space1_time3,1,3,565,32,2551.4065200312925
era5_slt_1.0,0.0006305729964364382,1,era5_slt_1.0,Atmospheric,space1_time3,1,3,565,32,2551.4065200312925
era5_slt_2.0,0.0038851500414477254,1,era5_slt_2.0,Atmospheric,space1_time3,1,3,565,32,2551.4065200312925
era5_slt_3.0,0.0027884224483062416,1,era5_slt_3.0,Atmospheric,space1_time3,1,3,565,32,2551.4065200312925
era5_slt_4.0,0.000649381919177672,1,era5_slt_4.0,Atmospheric,space1_time3,1,3,565,32,2551.4065200312925
era5_slt_5.0,0.000618991972144207,1,era5_slt_5.0,Atmospheric,space1_time3,1,3,565,32,2551.4065200312925
era5_slt_6.0,0.0006221895755289576,1,era5_slt_6.0,Atmospheric,space1_time3,1,3,565,32,2551.4065200312925
era5_sp,0.004328787618399893,7,era5_sp,Atmospheric,space1_time3,1,3,565,32,2551.4065200312925
era5_stl1,0.007456258283838448,7,era5_stl1,Atmospheric,space1_time3,1,3,565,32,2551.4065200312925
era5_swvl1,0.004195917897075221,7,era5_swvl1,Atmospheric,space1_time3,1,3,565,32,2551.4065200312925
era5_t2m,0.004394119279526794,7,era5_t2m,Atmospheric,space1_time3,1,3,565,32,2551.4065200312925
era5_tco3,0.006636904354989959,7,era5_tco3,Atmospheric,space1_time3,1,3,565,32,2551.4065200312925
era5_tcw,0.004790156137915601,7,era5_tcw,Atmospheric,space1_time3,1,3,565,32,2551.4065200312925
era5_tcwv,0.004801004274515113,7,era5_tcwv,Atmospheric,space1_time3,1,3,565,32,2551.4065200312925
era5_tsn,0.0035854353660203985,7,era5_tsn,Atmospheric,space1_time3,1,3,565,32,2551.4065200312925
era5_tvh_0.0,0.0022208008103687927,1,era5_tvh_0.0,Atmospheric,space1_time3,1,3,565,32,2551.4065200312925
era5_tvh_18.0,0.00022402016990780897,1,era5_tvh_18.0,Atmospheric,space1_time3,1,3,565,32,2551.4065200312925
era5_tvh_19.0,0.002503732200299104,1,era5_tvh_19.0,Atmospheric,space1_time3,1,3,565,32,2551.4065200312925
era5_tvh_3.0,0.0006566415873111458,1,era5_tvh_3.0,Atmospheric,space1_time3,1,3,565,32,2551.4065200312925
era5_tvh_4.0,0.0006702679805302437,1,era5_tvh_4.0,Atmospheric,space1_time3,1,3,565,32,2551.4065200312925
era5_tvh_5.0,5.911373638650772e-05,1,era5_tvh_5.0,Atmospheric,space1_time3,1,3,565,32,2551.4065200312925
era5_tvh_6.0,0.0013376111136264414,1,era5_tvh_6.0,Atmospheric,space1_time3,1,3,565,32,2551.4065200312925
era5_tvl_0.0,0.002863958519539155,1,era5_tvl_0.0,Atmospheric,space1_time3,1,3,565,32,2551.4065200312925
era5_tvl_1.0,0.0026635018207555004,1,era5_tvl_1.0,Atmospheric,space1_time3,1,3,565,32,2551.4065200312925
era5_tvl_11.0,0.001743559642758665,1,era5_tvl_11.0,Atmospheric,space1_time3,1,3,565,32,2551.4065200312925
era5_tvl_13.0,0.0002616490076626092,1,era5_tvl_13.0,Atmospheric,space1_time3,1,3,565,32,2551.4065200312925
era5_tvl_16.0,0.00016695565827966113,1,era5_tvl_16.0,Atmospheric,space1_time3,1,3,565,32,2551.4065200312925
era5_tvl_17.0,0.0009856312727190544,1,era5_tvl_17.0,Atmospheric,space1_time3,1,3,565,32,2551.4065200312925
era5_tvl_2.0,0.0018912909683006798,1,era5_tvl_2.0,Atmospheric,space1_time3,1,3,565,32,2551.4065200312925
era5_tvl_7.0,0.003291185795868217,1,era5_tvl_7.0,Atmospheric,space1_time3,1,3,565,32,2551.4065200312925
era5_tvl_9.0,0.0010262939983067463,1,era5_tvl_9.0,Atmospheric,space1_time3,1,3,565,32,2551.4065200312925
hour,0.005504532027061219,7,hour,Time,space1_time3,1,3,565,32,2551.4065200312925
latitude,0.009977984496221597,7,latitude,Space,space1_time3,1,3,565,32,2551.4065200312925
local_time,0.003669787005556403,4,local_time,Time,space1_time3,1,3,565,32,2551.4065200312925
longitude,0.004659682503468338,4,longitude,Space,space1_time3,1,3,565,32,2551.4065200312925
era5_asn,0.0029654895173916343,7,era5_asn,Atmospheric,space2_time0,2,0,638,17,1263.8482029342997
era5_avg_sdlwrf,0.0043819445154166005,7,era5_avg_sdlwrf,Atmospheric,space2_time0,2,0,638,17,1263.8482029342997
era5_avg_snlwrf,0.0014283422332106123,7,era5_avg_snlwrf,Atmospheric,space2_time0,2,0,638,17,1263.8482029342997
era5_avg_snlwrfcs,0.0030538810727489454,7,era5_avg_snlwrfcs,Atmospheric,space2_time0,2,0,638,17,1263.8482029342997
era5_cl,0.002879619051226061,7,era5_cl,Atmospheric,space2_time0,2,0,638,17,1263.8482029342997
era5_cvh,0.0014034121465979212,7,era5_cvh,Atmospheric,space2_time0,2,0,638,17,1263.8482029342997
era5_cvl,0.004663420530804656,7,era5_cvl,Atmospheric,space2_time0,2,0,638,17,1263.8482029342997
era5_deg0l,0.0022743855501078077,7,era5_deg0l,Atmospheric,space2_time0,2,0,638,17,1263.8482029342997
era5_fal,0.004498438101278924,7,era5_fal,Atmospheric,space2_time0,2,0,638,17,1263.8482029342997
era5_hcc,0.005157248022859835,7,era5_hcc,Atmospheric,space2_time0,2,0,638,17,1263.8482029342997
era5_lai_hv,0.00717128440223983,7,era5_lai_hv,Atmospheric,space2_time0,2,0,638,17,1263.8482029342997
era5_lai_lv,0.003967374321272132,7,era5_lai_lv,Atmospheric,space2_time0,2,0,638,17,1263.8482029342997
era5_lcc,0.0036766094873495973,7,era5_lcc,Atmospheric,space2_time0,2,0,638,17,1263.8482029342997
era5_lict,0.004448079791107205,7,era5_lict,Atmospheric,space2_time0,2,0,638,17,1263.8482029342997
era5_lmlt,0.0059453492579114526,7,era5_lmlt,Atmospheric,space2_time0,2,0,638,17,1263.8482029342997
era5_lsm,0.003894220186425155,7,era5_lsm,Atmospheric,space2_time0,2,0,638,17,1263.8482029342997
era5_mcc,0.003053055996465844,7,era5_mcc,Atmospheric,space2_time0,2,0,638,17,1263.8482029342997
era5_msl,0.004936449581663718,7,era5_msl,Atmospheric,space2_time0,2,0,638,17,1263.8482029342997
era5_skt,0.004162332474359537,7,era5_skt,Atmospheric,space2_time0,2,0,638,17,1263.8482029342997
era5_slt_0.0,0.000669629687660257,1,era5_slt_0.0,Atmospheric,space2_time0,2,0,638,17,1263.8482029342997
era5_slt_1.0,0.0015255110277655514,1,era5_slt_1.0,Atmospheric,space2_time0,2,0,638,17,1263.8482029342997
era5_slt_2.0,1.4607469211560913e-05,1,era5_slt_2.0,Atmospheric,space2_time0,2,0,638,17,1263.8482029342997
era5_slt_3.0,0.0013892820480440327,1,era5_slt_3.0,Atmospheric,space2_time0,2,0,638,17,1263.8482029342997
era5_slt_4.0,0.0014199242154975087,1,era5_slt_4.0,Atmospheric,space2_time0,2,0,638,17,1263.8482029342997
era5_slt_5.0,0.0015112190765673222,1,era5_slt_5.0,Atmospheric,space2_time0,2,0,638,17,1263.8482029342997
era5_slt_6.0,0.0015352382983517994,1,era5_slt_6.0,Atmospheric,space2_time0,2,0,638,17,1263.8482029342997
era5_slt_7.0,0.0025238135735637605,1,era5_slt_7.0,Atmospheric,space2_time0,2,0,638,17,1263.8482029342997
era5_sp,0.00666168291748619,7,era5_sp,Atmospheric,space2_time0,2,0,638,17,1263.8482029342997
era5_stl1,0.005890714598616451,7,era5_stl1,Atmospheric,space2_time0,2,0,638,17,1263.8482029342997
era5_swvl1,0.005779624752050484,7,era5_swvl1,Atmospheric,space2_time0,2,0,638,17,1263.8482029342997
era5_t2m,0.005059487638378704,7,era5_t2m,Atmospheric,space2_time0,2,0,638,17,1263.8482029342997
era5_tco3,0.004875150070878909,7,era5_tco3,Atmospheric,space2_time0,2,0,638,17,1263.8482029342997
era5_tcw,0.005524632385305341,7,era5_tcw,Atmospheric,space2_time0,2,0,638,17,1263.8482029342997
era5_tcwv,0.0057615137835480635,7,era5_tcwv,Atmospheric,space2_time0,2,0,638,17,1263.8482029342997
era5_tsn,0.0026009255500432124,7,era5_tsn,Atmospheric,space2_time0,2,0,638,17,1263.8482029342997
era5_tvh_0.0,0.0006140106941170133,1,era5_tvh_0.0,Atmospheric,space2_time0,2,0,638,17,1263.8482029342997
era5_tvh_18.0,0.000686770465975718,1,era5_tvh_18.0,Atmospheric,space2_time0,2,0,638,17,1263.8482029342997
era5_tvh_19.0,0.00046522015374468877,1,era5_tvh_19.0,Atmospheric,space2_time0,2,0,638,17,1263.8482029342997
era5_tvh_3.0,0.0018248429501718393,1,era5_tvh_3.0,Atmospheric,space2_time0,2,0,638,17,1263.8482029342997
era5_tvh_4.0,0.0008444940430562269,1,era5_tvh_4.0,Atmospheric,space2_time0,2,0,638,17,1263.8482029342997
era5_tvh_5.0,0.0018301033015002814,1,era5_tvh_5.0,Atmospheric,space2_time0,2,0,638,17,1263.8482029342997
era5_tvh_6.0,0.002030273264438818,1,era5_tvh_6.0,Atmospheric,space2_time0,2,0,638,17,1263.8482029342997
era5_tvl_0.0,0.0003478290857226855,1,era5_tvl_0.0,Atmospheric,space2_time0,2,0,638,17,1263.8482029342997
era5_tvl_1.0,0.002370416129282796,1,era5_tvl_1.0,Atmospheric,space2_time0,2,0,638,17,1263.8482029342997
era5_tvl_11.0,0.003708508183193832,1,era5_tvl_11.0,Atmospheric,space2_time0,2,0,638,17,1263.8482029342997
era5_tvl_13.0,0.0017808205114417748,1,era5_tvl_13.0,Atmospheric,space2_time0,2,0,638,17,1263.8482029342997
era5_tvl_16.0,0.0020097791898166283,1,era5_tvl_16.0,Atmospheric,space2_time0,2,0,638,17,1263.8482029342997
era5_tvl_17.0,0.0033664884463244812,1,era5_tvl_17.0,Atmospheric,space2_time0,2,0,638,17,1263.8482029342997
era5_tvl_2.0,0.002486096067310897,1,era5_tvl_2.0,Atmospheric,space2_time0,2,0,638,17,1263.8482029342997
era5_tvl_9.0,0.000207138099019993,1,era5_tvl_9.0,Atmospheric,space2_time0,2,0,638,17,1263.8482029342997
hour,0.008894142411209676,7,hour,Time,space2_time0,2,0,638,17,1263.8482029342997
latitude,0.011732004879684925,7,latitude,Space,space2_time0,2,0,638,17,1263.8482029342997
local_time,0.003923164840177774,4,local_time,Time,space2_time0,2,0,638,17,1263.8482029342997
longitude,0.005165744183723349,4,longitude,Space,space2_time0,2,0,638,17,1263.8482029342997
era5_asn,0.00382948237237956,7,era5_asn,Atmospheric,space2_time1,2,1,681,21,440.6236427773573
era5_avg_sdlwrf,0.013482160677182739,7,era5_avg_sdlwrf,Atmospheric,space2_time1,2,1,681,21,440.6236427773573
era5_avg_snlwrf,0.004765474450477439,7,era5_avg_snlwrf,Atmospheric,space2_time1,2,1,681,21,440.6236427773573
era5_avg_snlwrfcs,0.006593546055680464,7,era5_avg_snlwrfcs,Atmospheric,space2_time1,2,1,681,21,440.6236427773573
era5_cl,0.0041769365402941315,7,era5_cl,Atmospheric,space2_time1,2,1,681,21,440.6236427773573
era5_cvh,0.00619316302855341,7,era5_cvh,Atmospheric,space2_time1,2,1,681,21,440.6236427773573
era5_cvl,0.0069361169997837775,7,era5_cvl,Atmospheric,space2_time1,2,1,681,21,440.6236427773573
era5_deg0l,0.006431868829177181,7,era5_deg0l,Atmospheric,space2_time1,2,1,681,21,440.6236427773573
era5_fal,0.00843692554479615,7,era5_fal,Atmospheric,space2_time1,2,1,681,21,440.6236427773573
era5_hcc,0.007313773455229797,7,era5_hcc,Atmospheric,space2_time1,2,1,681,21,440.6236427773573
era5_lai_hv,0.009445476922433728,7,era5_lai_hv,Atmospheric,space2_time1,2,1,681,21,440.6236427773573
era5_lai_lv,0.005145162001106756,7,era5_lai_lv,Atmospheric,space2_time1,2,1,681,21,440.6236427773573
era5_lcc,0.0064316401675366805,7,era5_lcc,Atmospheric,space2_time1,2,1,681,21,440.6236427773573
era5_lict,0.010484327201846914,7,era5_lict,Atmospheric,space2_time1,2,1,681,21,440.6236427773573
era5_lmlt,0.01043426352901035,7,era5_lmlt,Atmospheric,space2_time1,2,1,681,21,440.6236427773573
era5_lsm,0.006700266591323377,7,era5_lsm,Atmospheric,space2_time1,2,1,681,21,440.6236427773573
era5_mcc,0.010158246096336355,7,era5_mcc,Atmospheric,space2_time1,2,1,681,21,440.6236427773573
era5_msl,0.0073933000891080874,7,era5_msl,Atmospheric,space2_time1,2,1,681,21,440.6236427773573
era5_skt,0.007941119156131013,7,era5_skt,Atmospheric,space2_time1,2,1,681,21,440.6236427773573
era5_slt_0.0,0.003088726156322028,1,era5_slt_0.0,Atmospheric,space2_time1,2,1,681,21,440.6236427773573
era5_slt_1.0,0.00023907984809930314,1,era5_slt_1.0,Atmospheric,space2_time1,2,1,681,21,440.6236427773573
era5_slt_2.0,0.00013892591853044596,1,era5_slt_2.0,Atmospheric,space2_time1,2,1,681,21,440.6236427773573
era5_slt_3.0,0.0009002936270570004,1,era5_slt_3.0,Atmospheric,space2_time1,2,1,681,21,440.6236427773573
era5_slt_4.0,0.0015350108896174204,1,era5_slt_4.0,Atmospheric,space2_time1,2,1,681,21,440.6236427773573
era5_slt_5.0,0.0021316418855472437,1,era5_slt_5.0,Atmospheric,space2_time1,2,1,681,21,440.6236427773573
era5_slt_6.0,0.0014252533608218928,1,era5_slt_6.0,Atmospheric,space2_time1,2,1,681,21,440.6236427773573
era5_slt_7.0,0.00398543835279144,1,era5_slt_7.0,Atmospheric,space2_time1,2,1,681,21,440.6236427773573
era5_sp,0.012715005444578587,7,era5_sp,Atmospheric,space2_time1,2,1,681,21,440.6236427773573
era5_stl1,0.012272421736797311,7,era5_stl1,Atmospheric,space2_time1,2,1,681,21,440.6236427773573
era5_swvl1,0.011253390697574367,7,era5_swvl1,Atmospheric,space2_time1,2,1,681,21,440.6236427773573
era5_t2m,0.008324199940152594,7,era5_t2m,Atmospheric,space2_time1,2,1,681,21,440.6236427773573
era5_tco3,0.016650322253733477,7,era5_tco3,Atmospheric,space2_time1,2,1,681,21,440.6236427773573
era5_tcw,0.004039311015829586,7,era5_tcw,Atmospheric,space2_time1,2,1,681,21,440.6236427773573
era5_tcwv,0.004318911407566425,7,era5_tcwv,Atmospheric,space2_time1,2,1,681,21,440.6236427773573
era5_tsn,0.004285036384487159,7,era5_tsn,Atmospheric,space2_time1,2,1,681,21,440.6236427773573
era5_tvh_0.0,0.0007521689381030754,1,era5_tvh_0.0,Atmospheric,space2_time1,2,1,681,21,440.6236427773573
era5_tvh_18.0,0.0031621044685731887,1,era5_tvh_18.0,Atmospheric,space2_time1,2,1,681,21,440.6236427773573
era5_tvh_19.0,0.000432893950572129,1,era5_tvh_19.0,Atmospheric,space2_time1,2,1,681,21,440.6236427773573
era5_tvh_3.0,0.0034439544992636143,1,era5_tvh_3.0,Atmospheric,space2_time1,2,1,681,21,440.6236427773573
era5_tvh_4.0,0.002545233212900973,1,era5_tvh_4.0,Atmospheric,space2_time1,2,1,681,21,440.6236427773573
era5_tvh_5.0,0.0015483338893138906,1,era5_tvh_5.0,Atmospheric,space2_time1,2,1,681,21,440.6236427773573
era5_tvh_6.0,0.0037108196641486677,1,era5_tvh_6.0,Atmospheric,space2_time1,2,1,681,21,440.6236427773573
era5_tvl_0.0,9.875791741762677e-05,1,era5_tvl_0.0,Atmospheric,space2_time1,2,1,681,21,440.6236427773573
era5_tvl_1.0,0.004387266866325227,1,era5_tvl_1.0,Atmospheric,space2_time1,2,1,681,21,440.6236427773573
era5_tvl_10.0,0.0009281371368545354,1,era5_tvl_10.0,Atmospheric,space2_time1,2,1,681,21,440.6236427773573
era5_tvl_11.0,0.005098962218685949,1,era5_tvl_11.0,Atmospheric,space2_time1,2,1,681,21,440.6236427773573
era5_tvl_13.0,0.0016188934813901627,1,era5_tvl_13.0,Atmospheric,space2_time1,2,1,681,21,440.6236427773573
era5_tvl_16.0,0.0005090821296753817,1,era5_tvl_16.0,Atmospheric,space2_time1,2,1,681,21,440.6236427773573
era5_tvl_17.0,0.0012321545683754735,1,era5_tvl_17.0,Atmospheric,space2_time1,2,1,681,21,440.6236427773573
era5_tvl_2.0,0.0056640222606542286,1,era5_tvl_2.0,Atmospheric,space2_time1,2,1,681,21,440.6236427773573
era5_tvl_9.0,0.0015031363412326684,1,era5_tvl_9.0,Atmospheric,space2_time1,2,1,681,21,440.6236427773573
hour,0.021976378269663175,7,hour,Time,space2_time1,2,1,681,21,440.6236427773573
latitude,0.02185826905686223,7,latitude,Space,space2_time1,2,1,681,21,440.6236427773573
local_time,0.004641549105588969,4,local_time,Time,space2_time1,2,1,681,21,440.6236427773573
longitude,0.01129991498080458,4,longitude,Space,space2_time1,2,1,681,21,440.6236427773573
era5_asn,0.004715423189883763,7,era5_asn,Atmospheric,space2_time2,2,2,772,46,626.0516572014828
era5_avg_sdlwrf,0.006783558217106811,7,era5_avg_sdlwrf,Atmospheric,space2_time2,2,2,772,46,626.0516572014828
era5_avg_snlwrf,0.0022394481706191735,7,era5_avg_snlwrf,Atmospheric,space2_time2,2,2,772,46,626.0516572014828
era5_avg_snlwrfcs,0.004588924423462918,7,era5_avg_snlwrfcs,Atmospheric,space2_time2,2,2,772,46,626.0516572014828
era5_cl,0.002850607521875502,7,era5_cl,Atmospheric,space2_time2,2,2,772,46,626.0516572014828
era5_cvh,0.0025075794735073043,7,era5_cvh,Atmospheric,space2_time2,2,2,772,46,626.0516572014828
era5_cvl,0.0021653627055453623,7,era5_cvl,Atmospheric,space2_time2,2,2,772,46,626.0516572014828
era5_deg0l,0.003705189538775591,7,era5_deg0l,Atmospheric,space2_time2,2,2,772,46,626.0516572014828
era5_fal,0.008437540675014349,7,era5_fal,Atmospheric,space2_time2,2,2,772,46,626.0516572014828
era5_hcc,0.0065862237672290515,7,era5_hcc,Atmospheric,space2_time2,2,2,772,46,626.0516572014828
era5_lai_hv,0.006028243828192053,7,era5_lai_hv,Atmospheric,space2_time2,2,2,772,46,626.0516572014828
era5_lai_lv,0.004004931865746077,7,era5_lai_lv,Atmospheric,space2_time2,2,2,772,46,626.0516572014828
era5_lcc,0.0074540785079577985,7,era5_lcc,Atmospheric,space2_time2,2,2,772,46,626.0516572014828
era5_lict,0.006580570932898394,7,era5_lict,Atmospheric,space2_time2,2,2,772,46,626.0516572014828
era5_lmlt,0.005850034435501088,7,era5_lmlt,Atmospheric,space2_time2,2,2,772,46,626.0516572014828
era5_lsm,0.006571398886155224,7,era5_lsm,Atmospheric,space2_time2,2,2,772,46,626.0516572014828
era5_mcc,0.003285731585532392,7,era5_mcc,Atmospheric,space2_time2,2,2,772,46,626.0516572014828
era5_msl,0.006420612853455319,7,era5_msl,Atmospheric,space2_time2,2,2,772,46,626.0516572014828
era5_skt,0.006151622296633289,7,era5_skt,Atmospheric,space2_time2,2,2,772,46,626.0516572014828
era5_slt_0.0,0.0027716245380432275,1,era5_slt_0.0,Atmospheric,space2_time2,2,2,772,46,626.0516572014828
era5_slt_1.0,1.1212687086694859e-05,1,era5_slt_1.0,Atmospheric,space2_time2,2,2,772,46,626.0516572014828
era5_slt_2.0,0.0023894520084436644,1,era5_slt_2.0,Atmospheric,space2_time2,2,2,772,46,626.0516572014828
era5_slt_3.0,0.005068873700494213,1,era5_slt_3.0,Atmospheric,space2_time2,2,2,772,46,626.0516572014828
era5_slt_4.0,0.0010181215746478992,1,era5_slt_4.0,Atmospheric,space2_time2,2,2,772,46,626.0516572014828
era5_slt_5.0,0.0019101356000413847,1,era5_slt_5.0,Atmospheric,space2_time2,2,2,772,46,626.0516572014828
era5_slt_6.0,0.002153842333064626,1,era5_slt_6.0,Atmospheric,space2_time2,2,2,772,46,626.0516572014828
era5_slt_7.0,0.0011460995892220319,1,era5_slt_7.0,Atmospheric,space2_time2,2,2,772,46,626.0516572014828
era5_sp,0.008768332272795732,7,era5_sp,Atmospheric,space2_time2,2,2,772,46,626.0516572014828
era5_stl1,0.010959630788126609,7,era5_stl1,Atmospheric,space2_time2,2,2,772,46,626.0516572014828
era5_swvl1,0.005756606298644307,7,era5_swvl1,Atmospheric,space2_time2,2,2,772,46,626.0516572014828
era5_t2m,0.005747784534609503,7,era5_t2m,Atmospheric,space2_time2,2,2,772,46,626.0516572014828
era5_tco3,0.010371261025286859,7,era5_tco3,Atmospheric,space2_time2,2,2,772,46,626.0516572014828
era5_tcw,0.005149854032041277,7,era5_tcw,Atmospheric,space2_time2,2,2,772,46,626.0516572014828
era5_tcwv,0.005034994099481525,7,era5_tcwv,Atmospheric,space2_time2,2,2,772,46,626.0516572014828
era5_tsn,0.004249647749890017,7,era5_tsn,Atmospheric,space2_time2,2,2,772,46,626.0516572014828
era5_tvh_0.0,0.0009105384499407928,1,era5_tvh_0.0,Atmospheric,space2_time2,2,2,772,46,626.0516572014828
era5_tvh_18.0,0.002917109070764197,1,era5_tvh_18.0,Atmospheric,space2_time2,2,2,772,46,626.0516572014828
era5_tvh_19.0,0.0008066660480779359,1,era5_tvh_19.0,Atmospheric,space2_time2,2,2,772,46,626.0516572014828
era5_tvh_3.0,0.0033194435132650373,1,era5_tvh_3.0,Atmospheric,space2_time2,2,2,772,46,626.0516572014828
era5_tvh_4.0,0.002664335077518099,1,era5_tvh_4.0,Atmospheric,space2_time2,2,2,772,46,626.0516572014828
era5_tvh_5.0,0.0009351648768252769,1,era5_tvh_5.0,Atmospheric,space2_time2,2,2,772,46,626.0516572014828
era5_tvl_0.0,0.0011797994819121912,1,era5_tvl_0.0,Atmospheric,space2_time2,2,2,772,46,626.0516572014828
era5_tvl_1.0,0.0031441779273480496,1,era5_tvl_1.0,Atmospheric,space2_time2,2,2,772,46,626.0516572014828
era5_tvl_10.0,8.080484845656002e-05,1,era5_tvl_10.0,Atmospheric,space2_time2,2,2,772,46,626.0516572014828
era5_tvl_11.0,0.0026141015518352908,1,era5_tvl_11.0,Atmospheric,space2_time2,2,2,772,46,626.0516572014828
era5_tvl_13.0,0.0017815088149217618,1,era5_tvl_13.0,Atmospheric,space2_time2,2,2,772,46,626.0516572014828
era5_tvl_16.0,0.000882716242009471,1,era5_tvl_16.0,Atmospheric,space2_time2,2,2,772,46,626.0516572014828
era5_tvl_17.0,0.003151243740855981,1,era5_tvl_17.0,Atmospheric,space2_time2,2,2,772,46,626.0516572014828
era5_tvl_2.0,0.002754249393313635,1,era5_tvl_2.0,Atmospheric,space2_time2,2,2,772,46,626.0516572014828
era5_tvl_9.0,0.0023401234423790556,1,era5_tvl_9.0,Atmospheric,space2_time2,2,2,772,46,626.0516572014828
hour,0.01865327048330379,7,hour,Time,space2_time2,2,2,772,46,626.0516572014828
latitude,0.02283235075603484,7,latitude,Space,space2_time2,2,2,772,46,626.0516572014828
local_time,0.004997418526579377,4,local_time,Time,space2_time2,2,2,772,46,626.0516572014828
longitude,0.008325761437990967,4,longitude,Space,space2_time2,2,2,772,46,626.0516572014828
era5_asn,0.004906350728400137,7,era5_asn,Atmospheric,space2_time3,2,3,750,13,440.6236427773573
era5_avg_sdlwrf,0.010159092196674734,7,era5_avg_sdlwrf,Atmospheric,space2_time3,2,3,750,13,440.6236427773573
era5_avg_snlwrf,0.007097765001131394,7,era5_avg_snlwrf,Atmospheric,space2_time3,2,3,750,13,440.6236427773573
era5_avg_snlwrfcs,0.003516407177591024,7,era5_avg_snlwrfcs,Atmospheric,space2_time3,2,3,750,13,440.6236427773573
era5_cl,0.002716363229672282,7,era5_cl,Atmospheric,space2_time3,2,3,750,13,440.6236427773573
era5_cvh,0.0061156451942805745,7,era5_cvh,Atmospheric,space2_time3,2,3,750,13,440.6236427773573
era5_cvl,0.004255041536791132,7,era5_cvl,Atmospheric,space2_time3,2,3,750,13,440.6236427773573
era5_deg0l,0.0036303514008028644,7,era5_deg0l,Atmospheric,space2_time3,2,3,750,13,440.6236427773573
era5_fal,0.012153379902657906,7,era5_fal,Atmospheric,space2_time3,2,3,750,13,440.6236427773573
era5_hcc,0.011669135408884904,7,era5_hcc,Atmospheric,space2_time3,2,3,750,13,440.6236427773573
era5_lai_hv,0.01338826313165644,7,era5_lai_hv,Atmospheric,space2_time3,2,3,750,13,440.6236427773573
era5_lai_lv,0.005693433947645686,7,era5_lai_lv,Atmospheric,space2_time3,2,3,750,13,440.6236427773573
era5_lcc,0.004954215770986638,7,era5_lcc,Atmospheric,space2_time3,2,3,750,13,440.6236427773573
era5_lict,0.009207665219168363,7,era5_lict,Atmospheric,space2_time3,2,3,750,13,440.6236427773573
era5_lmlt,0.010663108968670662,7,era5_lmlt,Atmospheric,space2_time3,2,3,750,13,440.6236427773573
era5_lsm,0.0055786364951826975,7,era5_lsm,Atmospheric,space2_time3,2,3,750,13,440.6236427773573
era5_mcc,0.007909661377360416,7,era5_mcc,Atmospheric,space2_time3,2,3,750,13,440.6236427773573
era5_msl,0.009524765593076842,7,era5_msl,Atmospheric,space2_time3,2,3,750,13,440.6236427773573
era5_skt,0.00756217301100312,7,era5_skt,Atmospheric,space2_time3,2,3,750,13,440.6236427773573
era5_slt_0.0,0.0030651593367587715,1,era5_slt_0.0,Atmospheric,space2_time3,2,3,750,13,440.6236427773573
era5_slt_1.0,0.0002615392377631515,1,era5_slt_1.0,Atmospheric,space2_time3,2,3,750,13,440.6236427773573
era5_slt_2.0,0.0007123573396243237,1,era5_slt_2.0,Atmospheric,space2_time3,2,3,750,13,440.6236427773573
era5_slt_3.0,8.01762176242583e-05,1,era5_slt_3.0,Atmospheric,space2_time3,2,3,750,13,440.6236427773573
era5_slt_4.0,0.0033656336410019163,1,era5_slt_4.0,Atmospheric,space2_time3,2,3,750,13,440.6236427773573
era5_slt_5.0,0.0023287694761403304,1,era5_slt_5.0,Atmospheric,space2_time3,2,3,750,13,440.6236427773573
era5_slt_6.0,0.00018887168191617518,1,era5_slt_6.0,Atmospheric,space2_time3,2,3,750,13,440.6236427773573
era5_slt_7.0,0.0029410086828663153,1,era5_slt_7.0,Atmospheric,space2_time3,2,3,750,13,440.6236427773573
era5_sp,0.012877679598895738,7,era5_sp,Atmospheric,space2_time3,2,3,750,13,440.6236427773573
era5_stl1,0.01313646489783669,7,era5_stl1,Atmospheric,space2_time3,2,3,750,13,440.6236427773573
era5_swvl1,0.008268339673971774,7,era5_swvl1,Atmospheric,space2_time3,2,3,750,13,440.6236427773573
era5_t2m,0.00705795961937313,7,era5_t2m,Atmospheric,space2_time3,2,3,750,13,440.6236427773573
era5_tco3,0.013767944093445169,7,era5_tco3,Atmospheric,space2_time3,2,3,750,13,440.6236427773573
era5_tcw,0.005612150339595832,7,era5_tcw,Atmospheric,space2_time3,2,3,750,13,440.6236427773573
era5_tcwv,0.005802758159308194,7,era5_tcwv,Atmospheric,space2_time3,2,3,750,13,440.6236427773573
era5_tsn,0.004306512629006319,7,era5_tsn,Atmospheric,space2_time3,2,3,750,13,440.6236427773573
era5_tvh_0.0,0.0011112908885138016,1,era5_tvh_0.0,Atmospheric,space2_time3,2,3,750,13,440.6236427773573
era5_tvh_18.0,0.0015665743420012691,1,era5_tvh_18.0,Atmospheric,space2_time3,2,3,750,13,440.6236427773573
era5_tvh_19.0,0.00046601251757885827,1,era5_tvh_19.0,Atmospheric,space2_time3,2,3,750,13,440.6236427773573
era5_tvh_3.0,0.003756396060132957,1,era5_tvh_3.0,Atmospheric,space2_time3,2,3,750,13,440.6236427773573
era5_tvh_4.0,0.0005306028732125949,1,era5_tvh_4.0,Atmospheric,space2_time3,2,3,750,13,440.6236427773573
era5_tvh_5.0,0.0008124536190907829,1,era5_tvh_5.0,Atmospheric,space2_time3,2,3,750,13,440.6236427773573
era5_tvh_6.0,0.0030845309442062963,1,era5_tvh_6.0,Atmospheric,space2_time3,2,3,750,13,440.6236427773573
era5_tvl_0.0,0.0020560102748240477,1,era5_tvl_0.0,Atmospheric,space2_time3,2,3,750,13,440.6236427773573
era5_tvl_1.0,0.005411202036358891,1,era5_tvl_1.0,Atmospheric,space2_time3,2,3,750,13,440.6236427773573
era5_tvl_10.0,0.0002001767480002033,1,era5_tvl_10.0,Atmospheric,space2_time3,2,3,750,13,440.6236427773573
era5_tvl_11.0,0.002982886271245539,1,era5_tvl_11.0,Atmospheric,space2_time3,2,3,750,13,440.6236427773573
era5_tvl_13.0,0.0009412586098783565,1,era5_tvl_13.0,Atmospheric,space2_time3,2,3,750,13,440.6236427773573
era5_tvl_16.0,0.002103328302936192,1,era5_tvl_16.0,Atmospheric,space2_time3,2,3,750,13,440.6236427773573
era5_tvl_17.0,0.0040600713890143894,1,era5_tvl_17.0,Atmospheric,space2_time3,2,3,750,13,440.6236427773573
era5_tvl_2.0,0.005075423445234251,1,era5_tvl_2.0,Atmospheric,space2_time3,2,3,750,13,440.6236427773573
era5_tvl_9.0,0.001227116217348102,1,era5_tvl_9.0,Atmospheric,space2_time3,2,3,750,13,440.6236427773573
hour,0.02315764206399178,7,hour,Time,space2_time3,2,3,750,13,440.6236427773573
latitude,0.02685939859102262,7,latitude,Space,space2_time3,2,3,750,13,440.6236427773573
local_time,0.0074289662043626175,4,local_time,Time,space2_time3,2,3,750,13,440.6236427773573
longitude,0.012185734897006922,4,longitude,Space,space2_time3,2,3,750,13,440.6236427773573
era5_asn,0.0033031183026618733,7,era5_asn,Atmospheric,space3_time0,3,0,629,140,2551.4065200312925
era5_avg_sdlwrf,0.0032085004686735093,7,era5_avg_sdlwrf,Atmospheric,space3_time0,3,0,629,140,2551.4065200312925
era5_avg_snlwrf,0.001475601949860613,7,era5_avg_snlwrf,Atmospheric,space3_time0,3,0,629,140,2551.4065200312925
era5_avg_snlwrfcs,0.003249308779800295,7,era5_avg_snlwrfcs,Atmospheric,space3_time0,3,0,629,140,2551.4065200312925
era5_cl,0.002655059536937763,7,era5_cl,Atmospheric,space3_time0,3,0,629,140,2551.4065200312925
era5_cvh,0.0008792734844070587,7,era5_cvh,Atmospheric,space3_time0,3,0,629,140,2551.4065200312925
era5_cvl,0.0023188350998583833,7,era5_cvl,Atmospheric,space3_time0,3,0,629,140,2551.4065200312925
era5_deg0l,0.0032042784404434496,7,era5_deg0l,Atmospheric,space3_time0,3,0,629,140,2551.4065200312925
era5_fal,0.0025830507808364783,7,era5_fal,Atmospheric,space3_time0,3,0,629,140,2551.4065200312925
era5_hcc,0.0026174070411155133,7,era5_hcc,Atmospheric,space3_time0,3,0,629,140,2551.4065200312925
era5_lai_hv,0.0037833991569540797,7,era5_lai_hv,Atmospheric,space3_time0,3,0,629,140,2551.4065200312925
era5_lai_lv,0.0029876948781764547,7,era5_lai_lv,Atmospheric,space3_time0,3,0,629,140,2551.4065200312925
era5_lcc,0.0046461648340549565,7,era5_lcc,Atmospheric,space3_time0,3,0,629,140,2551.4065200312925
era5_lict,0.0037921752802173667,7,era5_lict,Atmospheric,space3_time0,3,0,629,140,2551.4065200312925
era5_lmlt,0.0055971903618132505,7,era5_lmlt,Atmospheric,space3_time0,3,0,629,140,2551.4065200312925
era5_lsm,0.003833290945956904,7,era5_lsm,Atmospheric,space3_time0,3,0,629,140,2551.4065200312925
era5_mcc,0.0028108664505549397,7,era5_mcc,Atmospheric,space3_time0,3,0,629,140,2551.4065200312925
era5_msl,0.003735100180850104,7,era5_msl,Atmospheric,space3_time0,3,0,629,140,2551.4065200312925
era5_skt,0.0037975670124589214,7,era5_skt,Atmospheric,space3_time0,3,0,629,140,2551.4065200312925
era5_slt_0.0,0.0015325353110876465,1,era5_slt_0.0,Atmospheric,space3_time0,3,0,629,140,2551.4065200312925
era5_slt_1.0,0.0015122633048024678,1,era5_slt_1.0,Atmospheric,space3_time0,3,0,629,140,2551.4065200312925
era5_slt_2.0,0.0006904347715379855,1,era5_slt_2.0,Atmospheric,space3_time0,3,0,629,140,2551.4065200312925
era5_slt_3.0,0.0012728291045502834,1,era5_slt_3.0,Atmospheric,space3_time0,3,0,629,140,2551.4065200312925
era5_slt_4.0,0.001135792318017812,1,era5_slt_4.0,Atmospheric,space3_time0,3,0,629,140,2551.4065200312925
era5_slt_5.0,0.0007385899698618712,1,era5_slt_5.0,Atmospheric,space3_time0,3,0,629,140,2551.4065200312925
era5_slt_6.0,0.0010778783168464221,1,era5_slt_6.0,Atmospheric,space3_time0,3,0,629,140,2551.4065200312925
era5_slt_7.0,0.0015857744128554457,1,era5_slt_7.0,Atmospheric,space3_time0,3,0,629,140,2551.4065200312925
era5_sp,0.0031796938106948107,7,era5_sp,Atmospheric,space3_time0,3,0,629,140,2551.4065200312925
era5_stl1,0.004432268296180937,7,era5_stl1,Atmospheric,space3_time0,3,0,629,140,2551.4065200312925
era5_swvl1,0.004976375575265189,7,era5_swvl1,Atmospheric,space3_time0,3,0,629,140,2551.4065200312925
era5_t2m,0.003767662071172571,7,era5_t2m,Atmospheric,space3_time0,3,0,629,140,2551.4065200312925
era5_tco3,0.0022870181885265945,7,era5_tco3,Atmospheric,space3_time0,3,0,629,140,2551.4065200312925
era5_tcw,0.0031332158388124166,7,era5_tcw,Atmospheric,space3_time0,3,0,629,140,2551.4065200312925
era5_tcwv,0.003219455095200367,7,era5_tcwv,Atmospheric,space3_time0,3,0,629,140,2551.4065200312925
era5_tsn,0.004322198086136241,7,era5_tsn,Atmospheric,space3_time0,3,0,629,140,2551.4065200312925
era5_tvh_0.0,9.320820917668227e-05,1,era5_tvh_0.0,Atmospheric,space3_time0,3,0,629,140,2551.4065200312925
era5_tvh_18.0,0.0012011062245186421,1,era5_tvh_18.0,Atmospheric,space3_time0,3,0,629,140,2551.4065200312925
era5_tvh_19.0,0.00018378477361139672,1,era5_tvh_19.0,Atmospheric,space3_time0,3,0,629,140,2551.4065200312925
era5_tvh_3.0,0.0007053580590675208,1,era5_tvh_3.0,Atmospheric,space3_time0,3,0,629,140,2551.4065200312925
era5_tvh_4.0,0.0005211789703951117,1,era5_tvh_4.0,Atmospheric,space3_time0,3,0,629,140,2551.4065200312925
era5_tvh_5.0,0.00218696084889919,1,era5_tvh_5.0,Atmospheric,space3_time0,3,0,629,140,2551.4065200312925
era5_tvh_6.0,0.003937095764778764,1,era5_tvh_6.0,Atmospheric,space3_time0,3,0,629,140,2551.4065200312925
era5_tvl_0.0,0.0007768655947463748,1,era5_tvl_0.0,Atmospheric,space3_time0,3,0,629,140,2551.4065200312925
era5_tvl_1.0,0.0020740789738981752,1,era5_tvl_1.0,Atmospheric,space3_time0,3,0,629,140,2551.4065200312925
era5_tvl_11.0,0.0028591366491418817,1,era5_tvl_11.0,Atmospheric,space3_time0,3,0,629,140,2551.4065200312925
era5_tvl_13.0,0.00204204952784123,1,era5_tvl_13.0,Atmospheric,space3_time0,3,0,629,140,2551.4065200312925
era5_tvl_16.0,0.0008374862276431382,1,era5_tvl_16.0,Atmospheric,space3_time0,3,0,629,140,2551.4065200312925
era5_tvl_17.0,0.002459332912077853,1,era5_tvl_17.0,Atmospheric,space3_time0,3,0,629,140,2551.4065200312925
era5_tvl_2.0,0.0018926628708421166,1,era5_tvl_2.0,Atmospheric,space3_time0,3,0,629,140,2551.4065200312925
era5_tvl_7.0,0.0020136500089506237,1,era5_tvl_7.0,Atmospheric,space3_time0,3,0,629,140,2551.4065200312925
era5_tvl_9.0,6.068647159003911e-05,1,era5_tvl_9.0,Atmospheric,space3_time0,3,0,629,140,2551.4065200312925
hour,0.004619096020656161,7,hour,Time,space3_time0,3,0,629,140,2551.4065200312925
latitude,0.008225003980151432,7,latitude,Space,space3_time0,3,0,629,140,2551.4065200312925
local_time,0.0030349476210118987,4,local_time,Time,space3_time0,3,0,629,140,2551.4065200312925
longitude,0.002484335057193955,4,longitude,Space,space3_time0,3,0,629,140,2551.4065200312925
era5_asn,0.00134381599783854,7,era5_asn,Atmospheric,space3_time1,3,1,598,70,2551.4065200312925
era5_avg_sdlwrf,0.005271736994396938,7,era5_avg_sdlwrf,Atmospheric,space3_time1,3,1,598,70,2551.4065200312925
era5_avg_snlwrf,0.0025969832151228425,7,era5_avg_snlwrf,Atmospheric,space3_time1,3,1,598,70,2551.4065200312925
era5_avg_snlwrfcs,0.0051280274194373775,7,era5_avg_snlwrfcs,Atmospheric,space3_time1,3,1,598,70,2551.4065200312925
era5_cl,0.0025393286027577764,7,era5_cl,Atmospheric,space3_time1,3,1,598,70,2551.4065200312925
era5_cvh,0.002428763044562801,7,era5_cvh,Atmospheric,space3_time1,3,1,598,70,2551.4065200312925
era5_cvl,0.0034000672407358524,7,era5_cvl,Atmospheric,space3_time1,3,1,598,70,2551.4065200312925
era5_deg0l,0.0032008209844761972,7,era5_deg0l,Atmospheric,space3_time1,3,1,598,70,2551.4065200312925
era5_fal,0.004431560729138303,7,era5_fal,Atmospheric,space3_time1,3,1,598,70,2551.4065200312925
era5_hcc,0.0025899163054104667,7,era5_hcc,Atmospheric,space3_time1,3,1,598,70,2551.4065200312925
era5_lai_hv,0.002490205996588529,7,era5_lai_hv,Atmospheric,space3_time1,3,1,598,70,2551.4065200312925
era5_lai_lv,0.004249697535893496,7,era5_lai_lv,Atmospheric,space3_time1,3,1,598,70,2551.4065200312925
era5_lcc,0.0048472582936742595,7,era5_lcc,Atmospheric,space3_time1,3,1,598,70,2551.4065200312925
era5_lict,0.004252154672255166,7,era5_lict,Atmospheric,space3_time1,3,1,598,70,2551.4065200312925
era5_lmlt,0.004465041118379621,7,era5_lmlt,Atmospheric,space3_time1,3,1,598,70,2551.4065200312925
era5_lsm,0.005367335657950384,7,era5_lsm,Atmospheric,space3_time1,3,1,598,70,2551.4065200312925
era5_mcc,0.0032195294902876252,7,era5_mcc,Atmospheric,space3_time1,3,1,598,70,2551.4065200312925
era5_msl,0.003985680667582197,7,era5_msl,Atmospheric,space3_time1,3,1,598,70,2551.4065200312925
era5_skt,0.004511230896352998,7,era5_skt,Atmospheric,space3_time1,3,1,598,70,2551.4065200312925
era5_slt_0.0,0.0029163091245834713,1,era5_slt_0.0,Atmospheric,space3_time1,3,1,598,70,2551.4065200312925
era5_slt_1.0,0.00044909810508294906,1,era5_slt_1.0,Atmospheric,space3_time1,3,1,598,70,2551.4065200312925
era5_slt_2.0,0.001001337810505696,1,era5_slt_2.0,Atmospheric,space3_time1,3,1,598,70,2551.4065200312925
era5_slt_3.0,0.0007942379099774492,1,era5_slt_3.0,Atmospheric,space3_time1,3,1,598,70,2551.4065200312925
era5_slt_4.0,0.0017560918950852598,1,era5_slt_4.0,Atmospheric,space3_time1,3,1,598,70,2551.4065200312925
era5_slt_5.0,0.00037994968408379355,1,era5_slt_5.0,Atmospheric,space3_time1,3,1,598,70,2551.4065200312925
era5_slt_6.0,0.00014935306183059497,1,era5_slt_6.0,Atmospheric,space3_time1,3,1,598,70,2551.4065200312925
era5_slt_7.0,0.0016744854123988554,1,era5_slt_7.0,Atmospheric,space3_time1,3,1,598,70,2551.4065200312925
era5_sp,0.004735734121575009,7,era5_sp,Atmospheric,space3_time1,3,1,598,70,2551.4065200312925
era5_stl1,0.008697213565366992,7,era5_stl1,Atmospheric,space3_time1,3,1,598,70,2551.4065200312925
era5_swvl1,0.004552706474334068,7,era5_swvl1,Atmospheric,space3_time1,3,1,598,70,2551.4065200312925
era5_t2m,0.004617958987566792,7,era5_t2m,Atmospheric,space3_time1,3,1,598,70,2551.4065200312925
era5_tco3,0.006324083682776952,7,era5_tco3,Atmospheric,space3_time1,3,1,598,70,2551.4065200312925
era5_tcw,0.0029303632967669297,7,era5_tcw,Atmospheric,space3_time1,3,1,598,70,2551.4065200312925
era5_tcwv,0.002976192369692927,7,era5_tcwv,Atmospheric,space3_time1,3,1,598,70,2551.4065200312925
era5_tsn,0.004124030263263035,7,era5_tsn,Atmospheric,space3_time1,3,1,598,70,2551.4065200312925
era5_tvh_0.0,0.00020887373052724345,1,era5_tvh_0.0,Atmospheric,space3_time1,3,1,598,70,2551.4065200312925
era5_tvh_18.0,0.0009240537051200569,1,era5_tvh_18.0,Atmospheric,space3_time1,3,1,598,70,2551.4065200312925
era5_tvh_19.0,0.0013844423609101408,1,era5_tvh_19.0,Atmospheric,space3_time1,3,1,598,70,2551.4065200312925
era5_tvh_3.0,0.0004187374794201995,1,era5_tvh_3.0,Atmospheric,space3_time1,3,1,598,70,2551.4065200312925
era5_tvh_4.0,0.00013569918727258026,1,era5_tvh_4.0,Atmospheric,space3_time1,3,1,598,70,2551.4065200312925
era5_tvh_5.0,0.0011663561074021385,1,era5_tvh_5.0,Atmospheric,space3_time1,3,1,598,70,2551.4065200312925
era5_tvh_6.0,0.003742866924315899,1,era5_tvh_6.0,Atmospheric,space3_time1,3,1,598,70,2551.4065200312925
era5_tvl_0.0,0.002617761381010749,1,era5_tvl_0.0,Atmospheric,space3_time1,3,1,598,70,2551.4065200312925
era5_tvl_1.0,0.002224961141620481,1,era5_tvl_1.0,Atmospheric,space3_time1,3,1,598,70,2551.4065200312925
era5_tvl_10.0,0.0004596336962545777,1,era5_tvl_10.0,Atmospheric,space3_time1,3,1,598,70,2551.4065200312925
era5_tvl_11.0,0.0035129861948704324,1,era5_tvl_11.0,Atmospheric,space3_time1,3,1,598,70,2551.4065200312925
era5_tvl_13.0,0.0006680694931297712,1,era5_tvl_13.0,Atmospheric,space3_time1,3,1,598,70,2551.4065200312925
era5_tvl_16.0,0.00030301206776895176,1,era5_tvl_16.0,Atmospheric,space3_time1,3,1,598,70,2551.4065200312925
era5_tvl_17.0,0.00016317005079559844,1,era5_tvl_17.0,Atmospheric,space3_time1,3,1,598,70,2551.4065200312925
era5_tvl_2.0,0.0031371575772736267,1,era5_tvl_2.0,Atmospheric,space3_time1,3,1,598,70,2551.4065200312925
era5_tvl_7.0,0.004122588039323968,1,era5_tvl_7.0,Atmospheric,space3_time1,3,1,598,70,2551.4065200312925
era5_tvl_9.0,0.0005196279141280768,1,era5_tvl_9.0,Atmospheric,space3_time1,3,1,598,70,2551.4065200312925
hour,0.006346079017481494,7,hour,Time,space3_time1,3,1,598,70,2551.4065200312925
latitude,0.009656455182548184,7,latitude,Space,space3_time1,3,1,598,70,2551.4065200312925
local_time,0.0032077708815579373,4,local_time,Time,space3_time1,3,1,598,70,2551.4065200312925
longitude,0.005694719302104247,4,longitude,Space,space3_time1,3,1,598,70,2551.4065200312925
era5_asn,0.001272433127963417,7,era5_asn,Atmospheric,space3_time3,3,3,622,17,3625.117049988535
era5_avg_sdlwrf,0.00397976769183869,7,era5_avg_sdlwrf,Atmospheric,space3_time3,3,3,622,17,3625.117049988535
era5_avg_snlwrf,0.0016880555634391724,7,era5_avg_snlwrf,Atmospheric,space3_time3,3,3,622,17,3625.117049988535
era5_avg_snlwrfcs,0.003261251616083174,7,era5_avg_snlwrfcs,Atmospheric,space3_time3,3,3,622,17,3625.117049988535
era5_cl,0.0020840395447983815,7,era5_cl,Atmospheric,space3_time3,3,3,622,17,3625.117049988535
era5_cvh,0.001363313402527984,7,era5_cvh,Atmospheric,space3_time3,3,3,622,17,3625.117049988535
era5_cvl,0.002859698472658699,7,era5_cvl,Atmospheric,space3_time3,3,3,622,17,3625.117049988535
era5_deg0l,0.002295850622048231,7,era5_deg0l,Atmospheric,space3_time3,3,3,622,17,3625.117049988535
era5_fal,0.004448627599964201,7,era5_fal,Atmospheric,space3_time3,3,3,622,17,3625.117049988535
era5_hcc,0.0027013654456470404,7,era5_hcc,Atmospheric,space3_time3,3,3,622,17,3625.117049988535
era5_lai_hv,0.0025480857520907923,7,era5_lai_hv,Atmospheric,space3_time3,3,3,622,17,3625.117049988535
era5_lai_lv,0.004412612639989693,7,era5_lai_lv,Atmospheric,space3_time3,3,3,622,17,3625.117049988535
era5_lcc,0.004253952440105142,7,era5_lcc,Atmospheric,space3_time3,3,3,622,17,3625.117049988535
era5_lict,0.0035618999536787843,7,era5_lict,Atmospheric,space3_time3,3,3,622,17,3625.117049988535
era5_lmlt,0.005094384744170773,7,era5_lmlt,Atmospheric,space3_time3,3,3,622,17,3625.117049988535
era5_lsm,0.004922726274965471,7,era5_lsm,Atmospheric,space3_time3,3,3,622,17,3625.117049988535
era5_mcc,0.0018282296919344076,7,era5_mcc,Atmospheric,space3_time3,3,3,622,17,3625.117049988535
era5_msl,0.0045839094062022695,7,era5_msl,Atmospheric,space3_time3,3,3,622,17,3625.117049988535
era5_skt,0.003917023900043188,7,era5_skt,Atmospheric,space3_time3,3,3,622,17,3625.117049988535
era5_slt_0.0,0.0027295451670450895,1,era5_slt_0.0,Atmospheric,space3_time3,3,3,622,17,3625.117049988535
era5_slt_1.0,0.0011231230000764711,1,era5_slt_1.0,Atmospheric,space3_time3,3,3,622,17,3625.117049988535
era5_slt_2.0,0.0010581693521457014,1,era5_slt_2.0,Atmospheric,space3_time3,3,3,622,17,3625.117049988535
era5_slt_3.0,0.0008211485151704747,1,era5_slt_3.0,Atmospheric,space3_time3,3,3,622,17,3625.117049988535
era5_slt_4.0,0.0015621374822501301,1,era5_slt_4.0,Atmospheric,space3_time3,3,3,622,17,3625.117049988535
era5_slt_5.0,0.00043069687361068607,1,era5_slt_5.0,Atmospheric,space3_time3,3,3,622,17,3625.117049988535
era5_slt_6.0,2.506981805407084e-05,1,era5_slt_6.0,Atmospheric,space3_time3,3,3,622,17,3625.117049988535
era5_slt_7.0,0.0011121675535965914,1,era5_slt_7.0,Atmospheric,space3_time3,3,3,622,17,3625.117049988535
era5_sp,0.004010425666274121,7,era5_sp,Atmospheric,space3_time3,3,3,622,17,3625.117049988535
era5_stl1,0.006831278114915633,7,era5_stl1,Atmospheric,space3_time3,3,3,622,17,3625.117049988535
era5_swvl1,0.004179343814041853,7,era5_swvl1,Atmospheric,space3_time3,3,3,622,17,3625.117049988535
era5_t2m,0.004076841219026882,7,era5_t2m,Atmospheric,space3_time3,3,3,622,17,3625.117049988535
era5_tco3,0.002035604279646098,7,era5_tco3,Atmospheric,space3_time3,3,3,622,17,3625.117049988535
era5_tcw,0.0028118463709618374,7,era5_tcw,Atmospheric,space3_time3,3,3,622,17,3625.117049988535
era5_tcwv,0.0028436208596900963,7,era5_tcwv,Atmospheric,space3_time3,3,3,622,17,3625.117049988535
era5_tsn,0.0034341430425131607,7,era5_tsn,Atmospheric,space3_time3,3,3,622,17,3625.117049988535
era5_tvh_0.0,0.00014984825728154975,1,era5_tvh_0.0,Atmospheric,space3_time3,3,3,622,17,3625.117049988535
era5_tvh_18.0,0.0009435426780104232,1,era5_tvh_18.0,Atmospheric,space3_time3,3,3,622,17,3625.117049988535
era5_tvh_19.0,0.0005161840857832338,1,era5_tvh_19.0,Atmospheric,space3_time3,3,3,622,17,3625.117049988535
era5_tvh_3.0,0.000508955722303246,1,era5_tvh_3.0,Atmospheric,space3_time3,3,3,622,17,3625.117049988535
era5_tvh_4.0,0.0003951071403265575,1,era5_tvh_4.0,Atmospheric,space3_time3,3,3,622,17,3625.117049988535
era5_tvh_5.0,0.0009844770151470317,1,era5_tvh_5.0,Atmospheric,space3_time3,3,3,622,17,3625.117049988535
era5_tvh_6.0,0.0011371158612926136,1,era5_tvh_6.0,Atmospheric,space3_time3,3,3,622,17,3625.117049988535
era5_tvl_0.0,0.0025500741330156534,1,era5_tvl_0.0,Atmospheric,space3_time3,3,3,622,17,3625.117049988535
era5_tvl_1.0,0.002180306445501612,1,era5_tvl_1.0,Atmospheric,space3_time3,3,3,622,17,3625.117049988535
era5_tvl_10.0,0.00030366948135255066,1,era5_tvl_10.0,Atmospheric,space3_time3,3,3,622,17,3625.117049988535
era5_tvl_11.0,0.002709400691120114,1,era5_tvl_11.0,Atmospheric,space3_time3,3,3,622,17,3625.117049988535
era5_tvl_13.0,0.00029123629778785964,1,era5_tvl_13.0,Atmospheric,space3_time3,3,3,622,17,3625.117049988535
era5_tvl_16.0,6.019095072375201e-05,1,era5_tvl_16.0,Atmospheric,space3_time3,3,3,622,17,3625.117049988535
era5_tvl_17.0,0.0013423794451150005,1,era5_tvl_17.0,Atmospheric,space3_time3,3,3,622,17,3625.117049988535
era5_tvl_2.0,0.0019026549160273234,1,era5_tvl_2.0,Atmospheric,space3_time3,3,3,622,17,3625.117049988535
era5_tvl_7.0,0.002296786618196978,1,era5_tvl_7.0,Atmospheric,space3_time3,3,3,622,17,3625.117049988535
era5_tvl_9.0,1.0746090478551905e-05,1,era5_tvl_9.0,Atmospheric,space3_time3,3,3,622,17,3625.117049988535
hour,0.004769733977613028,7,hour,Time,space3_time3,3,3,622,17,3625.117049988535
latitude,0.008801051209212828,7,latitude,Space,space3_time3,3,3,622,17,3625.117049988535
local_time,0.0034473903752247543,4,local_time,Time,space3_time3,3,3,622,17,3625.117049988535
longitude,0.004611183939666051,4,longitude,Space,space3_time3,3,3,622,17,3625.117049988535
