fold_id,space_fold,time_fold,n_train,n_test,rmse,mae,r2,gam_mean_rmse,gam_mean_mae,gam_mean_r2,baseline_rmse,baseline_mae,baseline_r2,ridge_alpha,n_basis_columns,variogram_model,variogram_nlags,kriging_backend,kriging_n_closest_points,kriging_status,kriging_n_train,variogram_residuals,variogram_source,variogram_psill,variogram_range,variogram_nugget,variogram_structured_sill_ratio,kriging_time_std_hours,mean_kriging_log_variance,gam_variance_method,mean_gam_log_variance
space0_time0,0,0,412,111,18.53463822457746,13.06964377275881,0.25485681889081024,20.770206489253592,16.004647389875952,0.06426444243490148,28.036898329731756,21.561935140802554,-0.7050276963262523,2551.4065200312925,234,spherical,6,loop,64,fit,412,in-sample,auto,0.12269496978073818,23349.616550814542,0.01677206060222264,0.8797417528991014,2611.9929915581533,0.06234832503463187,ridge_linear_predictor_variance,0.03154600622553402
space0_time1,0,1,428,88,22.34228571699513,18.176319741726864,-0.5379235391285144,18.411857919617336,14.506764276412872,-0.04441901777265245,21.01491774622759,16.973160288259137,-0.3606139849046377,3625.117049988535,235,spherical,6,loop,64,fit,428,in-sample,auto,0.10629401494722722,22058.945119238935,0.029304270618780163,0.7838890772367823,2815.8285259807803,0.05925012341525501,ridge_linear_predictor_variance,0.012760741024394612
space0_time2,0,2,476,70,26.591561566222516,21.07174516032781,0.2319302507004608,31.838007179646752,24.136900690274352,-0.10104414037918885,33.384382994362326,25.403599597884504,-0.21059725676890673,2551.4065200312925,235,spherical,6,loop,64,fit,476,in-sample,auto,0.054858574908787906,11969.287008630055,0.01025769330782041,0.8424711122311502,2420.5775329995745,0.052944078828486764,ridge_linear_predictor_variance,0.009824394732270408
space0_time3,0,3,565,148,24.359106854599467,20.526431717967615,-1.6086575809166557,15.813065902091866,12.647225999990253,-0.09932604421752833,15.218154234746713,12.190170080684112,-0.018165361096864396,5150.678076168132,235,spherical,6,loop,64,fit,565,in-sample,auto,0.15651332018536712,21726.877409378518,0.0007708582570413986,0.9950989459672598,1611.8702091550074,0.1443521270727499,ridge_linear_predictor_variance,0.005622384463468764
space1_time0,1,0,475,58,20.5843387580089,17.097851393026282,-1.2759546642622106,22.107774580420365,18.556328008591166,-1.6253053363866794,21.84742480927117,17.884569556518617,-1.5638361845538395,1795.714494371641,234,spherical,6,loop,64,fit,475,in-sample,auto,0.03904184631877497,6375.849948385261,0.00886247326531888,0.8149963647900016,3171.631780003295,0.034099237699408605,ridge_linear_predictor_variance,0.0075292168167151105
space1_time1,1,1,564,108,25.725422000299545,20.594625901565063,-0.6223139412042911,22.012467383464077,16.910802284000805,-0.1878109809278743,22.775491647814004,17.971081744936516,-0.27158502985282706,2551.4065200312925,234,spherical,6,loop,64,fit,564,in-sample,auto,0.06327688973949408,5715.647716331931,0.0012280805261750444,0.9809614589214275,3374.3482195261627,0.03901165668472814,ridge_linear_predictor_variance,0.005731643766771215
space1_time2,1,2,625,103,27.57123261188496,22.10214180434516,-0.054464676394125666,30.090130762884307,24.57082368699594,-0.255936902798255,33.323134849618796,28.60791443286317,-0.5403214823808589,1795.714494371641,234,spherical,6,loop,64,fit,625,in-sample,auto,0.0327873416547581,7187.082417482023,0.009508505711735499,0.7751905611597215,3303.0295932407266,0.03568562356877372,ridge_linear_predictor_variance,0.008606516281126627
space1_time3,1,3,565,32,32.374691909023326,23.08082407362462,-0.02724550513759927,33.92389945205145,27.56616160943222,-0.12791012670874125,42.12718449867967,38.04776424134795,-0.7393534010490996,2551.4065200312925,234,spherical,6,loop,64,fit,565,in-sample,auto,0.06432577595635965,7823.143258169915,1.5767916205246153e-20,1.0,1321.5841931278587,0.06947220723269389,ridge_linear_predictor_variance,0.010743778812145267
space2_time0,2,0,638,17,56.9543960778763,41.34813088813229,-0.07388506068062317,58.283023069527495,42.36597752789587,-0.12457244645274246,55.57968060631716,44.22486337876752,-0.022669707625109226,1263.8482029342997,234,spherical,6,loop,64,fit,638,in-sample,auto,0.005762381325513779,3784.569285191519,0.020603304428818695,0.2185560951915271,3072.2906671801834,0.02745030697552871,ridge_linear_predictor_variance,0.0048468373906444895
space2_time1,2,1,681,21,29.739492724667713,21.071163284931053,0.30459737573499124,30.076409521294114,21.110891574140023,0.2887517814022389,37.48724938502644,30.105769671738386,-0.10493406564221952,440.6236427773573,235,spherical,6,loop,64,fit,681,in-sample,auto,0.010883492897878478,3635.848492151579,0.011153014131932289,0.49388466525821884,3273.6712640784253,0.02319588585870626,ridge_linear_predictor_variance,0.007692069799055011
space2_time2,2,2,772,46,50.07037009285117,42.33724376562602,-0.5060379806208493,51.11842231821944,43.703717688825336,-0.5697453480264423,56.116967699977224,50.18219674968949,-0.8917455147476971,626.0516572014828,234,spherical,6,loop,64,fit,772,in-sample,auto,0.004738696237144485,9803.897863229098,0.01514794981015098,0.23828534112160837,3188.1398290411676,0.019903657459823792,ridge_linear_predictor_variance,0.006794778228490956
space2_time3,2,3,750,13,19.43244287173322,13.523178128000305,-0.004072672772387431,19.51441223877528,14.839073711066048,-0.012561238670632635,32.3971128935225,30.52336372341784,-1.7907630652324933,440.6236427773573,235,spherical,6,loop,64,fit,750,in-sample,auto,0.004902082025863354,4112.334158862149,0.01612547520746491,0.23312655728234807,1232.816104776918,0.022048688330254734,ridge_linear_predictor_variance,0.006594747320309128
space3_time0,3,0,629,140,22.50815663163907,16.36992169849727,-0.10087165425570443,20.427378209905726,15.193248308489963,0.093261425686055,25.57385129272097,20.83662351105494,-0.421180052212595,2551.4065200312925,235,spherical,6,loop,64,fit,629,in-sample,auto,0.039097356925027464,7515.187506124839,0.012024136112721297,0.7647929393642217,2984.237566870395,0.04121205960305984,ridge_linear_predictor_variance,0.004092968612934957
space3_time1,3,1,598,70,28.530944112751403,17.29796834234818,-0.037307858881737266,27.982044239471524,17.280865803789887,0.002221228300352429,31.696851595527175,22.527020063575296,-0.28028788256028014,2551.4065200312925,236,spherical,6,loop,64,fit,598,in-sample,auto,0.06314112970056646,7009.972112368757,0.00660958431943727,0.9052399045328523,3188.143658313286,0.05379786447041013,ridge_linear_predictor_variance,0.006621298937007863
space3_time3,3,3,622,17,16.364341113858362,13.474718468532402,-0.5590851901546205,14.115112257728216,11.962305866402776,-0.15995588210342815,18.094874446202574,15.483788336757069,-0.9062679524717585,3625.117049988535,236,spherical,6,loop,64,fit,622,in-sample,auto,0.06753724220612396,7698.801765296613,8.908351249016697e-27,1.0,1580.0307826956002,0.07625955885528513,ridge_linear_predictor_variance,0.003341739653442013
