,clara_radiance_hourly_mean,era5_lcc,era5_mcc,era5_hcc,era5_cloud_layer_sum,era5_t2m_c,era5_tcwv,era5_sp,era5_msl
clara_radiance_hourly_mean,1.0,0.038572219126777864,-0.10840709008960434,-0.15708732533378508,-0.09729354989584824,-0.08215169867048287,-0.08154903280244505,0.18821587301370918,0.22473641587261017
era5_lcc,0.038572219126777864,1.0,0.23809955944597283,-0.016759662384206037,0.5866390391354851,-0.3743967631708724,-0.25339637022442196,0.17696699921544695,-0.0003885140751781744
era5_mcc,-0.10840709008960434,0.23809955944597283,1.0,0.3654355946624048,0.6811316266415941,-0.10591116435484396,0.03720436513997944,-0.17337921877832732,-0.33144207104280593
era5_hcc,-0.15708732533378508,-0.016759662384206037,0.3654355946624048,1.0,0.6610542109960628,0.18110516480724886,0.3022007800325969,-0.058038239768570726,-0.18455699276410087
era5_cloud_layer_sum,-0.09729354989584824,0.5866390391354851,0.6811316266415941,0.6610542109960628,1.0,-0.19655929558939633,-0.010971012838700257,-0.04095589150050385,-0.20226518064535642
era5_t2m_c,-0.08215169867048287,-0.3743967631708724,-0.10591116435484396,0.18110516480724886,-0.19655929558939633,1.0,0.9253226543122555,0.2876053884372117,-0.17066288395362775
era5_tcwv,-0.08154903280244505,-0.25339637022442196,0.03720436513997944,0.3022007800325969,-0.010971012838700257,0.9253226543122555,1.0,0.3011399810399991,-0.14194075214068994
era5_sp,0.18821587301370918,0.17696699921544695,-0.17337921877832732,-0.058038239768570726,-0.04095589150050385,0.2876053884372117,0.3011399810399991,1.0,0.361138797759991
era5_msl,0.22473641587261017,-0.0003885140751781744,-0.33144207104280593,-0.18455699276410087,-0.20226518064535642,-0.17066288395362775,-0.14194075214068994,0.361138797759991,1.0
